Rk,Player,Nation,Pos,Squad,Comp,Age,Born,MP,Starts,Min,90s,Gls,Ast,G+A,G-PK,PK,PKatt,CrdY,CrdR,G+A-PK,Sh,SoT,SoT%,Sh/90,SoT/90,G/Sh,G/SoT,PK_stats_shooting,PKatt_stats_shooting,Crs,TklW,Int,Fld,CrdY_stats_misc,CrdR_stats_misc,2CrdY,Fls,OG,GA,GA90,SoTA,Saves,Save%,W,D,L,CS,CS%,PKatt_stats_keeper,PKA,PKsv,PKm
1,Brenden Aaronson,us USA,MF,Leeds United,eng Premier League,25.0,2000,3,2,155,1.7,0,0,0,0,0,0,0,0,0.00,1,1,100.0,0.58,0.58,0.00,0.00,0,0,0,2,0,5,0,0,0,0,0,,,,,,,,,,,,,,
2,Haitam Abaida,ma MAR,FW,Málaga,es La Liga,24.0,2002,2,0,35,0.4,0,0,0,0,0,0,0,0,0.00,3,0,0.0,7.71,0.00,0.00,,0,0,6,0,0,2,0,0,0,1,0,,,,,,,,,,,,,,
3,James Abankwah,ie IRL,DF,Udinese,it Serie A,22.0,2004,3,3,255,2.8,0,0,0,0,0,0,1,0,0.00,0,0,,0.00,0.00,,,0,0,1,5,1,2,1,0,0,5,0,,,,,,,,,,,,,,
4,Keyliane Abdallah,fr FRA,FW,Marseille,fr Ligue 1,20.0,2006,4,0,97,1.1,1,0,1,1,0,0,0,0,0.93,5,2,40.0,4.64,1.86,0.20,0.50,0,0,10,0,0,2,0,0,0,2,0,,,,,,,,,,,,,,
5,Hamza Abdelkarim,eg EGY,FW,Barcelona,es La Liga,18.0,2008,1,0,5,0.1,0,0,0,0,0,0,0,0,0.00,0,0,,0.00,0.00,,,0,0,0,0,0,1,0,0,0,0,0,,,,,,,,,,,,,,
6,Jones El-Abdellaoui,ma MAR,"MF,FW",Celta Vigo,es La Liga,20.0,2006,3,2,151,1.7,0,0,0,0,0,0,0,0,0.00,3,1,33.3,1.79,0.60,0.00,0.00,0,0,6,0,0,1,0,0,0,4,0,,,,,,,,,,,,,,
7,Himad Abdelli,dz ALG,MF,Marseille,fr Ligue 1,26.0,1999,4,4,293,3.3,0,0,0,0,0,0,1,0,0.00,1,0,0.0,0.31,0.00,0.00,,0,0,1,4,0,2,1,0,0,4,0,,,,,,,,,,,,,,
8,Mohamed Abdelmonem,eg EGY,DF,Nice,fr Ligue 1,27.0,1999,4,3,250,2.8,0,0,0,0,0,0,0,0,0.00,3,0,0.0,1.08,0.00,0.00,,0,0,2,5,3,2,0,0,0,1,0,,,,,,,,,,,,,,
9,Ali Abdi,tn TUN,"DF,MF",Nice,fr Ligue 1,32.0,1993,2,0,37,0.4,0,0,0,0,0,0,0,0,0.00,0,0,,0.00,0.00,,,0,0,1,1,0,0,0,0,0,1,0,,,,,,,,,,,,,,
10,Saud Abdulhamid,sa KSA,MF,Lens,fr Ligue 1,27.0,1999,1,1,61,0.7,1,0,1,1,0,0,0,0,1.48,1,1,100.0,1.48,1.48,1.00,1.00,0,0,0,1,2,1,0,0,0,1,0,,,,,,,,,,,,,,
11,Matthis Abline,fr FRA,"FW,MF",Monaco,fr Ligue 1,23.0,2003,3,0,97,1.1,0,0,0,0,0,0,0,0,0.00,0,0,,0.00,0.00,,,0,0,2,0,2,0,0,0,0,0,0,,,,,,,,,,,,,,
12,Abner,br BRA,DF,Lyon,fr Ligue 1,26.0,2000,3,2,191,2.1,0,0,0,0,0,0,0,0,0.00,0,0,,0.00,0.00,,,0,0,5,0,0,3,0,0,0,2,0,,,,,,,,,,,,,,
13,Zakaria Aboukhlal,ma MAR,"FW,MF",Torino,it Serie A,26.0,2000,2,0,28,0.3,0,0,0,0,0,0,0,0,0.00,2,0,0.0,6.43,0.00,0.00,,0,0,0,0,0,0,0,0,0,2,0,,,,,,,,,,,,,,
14,Abdel Abqar,ma MAR,DF,Getafe,es La Liga,27.0,1999,2,1,91,1.0,0,0,0,0,0,0,0,0,0.00,0,0,,0.00,0.00,,,0,0,0,1,1,1,0,0,0,1,0,,,,,,,,,,,,,,
15,Tammy Abraham,eng ENG,FW,Aston Villa,eng Premier League,28.0,1997,3,0,71,0.8,0,0,0,0,0,0,0,0,0.00,0,0,,0.00,0.00,,,0,0,0,0,0,0,0,0,0,0,0,,,,,,,,,,,,,,
16,Ragnar Ache,de GER,FW,Köln,de Bundesliga,28.0,1998,3,2,165,1.8,0,0,0,0,0,0,0,0,0.00,5,0,0.0,2.73,0.00,0.00,,0,0,0,0,0,5,0,0,0,0,0,,,,,,,,,,,,,,
17,Joshua Acheampong,eng ENG,DF,Chelsea,eng Premier League,20.0,2006,3,2,203,2.3,0,0,0,0,0,0,0,0,0.00,0,0,,0.00,0.00,,,0,0,1,4,1,1,0,0,0,1,0,,,,,,,,,,,,,,
18,Akor Adams,ng NGA,FW,Venezia,it Serie A,26.0,2000,4,4,339,3.8,1,0,1,1,0,0,0,0,0.27,12,4,33.3,3.19,1.06,0.08,0.25,0,0,2,0,1,3,0,0,0,3,0,,,,,,,,,,,,,,
19,Ché Adams,sct SCO,FW,Torino,it Serie A,30.0,1996,3,2,193,2.1,2,0,2,2,0,0,0,0,0.93,3,3,100.0,1.40,1.40,0.67,0.67,0,0,0,0,0,2,0,0,0,3,0,,,,,,,,,,,,,,
20,Tyler Adams,us USA,MF,Bournemouth,eng Premier League,27.0,1999,4,2,194,2.2,0,0,0,0,0,0,0,0,0.00,1,1,100.0,0.46,0.46,0.00,0.00,0,0,1,1,5,3,0,0,0,3,0,,,,,,,,,,,,,,
21,Junior Adamu,at AUT,"MF,FW",Schalke 04,de Bundesliga,25.0,2001,2,2,140,1.6,0,1,1,0,0,0,0,0,0.64,5,2,40.0,3.21,1.29,0.00,0.00,0,0,0,0,0,1,0,0,0,3,0,,,,,,,,,,,,,,
22,Tosin Adarabioyo,eng ENG,DF,Tottenham,eng Premier League,28.0,1997,1,0,6,0.1,0,0,0,0,0,0,0,0,0.00,0,0,,0.00,0.00,,,0,0,0,1,0,0,0,0,0,0,0,,,,,,,,,,,,,,
23,Martin Adeline,fr FRA,MF,Hamburger SV,de Bundesliga,22.0,2003,2,2,111,1.2,0,0,0,0,0,0,0,0,0.00,0,0,,0.00,0.00,,,0,0,2,1,0,0,0,0,0,2,0,,,,,,,,,,,,,,
24,Karim Adeyemi,de GER,MF,Barcelona,es La Liga,24.0,2002,5,1,142,1.6,2,1,3,2,0,0,0,0,1.90,7,5,71.4,4.44,3.17,0.29,0.40,0,0,2,0,0,4,0,0,0,1,0,,,,,,,,,,,,,,
25,Nathaniel Adjei,gh GHA,DF,Lorient,fr Ligue 1,24.0,2002,4,4,360,4.0,0,0,0,0,0,0,1,0,0.00,0,0,,0.00,0.00,,,0,0,0,5,11,5,1,0,0,1,0,,,,,,,,,,,,,,
26,Vasilije Adžić,me MNE,MF,Sassuolo,it Serie A,20.0,2006,4,3,201,2.2,2,1,3,2,0,0,0,0,1.34,9,4,44.4,4.03,1.79,0.22,0.50,0,0,6,2,1,1,0,0,0,3,0,,,,,,,,,,,,,,
27,Michel Aebischer,ch SUI,MF,Union Berlin,de Bundesliga,29.0,1997,3,3,206,2.3,0,0,0,0,0,0,1,0,0.00,5,0,0.0,2.18,0.00,0.00,,0,0,6,2,0,1,1,0,0,4,0,,,,,,,,,,,,,,
28,David Affengruber,at AUT,DF,Elche,es La Liga,25.0,2001,3,3,270,3.0,0,0,0,0,0,0,0,0,0.00,5,0,0.0,1.67,0.00,0.00,,0,0,1,3,5,4,0,0,0,1,0,,,,,,,,,,,,,,
29,David Affengruber,at AUT,DF,Fulham,eng Premier League,25.0,2001,1,1,90,1.0,0,0,0,0,0,0,0,0,0.00,0,0,,0.00,0.00,,,0,0,0,0,2,0,0,0,0,1,0,,,,,,,,,,,,,,
30,Julen Agirrezabala,es ESP,GK,Racing Sant,es La Liga,25.0,2000,5,5,450,5.0,0,0,0,0,0,0,0,0,0.00,0,0,,0.00,0.00,,,0,0,0,0,0,2,0,0,0,0,0,9,1.80,32,23,71.9,2,1,2,0,0.0,0,0,0,0
31,Lucien Agoume,fr FRA,MF,Sevilla,es La Liga,24.0,2002,5,5,450,5.0,0,0,0,0,0,0,1,0,0.00,4,0,0.0,0.80,0.00,0.00,,0,0,4,11,12,5,1,0,0,10,0,,,,,,,,,,,,,,
32,Marc Aguado,es ESP,MF,Elche,es La Liga,26.0,2000,3,3,198,2.2,1,0,1,1,0,0,0,0,0.45,1,1,100.0,0.45,0.45,1.00,1.00,0,0,0,1,0,3,0,0,0,2,0,,,,,,,,,,,,,,
33,Nayef Aguerd,ma MAR,DF,Marseille,fr Ligue 1,30.0,1996,4,2,208,2.3,0,0,0,0,0,0,1,0,0.00,0,0,,0.00,0.00,,,0,0,0,1,1,0,1,0,0,2,0,,,,,,,,,,,,,,
34,Ruben Aguilar,fr FRA,MF,Lens,fr Ligue 1,33.0,1993,3,2,188,2.1,0,1,1,0,0,0,1,0,0.48,1,0,0.0,0.48,0.00,0.00,,0,0,7,2,6,1,1,0,0,7,0,,,,,,,,,,,,,,
35,Naouirou Ahamada,fr FRA,MF,Auxerre,fr Ligue 1,24.0,2002,4,3,241,2.7,0,0,0,0,0,0,0,0,0.00,1,1,100.0,0.37,0.37,0.00,0.00,0,0,5,1,0,2,0,0,0,0,0,,,,,,,,,,,,,,
36,Honest Ahanor,it ITA,DF,Crystal Palace,eng Premier League,18.0,2008,1,1,90,1.0,0,0,0,0,0,0,0,0,0.00,0,0,,0.00,0.00,,,0,0,1,2,1,5,0,0,0,2,0,,,,,,,,,,,,,,
37,Amar Ahmed,se SWE,FW,Lecce,it Serie A,22.0,2004,3,0,81,0.9,0,0,0,0,0,0,0,0,0.00,2,0,0.0,2.22,0.00,0.00,,0,0,1,1,1,1,0,0,0,1,0,,,,,,,,,,,,,,
38,Ola Aina,ng NGA,"MF,DF",Nottingham,eng Premier League,29.0,1996,4,4,306,3.4,0,0,0,0,0,0,2,0,0.00,2,1,50.0,0.59,0.29,0.00,0.00,0,0,8,4,3,4,2,0,0,5,0,,,,,,,,,,,,,,
39,Abdelhamid Ait Boudlal,ma MAR,DF,Rennes,fr Ligue 1,20.0,2006,2,2,180,2.0,0,0,0,0,0,0,1,0,0.00,0,0,,0.00,0.00,,,0,0,0,4,7,0,1,0,0,2,0,,,,,,,,,,,,,,
40,Tosin Aiyegun,bj BEN,"FW,MF",Lorient,fr Ligue 1,28.0,1998,2,0,46,0.5,0,0,0,0,0,0,0,0,0.00,1,0,0.0,1.96,0.00,0.00,,0,0,0,0,0,0,0,0,0,0,0,,,,,,,,,,,,,,
41,Semi Ajayi,ng NGA,DF,Hull City,eng Premier League,32.0,1993,4,4,333,3.7,1,0,1,1,0,0,1,0,0.27,2,1,50.0,0.54,0.27,0.50,1.00,0,0,2,2,4,1,1,0,0,1,0,,,,,,,,,,,,,,
42,Kristoffer Ajer,no NOR,DF,Brentford,eng Premier League,28.0,1998,4,4,360,4.0,0,0,0,0,0,0,1,0,0.00,2,1,50.0,0.50,0.25,0.00,0.00,0,0,0,1,4,3,1,0,0,4,0,,,,,,,,,,,,,,
43,Ludovic Ajorque,fr FRA,FW,Brest,fr Ligue 1,32.0,1994,4,4,360,4.0,1,0,1,1,0,0,1,0,0.25,16,5,31.3,4.00,1.25,0.06,0.20,0,0,2,1,0,7,1,0,0,11,0,,,,,,,,,,,,,,
44,Manuel Akanji,ch SUI,DF,Inter,it Serie A,31.0,1995,3,3,231,2.6,0,1,1,0,0,0,1,0,0.39,4,0,0.0,1.56,0.00,0.00,,0,0,1,3,4,0,1,0,0,1,0,,,,,,,,,,,,,,
45,Ilias Akhomach,ma MAR,MF,Villarreal,es La Liga,22.0,2004,4,0,55,0.6,0,0,0,0,0,0,0,0,0.00,1,0,0.0,1.64,0.00,0.00,,0,0,8,0,1,2,0,0,0,1,0,,,,,,,,,,,,,,
46,Ebenezer Akinsanmiro,ng NGA,MF,Monza,it Serie A,21.0,2004,3,2,210,2.3,0,1,1,0,0,0,0,0,0.43,0,0,,0.00,0.00,,,0,0,1,1,3,3,0,0,0,8,0,,,,,,,,,,,,,,
47,Maghnes Akliouche,fr FRA,FW,Paris SG,fr Ligue 1,24.0,2002,4,2,201,2.2,0,0,0,0,0,0,0,0,0.00,1,1,100.0,0.45,0.45,0.00,0.00,0,0,1,6,4,1,0,0,0,4,0,,,,,,,,,,,,,,
48,Clément Akpa,ci CIV,DF,Auxerre,fr Ligue 1,24.0,2001,4,4,360,4.0,0,0,0,0,0,0,1,0,0.00,2,1,50.0,0.50,0.25,0.00,0.00,0,0,3,5,6,5,1,0,0,6,0,,,,,,,,,,,,,,
49,Chuba Akpom,eng ENG,"FW,MF",Ipswich Town,eng Premier League,30.0,1995,2,0,70,0.8,1,0,1,1,0,0,0,0,1.29,1,1,100.0,1.29,1.29,1.00,1.00,0,0,0,0,0,2,0,0,0,1,0,,,,,,,,,,,,,,
50,Kerim Alajbegović,ba BIH,MF,Juventus,it Serie A,18.0,2007,3,2,183,2.0,0,0,0,0,0,0,0,0,0.00,8,3,37.5,3.93,1.48,0.00,0.00,0,0,3,0,0,2,0,0,0,2,0,,,,,,,,,,,,,,
51,Carlos Alcaraz,ar ARG,MF,Everton,eng Premier League,23.0,2002,2,0,6,0.1,0,0,0,0,0,0,1,0,0.00,2,1,50.0,30.00,15.00,0.00,0.00,0,0,0,1,0,0,1,0,0,1,0,,,,,,,,,,,,,,
52,Omar Alderete,py PAR,DF,Sunderland,eng Premier League,29.0,1996,1,0,24,0.3,0,0,0,0,0,0,0,0,0.00,0,0,,0.00,0.00,,,0,0,0,0,0,0,0,0,0,0,0,,,,,,,,,,,,,,
53,Alexandre Alemão,br BRA,FW,Rayo Vallecano,es La Liga,28.0,1998,4,0,92,1.0,0,0,0,0,0,0,0,0,0.00,5,2,40.0,4.89,1.96,0.00,0.00,0,0,0,1,0,2,0,0,0,3,0,,,,,,,,,,,,,,
54,Carles Aleñá,es ESP,MF,Alavés,es La Liga,28.0,1998,4,1,106,1.2,0,1,1,0,0,0,0,0,0.85,2,1,50.0,1.70,0.85,0.00,0.00,0,0,4,4,1,0,0,0,0,1,0,,,,,,,,,,,,,,
55,Trent Alexander-Arnold,eng ENG,DF,Real Madrid,es La Liga,27.0,1998,3,1,128,1.4,0,1,1,0,0,0,0,0,0.70,2,1,50.0,1.41,0.70,0.00,0.00,0,0,18,1,4,1,0,0,0,0,0,,,,,,,,,,,,,,
56,Alfon,es ESP,FW,Sevilla,es La Liga,27.0,1999,1,0,11,0.1,0,0,0,0,0,0,0,0,0.00,0,0,,0.00,0.00,,,0,0,1,0,0,0,0,0,0,0,0,,,,,,,,,,,,,,
57,Mohamed Ali Cho,fr FRA,"FW,MF",Nice,fr Ligue 1,22.0,2004,1,0,31,0.3,0,0,0,0,0,0,0,0,0.00,1,0,0.0,2.90,0.00,0.00,,0,0,0,0,0,0,0,0,0,2,0,,,,,,,,,,,,,,
58,Mohamed Ali Cho,fr FRA,"FW,MF",Hull City,eng Premier League,22.0,2004,3,0,48,0.5,0,0,0,0,0,0,0,0,0.00,3,2,66.7,5.63,3.75,0.00,0.00,0,0,2,0,0,0,0,0,0,0,0,,,,,,,,,,,,,,
59,Alisson,br BRA,GK,Liverpool,eng Premier League,33.0,1992,4,4,360,4.0,0,0,0,0,0,0,1,0,0.00,0,0,,0.00,0.00,,,0,0,0,0,0,0,1,0,0,1,0,4,1.00,16,12,75.0,1,3,0,2,50.0,1,1,0,0
60,Jim Allevinah,ga GAB,MF,Angers,fr Ligue 1,31.0,1995,4,4,291,3.2,0,0,0,0,0,0,0,0,0.00,10,2,20.0,3.09,0.62,0.00,0.00,0,0,12,2,2,7,0,0,0,2,0,,,,,,,,,,,,,,
61,André Almeida,pt POR,"FW,MF",Racing Sant,es La Liga,26.0,2000,2,0,60,0.7,0,0,0,0,0,0,0,1,0.00,0,0,,0.00,0.00,,,0,0,1,1,1,0,0,1,0,2,0,,,,,,,,,,,,,,
62,Pontus Almqvist,se SWE,"FW,MF",Parma,it Serie A,27.0,1999,3,0,46,0.5,0,0,0,0,0,0,1,0,0.00,0,0,,0.00,0.00,,,0,0,5,1,0,1,1,0,0,1,0,,,,,,,,,,,,,,
63,Marcos Alonso,es ESP,DF,Celta Vigo,es La Liga,35.0,1990,5,5,410,4.6,0,0,0,0,0,0,2,1,0.00,3,0,0.0,0.66,0.00,0.00,,0,0,3,7,10,3,2,1,0,6,0,,,,,,,,,,,,,,
64,Adrià Altimira,es ESP,MF,Dep. A Coruña,es La Liga,25.0,2001,3,2,148,1.6,0,0,0,0,0,0,2,1,0.00,0,0,,0.00,0.00,,,0,0,3,2,2,3,2,1,1,4,0,,,,,,,,,,,,,,
65,Carlos Álvarez,es ESP,MF,Levante,es La Liga,23.0,2003,1,1,45,0.5,0,0,0,0,0,0,0,0,0.00,0,0,,0.00,0.00,,,0,0,0,0,0,2,0,0,0,1,0,,,,,,,,,,,,,,
66,Hugo Álvarez,es ESP,FW,Celta Vigo,es La Liga,23.0,2003,4,2,189,2.1,0,0,0,0,0,0,0,0,0.00,1,0,0.0,0.48,0.00,0.00,,0,0,6,0,1,3,0,0,0,2,0,,,,,,,,,,,,,,
67,Julián Álvarez,ar ARG,"FW,MF",Atlético Madrid,es La Liga,26.0,2000,2,0,57,0.6,0,0,0,0,0,0,0,0,0.00,2,1,50.0,3.16,1.58,0.00,0.00,0,0,0,0,0,0,0,0,0,0,0,,,,,,,,,,,,,,
68,Yeray Álvarez,es ESP,DF,Athletic Club,es La Liga,31.0,1995,4,4,315,3.5,0,1,1,0,0,0,0,0,0.29,3,0,0.0,0.86,0.00,0.00,,0,0,4,1,4,3,0,0,0,2,0,,,,,,,,,,,,,,
69,Alysson,br BRA,MF,Aston Villa,eng Premier League,20.0,2006,4,0,90,1.0,1,0,1,1,0,0,1,0,1.00,1,1,100.0,1.00,1.00,1.00,1.00,0,0,0,2,0,1,1,0,0,1,0,,,,,,,,,,,,,,
70,Ayoube Amaimouni,ma MAR,MF,Frankfurt,de Bundesliga,21.0,2004,3,1,104,1.2,0,0,0,0,0,0,0,0,0.00,4,1,25.0,3.46,0.87,0.00,0.00,0,0,3,1,1,3,0,0,0,2,0,,,,,,,,,,,,,,
71,Lorenzo Amatucci,it ITA,MF,Dep. A Coruña,es La Liga,22.0,2004,5,5,450,5.0,0,1,1,0,0,0,2,0,0.20,0,0,,0.00,0.00,,,0,0,3,7,6,2,2,0,0,11,0,,,,,,,,,,,,,,
72,Aurèle Amenda,ch SUI,DF,Coventry City,eng Premier League,23.0,2003,4,4,360,4.0,0,0,0,0,0,0,1,0,0.00,1,0,0.0,0.25,0.00,0.00,,0,0,0,1,3,0,1,0,0,6,0,,,,,,,,,,,,,,
73,Wisdom Amey,it ITA,DF,Frosinone,it Serie A,21.0,2005,1,0,3,0.0,0,0,0,0,0,0,0,0,0.00,0,0,,0.00,0.00,,,0,0,0,0,0,0,0,0,0,0,0,,,,,,,,,,,,,,
74,Nadiem Amiri,de GER,MF,Mainz 05,de Bundesliga,29.0,1996,3,3,264,2.9,0,0,0,0,0,1,0,0,0.00,7,2,28.6,2.39,0.68,0.00,0.00,0,1,24,2,2,2,0,0,0,2,0,,,,,,,,,,,,,,
75,Samuel Amo-Ameyaw,eng ENG,MF,Strasbourg,fr Ligue 1,20.0,2006,4,1,120,1.3,2,0,2,2,0,0,1,0,1.50,5,4,80.0,3.75,3.00,0.40,0.50,0,0,5,0,2,2,1,0,0,2,0,,,,,,,,,,,,,,
76,Mikel Amondarain,ar ARG,MF,Bologna,it Serie A,21.0,2005,3,1,96,1.1,0,0,0,0,0,0,1,0,0.00,1,0,0.0,0.94,0.00,0.00,,0,0,2,1,0,2,1,0,0,4,0,,,,,,,,,,,,,,
77,Amorim,br BRA,MF,Genoa,it Serie A,21.0,2005,4,1,115,1.3,0,0,0,0,0,0,1,0,0.00,1,1,100.0,0.78,0.78,0.00,0.00,0,0,11,2,2,2,1,0,0,1,0,,,,,,,,,,,,,,
78,Mohamed Amoura,dz ALG,MF,Nice,fr Ligue 1,26.0,2000,2,1,111,1.2,0,0,0,0,0,0,0,0,0.00,2,0,0.0,1.62,0.00,0.00,,0,0,2,2,0,2,0,0,0,1,0,,,,,,,,,,,,,,
79,Ethan Ampadu,wls WAL,MF,Leeds United,eng Premier League,26.0,2000,3,3,270,3.0,0,0,0,0,0,0,0,0,0.00,1,0,0.0,0.33,0.00,0.00,,0,0,2,4,6,2,0,0,0,4,0,,,,,,,,,,,,,,
80,Joachim Andersen,dk DEN,DF,Fulham,eng Premier League,30.0,1996,2,2,180,2.0,0,0,0,0,0,0,1,0,0.00,0,0,,0.00,0.00,,,0,0,0,1,2,2,1,0,0,3,0,,,,,,,,,,,,,,
81,Elliot Anderson,eng ENG,MF,Manchester City,eng Premier League,23.0,2002,4,4,323,3.6,0,0,0,0,0,0,1,0,0.00,3,1,33.3,0.84,0.28,0.00,0.00,0,0,14,6,9,10,1,0,0,5,0,,,,,,,,,,,,,,
82,Benjamin André,fr FRA,MF,Lille,fr Ligue 1,36.0,1990,3,2,155,1.7,0,0,0,0,0,0,1,0,0.00,0,0,,0.00,0.00,,,0,0,0,7,2,5,1,0,0,5,0,,,,,,,,,,,,,,
83,Robert Andrich,de GER,"DF,MF",Leverkusen,de Bundesliga,31.0,1994,1,0,20,0.2,0,0,0,0,0,0,0,0,0.00,0,0,,0.00,0.00,,,0,0,0,0,0,1,0,0,0,1,0,,,,,,,,,,,,,,
84,Miguel Ángel Sierra,es ESP,"MF,FW",Sevilla,es La Liga,22.0,2004,5,5,325,3.6,1,0,1,1,0,0,2,0,0.28,8,3,37.5,2.22,0.83,0.13,0.33,0,0,10,3,1,8,2,0,0,5,0,,,,,,,,,,,,,,
85,Frank Anguissa,cm CMR,MF,Napoli,it Serie A,30.0,1995,3,3,235,2.6,0,0,0,0,0,0,0,0,0.00,5,1,20.0,1.91,0.38,0.00,0.00,0,0,0,2,1,3,0,0,0,2,0,,,,,,,,,,,,,,
86,Nilson Angulo,ec ECU,MF,Sunderland,eng Premier League,23.0,2003,4,4,254,2.8,1,0,1,1,0,0,1,0,0.35,2,1,50.0,0.71,0.35,0.50,1.00,0,0,6,3,1,6,1,0,0,3,0,,,,,,,,,,,,,,
87,Andrés Antañón,es ESP,FW,Celta Vigo,es La Liga,19.0,2007,1,1,62,0.7,0,0,0,0,0,0,0,0,0.00,1,0,0.0,1.45,0.00,0.00,,0,0,1,0,1,0,0,0,0,0,0,,,,,,,,,,,,,,
88,Jaidon Anthony,eng ENG,MF,Brentford,eng Premier League,26.0,1999,4,2,188,2.1,0,0,0,0,0,0,1,0,0.00,4,0,0.0,1.91,0.00,0.00,,0,0,8,3,0,0,1,0,0,5,0,,,,,,,,,,,,,,
89,Waldemar Anton,de GER,DF,Dortmund,de Bundesliga,30.0,1996,3,3,270,3.0,0,1,1,0,0,0,0,0,0.33,1,0,0.0,0.33,0.00,0.00,,0,0,1,2,13,2,0,0,0,1,0,,,,,,,,,,,,,,
90,Kyllian Antonio,fr FRA,DF,Lens,fr Ligue 1,18.0,2008,2,2,180,2.0,0,0,0,0,0,0,0,0,0.00,1,0,0.0,0.50,0.00,0.00,,0,0,2,2,2,4,0,0,0,0,0,,,,,,,,,,,,,,
91,Antony,br BRA,MF,Real Betis,es La Liga,26.0,2000,4,4,346,3.8,0,0,0,0,0,0,0,0,0.00,19,6,31.6,4.94,1.56,0.00,0.00,0,0,10,2,2,6,0,0,0,4,0,,,,,,,,,,,,,,
92,Genesis Antwi,se SWE,DF,Strasbourg,fr Ligue 1,19.0,2007,4,4,348,3.9,0,0,0,0,0,0,0,0,0.00,1,0,0.0,0.26,0.00,0.00,,0,0,8,7,4,0,0,0,0,3,0,,,,,,,,,,,,,,
93,Adil Aouchiche,dz ALG,MF,Schalke 04,de Bundesliga,24.0,2002,3,3,257,2.9,1,0,1,1,0,0,0,0,0.35,8,5,62.5,2.80,1.75,0.13,0.20,0,0,10,2,5,1,0,0,0,1,0,,,,,,,,,,,,,,
94,Jon Aramburu,ve VEN,DF,Real Sociedad,es La Liga,24.0,2002,6,6,506,5.6,0,0,0,0,0,0,3,0,0.00,4,2,50.0,0.71,0.36,0.00,0.00,0,0,9,15,15,12,3,0,0,24,0,,,,,,,,,,,,,,
95,Arana,es ESP,FW,Racing Sant,es La Liga,26.0,2000,2,0,4,0.0,0,0,0,0,0,0,0,0,0.00,0,0,,0.00,0.00,,,0,0,0,0,0,0,0,0,0,1,0,,,,,,,,,,,,,,
96,Ronald Araújo,uy URU,DF,Liverpool,eng Premier League,27.0,1999,4,2,196,2.2,0,0,0,0,0,0,1,0,0.00,0,0,,0.00,0.00,,,0,0,5,1,1,0,1,0,0,2,0,,,,,,,,,,,,,,
97,Cameron Archer,eng ENG,FW,Auxerre,fr Ligue 1,25.0,2001,2,2,162,1.8,2,0,2,2,0,0,0,0,1.11,5,3,60.0,2.78,1.67,0.40,0.67,0,0,1,0,1,1,0,0,0,5,0,,,,,,,,,,,,,,
98,Carlens Arcus,ht HAI,DF,Angers,fr Ligue 1,30.0,1996,4,3,251,2.8,1,0,1,1,0,0,0,0,0.36,3,1,33.3,1.08,0.36,0.33,1.00,0,0,10,2,4,0,0,0,0,2,0,,,,,,,,,,,,,,
99,Jesús Areso,es ESP,DF,Athletic Club,es La Liga,27.0,1999,4,4,296,3.3,0,0,0,0,0,0,0,0,0.00,1,0,0.0,0.30,0.00,0.00,,0,0,11,5,6,3,0,0,0,3,0,,,,,,,,,,,,,,
100,Iñigo Arguibide,es ESP,DF,Osasuna,es La Liga,21.0,2005,5,5,402,4.5,0,0,0,0,0,0,0,0,0.00,1,0,0.0,0.22,0.00,0.00,,0,0,19,7,2,4,0,0,0,5,0,,,,,,,,,,,,,,
101,Juan Arizala,co COL,MF,Udinese,it Serie A,20.0,2005,1,0,6,0.1,0,0,0,0,0,0,0,0,0.00,0,0,,0.00,0.00,,,0,0,0,0,0,0,0,0,0,0,0,,,,,,,,,,,,,,
102,Harrison Armstrong,eng ENG,MF,Everton,eng Premier League,19.0,2007,4,4,355,3.9,0,1,1,0,0,0,1,0,0.25,2,0,0.0,0.51,0.00,0.00,,0,0,1,4,4,2,1,0,0,7,0,,,,,,,,,,,,,,
103,Love Arrhov,se SWE,FW,Frankfurt,de Bundesliga,18.0,2008,1,0,12,0.1,0,0,0,0,0,0,0,0,0.00,0,0,,0.00,0.00,,,0,0,0,0,0,0,0,0,0,0,0,,,,,,,,,,,,,,
104,Arthur,br BRA,DF,Werder Bremen,de Bundesliga,23.0,2003,2,2,146,1.6,0,0,0,0,0,0,0,0,0.00,0,0,,0.00,0.00,,,0,0,2,3,2,3,0,0,0,0,0,,,,,,,,,,,,,,
105,Fisnik Asllani,xk KVX,FW,Hoffenheim,de Bundesliga,24.0,2002,1,0,9,0.1,0,0,0,0,0,0,0,0,0.00,1,1,100.0,10.00,10.00,0.00,0.00,0,0,0,0,0,1,0,0,0,1,0,,,,,,,,,,,,,,
106,Jonathan Asp Jensen,dk DEN,MF,Dep. A Coruña,es La Liga,20.0,2006,3,2,128,1.4,0,0,0,0,0,0,0,0,0.00,3,2,66.7,2.11,1.41,0.00,0.00,0,0,1,2,0,1,0,0,0,2,0,,,,,,,,,,,,,,
107,Iago Aspas,es ESP,FW,Celta Vigo,es La Liga,39.0,1987,6,2,221,2.5,1,0,1,1,0,0,0,0,0.41,6,2,33.3,2.44,0.81,0.17,0.50,0,0,1,1,0,3,0,0,0,0,0,,,,,,,,,,,,,,
108,Otavio Ataide,br BRA,DF,Paris FC,fr Ligue 1,24.0,2002,2,2,172,1.9,0,0,0,0,0,0,1,0,0.00,1,0,0.0,0.52,0.00,0.00,,0,0,0,4,3,1,1,0,0,2,0,,,,,,,,,,,,,,
109,Zachary Athekame,ch SUI,DF,Lyon,fr Ligue 1,21.0,2004,4,4,360,4.0,1,1,2,1,0,0,0,0,0.50,2,1,50.0,0.50,0.25,0.50,1.00,0,0,21,5,2,5,0,0,0,5,0,,,,,,,,,,,,,,
110,Arthur Atta,fr FRA,MF,Fiorentina,it Serie A,23.0,2003,4,3,267,3.0,0,0,0,0,0,0,0,0,0.00,9,3,33.3,3.03,1.01,0.00,0.00,0,0,3,1,3,1,0,0,0,1,0,,,,,,,,,,,,,,
111,Noah Atubolu,de GER,GK,Frankfurt,de Bundesliga,24.0,2002,3,3,270,3.0,0,0,0,0,0,0,0,0,0.00,0,0,,0.00,0.00,,,0,0,0,0,0,1,0,0,0,0,0,8,2.67,23,15,65.2,1,1,1,0,0.0,1,0,1,0
112,Pierre-Emerick Aubameyang,ga GAB,FW,Dep. A Coruña,es La Liga,37.0,1989,5,5,444,4.9,5,2,7,5,0,0,0,0,1.42,14,9,64.3,2.84,1.82,0.36,0.56,0,0,7,2,2,2,0,0,0,2,0,,,,,,,,,,,,,,
113,Emil Audero,id IDN,GK,Rayo Vallecano,es La Liga,29.0,1997,1,1,90,1.0,0,0,0,0,0,0,0,0,0.00,0,0,,0.00,0.00,,,0,0,0,0,0,0,0,0,0,0,0,4,4.00,11,7,63.6,0,0,1,0,0.0,1,1,0,0
114,Carlos Augusto,br BRA,"DF,MF",Inter,it Serie A,27.0,1999,1,0,29,0.3,0,1,1,0,0,0,0,0,3.10,0,0,,0.00,0.00,,,0,0,4,0,0,0,0,0,0,0,0,,,,,,,,,,,,,,
115,Yann Aurel Bisseck,de GER,DF,Inter,it Serie A,25.0,2000,3,2,190,2.1,1,0,1,1,0,0,0,0,0.47,3,1,33.3,1.42,0.47,0.33,1.00,0,0,3,3,4,0,0,0,0,0,0,,,,,,,,,,,,,,
116,Giuseppe Aurelio,it ITA,MF,Cagliari,it Serie A,26.0,2000,1,0,4,0.0,0,0,0,0,0,0,0,0,0.00,0,0,,0.00,0.00,,,0,0,0,0,0,0,0,0,0,1,0,,,,,,,,,,,,,,
117,Leon Avdullahu,xk KVX,MF,Hoffenheim,de Bundesliga,22.0,2004,3,3,270,3.0,1,0,1,1,0,0,0,0,0.33,3,1,33.3,1.00,0.33,0.33,1.00,0,0,0,5,7,1,0,0,0,2,0,,,,,,,,,,,,,,
118,Arthur Avom,cm CMR,MF,Lorient,fr Ligue 1,21.0,2004,4,2,226,2.5,0,0,0,0,0,0,0,0,0.00,4,0,0.0,1.59,0.00,0.00,,0,0,4,3,5,3,0,0,0,1,0,,,,,,,,,,,,,,
119,Taiwo Awoniyi,ng NGA,FW,Coventry City,eng Premier League,29.0,1997,4,3,233,2.6,0,0,0,0,0,0,0,1,0.00,6,2,33.3,2.32,0.77,0.00,0.00,0,0,0,1,1,2,0,1,0,3,0,,,,,,,,,,,,,,
120,Yasin Ayari,se SWE,MF,Brighton,eng Premier League,22.0,2003,3,3,243,2.7,1,0,1,1,0,0,1,0,0.37,8,3,37.5,2.96,1.11,0.13,0.33,0,0,0,1,0,3,1,0,0,2,0,,,,,,,,,,,,,,
121,Mertcan Ayhan,tr TUR,DF,Schalke 04,de Bundesliga,20.0,2006,2,0,31,0.3,0,0,0,0,0,0,0,0,0.00,0,0,,0.00,0.00,,,0,0,0,2,0,0,0,0,0,0,0,,,,,,,,,,,,,,
122,Neil El Aynaoui,ma MAR,MF,RB Leipzig,de Bundesliga,25.0,2001,2,2,164,1.8,0,0,0,0,0,0,0,0,0.00,4,0,0.0,2.20,0.00,0.00,,0,0,2,2,3,1,0,0,0,1,0,,,,,,,,,,,,,,
123,Neil El Aynaoui,ma MAR,MF,Roma,it Serie A,25.0,2001,1,0,12,0.1,0,0,0,0,0,0,0,0,0.00,0,0,,0.00,0.00,,,0,0,0,0,0,0,0,0,0,0,0,,,,,,,,,,,,,,
124,Ilyas Azizi,fr FRA,MF,Toulouse,fr Ligue 1,18.0,2008,3,2,176,2.0,0,0,0,0,0,0,0,0,0.00,4,1,25.0,2.05,0.51,0.00,0.00,0,0,2,2,0,4,0,0,0,6,0,,,,,,,,,,,,,,
125,Ivan Azón,es ESP,FW,Getafe,es La Liga,23.0,2002,2,1,93,1.0,0,1,1,0,0,0,1,0,0.97,1,0,0.0,0.97,0.00,0.00,,0,0,2,0,1,2,1,0,0,2,0,,,,,,,,,,,,,,
126,Oussama El Azzouzi,ma MAR,MF,Bologna,it Serie A,25.0,2001,1,1,78,0.9,0,0,0,0,0,0,1,0,0.00,0,0,,0.00,0.00,,,0,0,0,1,1,2,1,0,0,1,0,,,,,,,,,,,,,,
127,Tom Baack,de GER,"DF,MF",Paderborn 07,de Bundesliga,27.0,1999,1,0,16,0.2,0,0,0,0,0,0,0,0,0.00,0,0,,0.00,0.00,,,0,0,0,1,0,0,0,0,0,0,0,,,,,,,,,,,,,,
128,Felix Bacher,at AUT,DF,Lyon,fr Ligue 1,25.0,2000,4,4,355,3.9,1,0,1,1,0,0,1,0,0.25,3,2,66.7,0.76,0.51,0.33,0.50,0,0,1,2,0,2,1,0,0,3,0,,,,,,,,,,,,,,
129,Janik Bachmann,de GER,MF,Schalke 04,de Bundesliga,30.0,1996,1,0,1,0.0,0,0,0,0,0,0,0,0,0.00,0,0,,0.00,0.00,,,0,0,0,0,0,0,0,0,0,0,0,,,,,,,,,,,,,,
130,Mio Backhaus,de GER,GK,Freiburg,de Bundesliga,22.0,2004,3,3,270,3.0,0,0,0,0,0,0,0,0,0.00,0,0,,0.00,0.00,,,0,0,0,0,0,0,0,0,0,0,0,1,0.33,6,5,83.3,3,0,0,2,66.7,0,0,0,0
131,Loïc Bade,fr FRA,DF,Leverkusen,de Bundesliga,26.0,2000,2,1,74,0.8,0,0,0,0,0,0,0,0,0.00,1,0,0.0,1.22,0.00,0.00,,0,0,0,3,4,1,0,0,0,2,0,,,,,,,,,,,,,,
132,Benoît Badiashile,fr FRA,DF,Napoli,it Serie A,25.0,2001,1,0,11,0.1,0,0,0,0,0,0,0,0,0.00,0,0,,0.00,0.00,,,0,0,0,0,0,0,0,0,0,0,0,,,,,,,,,,,,,,
133,Álex Baena,es ESP,"FW,MF",Atlético Madrid,es La Liga,25.0,2001,5,3,296,3.3,3,1,4,3,0,0,1,0,1.22,9,4,44.4,2.74,1.22,0.33,0.75,0,0,11,0,6,5,1,0,0,7,0,,,,,,,,,,,,,,
134,Theo Bair,ca CAN,FW,Auxerre,fr Ligue 1,27.0,1999,1,0,20,0.2,0,0,0,0,0,0,0,0,0.00,1,0,0.0,4.50,0.00,0.00,,0,0,0,0,0,0,0,0,0,0,0,,,,,,,,,,,,,,
135,Johan Bakayoko,be BEL,FW,RB Leipzig,de Bundesliga,23.0,2003,2,1,80,0.9,0,0,0,0,0,0,0,0,0.00,2,0,0.0,2.25,0.00,0.00,,0,0,2,1,0,0,0,0,0,0,0,,,,,,,,,,,,,,
136,Darryl Bakola,fr FRA,MF,Sassuolo,it Serie A,18.0,2007,3,2,216,2.4,0,1,1,0,0,0,0,0,0.42,1,0,0.0,0.42,0.00,0.00,,0,0,4,3,1,4,0,0,0,2,0,,,,,,,,,,,,,,
137,Adam Bakoune,it ITA,MF,Monza,it Serie A,20.0,2006,3,1,124,1.4,0,0,0,0,0,0,0,0,0.00,1,0,0.0,0.73,0.00,0.00,,0,0,3,1,5,2,0,0,0,3,0,,,,,,,,,,,,,,
138,Ridle Baku,de GER,DF,RB Leipzig,de Bundesliga,28.0,1998,3,2,179,2.0,2,0,2,2,0,0,0,0,1.01,5,2,40.0,2.51,1.01,0.40,1.00,0,0,8,1,1,2,0,0,0,0,0,,,,,,,,,,,,,,
139,Dilane Bakwa,fr FRA,MF,Lille,fr Ligue 1,24.0,2002,3,1,138,1.5,1,1,2,1,0,0,0,0,1.30,4,1,25.0,2.61,0.65,0.25,1.00,0,0,3,2,2,2,0,0,0,2,0,,,,,,,,,,,,,,
140,Tommaso Baldanzi,it ITA,MF,Genoa,it Serie A,23.0,2003,4,4,252,2.8,0,0,0,0,0,0,0,0,0.00,9,1,11.1,3.21,0.36,0.00,0.00,0,0,2,1,1,0,0,0,0,2,0,,,,,,,,,,,,,,
141,Fabio Baldé,pt POR,MF,Strasbourg,fr Ligue 1,21.0,2005,2,0,13,0.1,0,0,0,0,0,0,0,0,0.00,0,0,,0.00,0.00,,,0,0,1,0,0,0,0,0,0,0,0,,,,,,,,,,,,,,
142,Ibrahima Baldé,fr FRA,FW,Lorient,fr Ligue 1,23.0,2003,2,1,92,1.0,1,0,1,1,0,0,0,0,0.98,2,1,50.0,1.96,0.98,0.50,1.00,0,0,0,0,1,1,0,0,0,2,0,,,,,,,,,,,,,,
143,Leonardo Balerdi,ar ARG,DF,Roma,it Serie A,27.0,1999,1,0,24,0.3,0,0,0,0,0,0,0,0,0.00,0,0,,0.00,0.00,,,0,0,0,0,2,0,0,0,0,0,0,,,,,,,,,,,,,,
144,Daniel Ballard,nir NIR,DF,Sunderland,eng Premier League,26.0,1999,4,4,360,4.0,0,0,0,0,0,0,2,0,0.00,3,0,0.0,0.75,0.00,0.00,,0,0,0,3,2,6,2,0,0,6,0,,,,,,,,,,,,,,
145,Iván Balliu,al ALB,DF,Rayo Vallecano,es La Liga,34.0,1992,4,2,202,2.2,0,0,0,0,0,0,0,0,0.00,0,0,,0.00,0.00,,,0,0,2,3,2,3,0,0,0,2,0,,,,,,,,,,,,,,
146,Aladji Bamba,fr FRA,MF,Newcastle,eng Premier League,20.0,2006,1,0,15,0.2,0,0,0,0,0,0,0,0,0.00,0,0,,0.00,0.00,,,0,0,0,1,0,0,0,0,0,0,0,,,,,,,,,,,,,,
147,Rayan Bamba,fr FRA,"MF,DF",Le Mans,fr Ligue 1,22.0,2004,3,3,270,3.0,0,0,0,0,0,0,0,0,0.00,1,0,0.0,0.33,0.00,0.00,,0,0,11,6,5,0,0,0,0,3,0,,,,,,,,,,,,,,
148,Noahkai Banks,us USA,DF,Augsburg,de Bundesliga,19.0,2006,3,3,270,3.0,0,0,0,0,0,0,2,0,0.00,2,0,0.0,0.67,0.00,0.00,,0,0,2,4,5,2,2,0,0,6,0,,,,,,,,,,,,,,
149,Ezechiel Banzuzi,nl NED,MF,RB Leipzig,de Bundesliga,21.0,2005,3,3,262,2.9,0,1,1,0,0,0,0,0,0.34,4,1,25.0,1.37,0.34,0.00,0.00,0,0,1,4,0,5,0,0,0,7,0,,,,,,,,,,,,,,
150,Valentín Barco,ar ARG,"DF,MF",Chelsea,eng Premier League,22.0,2004,2,0,31,0.3,0,0,0,0,0,0,1,0,0.00,1,0,0.0,2.90,0.00,0.00,,0,0,2,0,2,2,1,0,0,2,0,,,,,,,,,,,,,,
151,Bradley Barcola,fr FRA,MF,Liverpool,eng Premier League,24.0,2002,2,1,98,1.1,0,0,0,0,0,0,0,0,0.00,1,0,0.0,0.92,0.00,0.00,,0,0,2,3,0,0,0,0,0,0,0,,,,,,,,,,,,,,
152,Melvin Bard,fr FRA,MF,Nice,fr Ligue 1,25.0,2000,2,2,171,1.9,0,0,0,0,0,0,0,0,0.00,1,0,0.0,0.53,0.00,0.00,,0,0,5,1,1,2,0,0,0,1,0,,,,,,,,,,,,,,
153,Enzo Bardeli,fr FRA,MF,Levante,es La Liga,25.0,2001,5,3,307,3.4,1,1,2,1,0,0,0,0,0.59,2,1,50.0,0.59,0.29,0.50,1.00,0,0,13,5,4,2,0,0,0,6,0,,,,,,,,,,,,,,
154,Nicolò Barella,it ITA,MF,Inter,it Serie A,29.0,1997,3,3,270,3.0,0,1,1,0,0,0,0,0,0.33,5,3,60.0,1.67,1.00,0.00,0.00,0,0,8,2,1,2,0,0,0,3,0,,,,,,,,,,,,,,
155,Kike Barja,es ESP,MF,Osasuna,es La Liga,29.0,1997,4,2,150,1.7,1,0,1,1,0,0,3,0,0.60,3,1,33.3,1.80,0.60,0.33,1.00,0,0,12,2,0,3,3,0,0,4,0,,,,,,,,,,,,,,
156,Ross Barkley,eng ENG,MF,Aston Villa,eng Premier League,32.0,1993,4,4,302,3.4,0,0,0,0,0,0,0,0,0.00,7,1,14.3,2.09,0.30,0.00,0.00,0,0,0,5,0,4,0,0,0,3,0,,,,,,,,,,,,,,
157,Harvey Barnes,eng ENG,MF,Newcastle,eng Premier League,28.0,1997,3,3,269,3.0,1,0,1,1,0,0,0,0,0.33,4,1,25.0,1.34,0.33,0.25,1.00,0,0,6,1,2,8,0,0,0,4,0,,,,,,,,,,,,,,
158,Ander Barrenetxea,es ESP,MF,Real Sociedad,es La Liga,24.0,2001,5,4,285,3.2,1,0,1,1,0,0,0,0,0.32,6,1,16.7,1.89,0.32,0.17,1.00,0,0,10,1,1,5,0,0,0,4,0,,,,,,,,,,,,,,
159,Pablo Barrios,es ESP,MF,Atlético Madrid,es La Liga,23.0,2003,4,3,295,3.3,0,1,1,0,0,0,0,0,0.31,3,2,66.7,0.92,0.61,0.00,0.00,0,0,3,3,7,6,0,0,0,2,0,,,,,,,,,,,,,,
160,Thierno Barry,fr FRA,FW,Everton,eng Premier League,23.0,2002,4,4,327,3.6,1,0,1,1,0,0,0,0,0.28,14,4,28.6,3.85,1.10,0.07,0.25,0,0,2,1,1,5,0,0,0,2,0,,,,,,,,,,,,,,
161,Davide Bartesaghi,it ITA,MF,Milan,it Serie A,20.0,2005,2,1,111,1.2,0,0,0,0,0,0,0,0,0.00,0,0,,0.00,0.00,,,0,0,3,2,1,1,0,0,0,1,0,,,,,,,,,,,,,,
162,Marc Bartra,es ESP,DF,Real Betis,es La Liga,35.0,1991,3,2,232,2.6,1,0,1,1,0,0,0,0,0.39,4,2,50.0,1.55,0.78,0.25,0.50,0,0,2,6,4,0,0,0,0,0,0,,,,,,,,,,,,,,
163,Toma Bašić,hr CRO,MF,Venezia,it Serie A,29.0,1996,2,2,148,1.6,0,0,0,0,0,0,0,0,0.00,0,0,,0.00,0.00,,,0,0,11,2,0,1,0,0,0,1,0,,,,,,,,,,,,,,
164,Calvin Bassey,ng NGA,DF,Fulham,eng Premier League,26.0,1999,4,4,360,4.0,0,0,0,0,0,0,1,0,0.00,2,1,50.0,0.50,0.25,0.00,0.00,0,0,0,2,3,6,1,0,0,2,0,,,,,,,,,,,,,,
165,Alessandro Bastoni,it ITA,DF,Inter,it Serie A,27.0,1999,3,3,258,2.9,0,0,0,0,0,0,0,0,0.00,2,0,0.0,0.70,0.00,0.00,,0,0,7,6,0,0,0,0,0,2,0,,,,,,,,,,,,,,
166,Augusto Batalla,ar ARG,GK,Rayo Vallecano,es La Liga,30.0,1996,2,2,149,1.7,0,0,0,0,0,0,0,0,0.00,0,0,,0.00,0.00,,,0,0,0,0,1,0,0,0,0,0,0,2,1.21,5,3,60.0,0,1,1,0,0.0,2,2,0,0
167,Oliver Batista-Meier,de GER,"FW,MF",Paderborn 07,de Bundesliga,25.0,2001,2,0,41,0.5,0,0,0,0,0,0,0,0,0.00,1,0,0.0,2.20,0.00,0.00,,0,0,2,1,0,0,0,0,0,1,0,,,,,,,,,,,,,,
168,Martin Baturina,hr CRO,MF,Como,it Serie A,23.0,2003,3,3,167,1.9,2,1,3,2,0,0,1,0,1.62,6,3,50.0,3.23,1.62,0.33,0.67,0,0,4,1,0,5,1,0,0,2,0,,,,,,,,,,,,,,
169,Elias Baum,de GER,"DF,MF",Frankfurt,de Bundesliga,20.0,2005,3,3,244,2.7,0,1,1,0,0,0,0,0,0.37,4,2,50.0,1.48,0.74,0.00,0.00,0,0,8,7,3,2,0,0,0,4,1,,,,,,,,,,,,,,
170,Oliver Baumann,de GER,GK,Hoffenheim,de Bundesliga,36.0,1990,3,3,270,3.0,0,0,0,0,0,0,0,0,0.00,0,0,,0.00,0.00,,,0,0,0,0,1,0,0,0,0,0,0,7,2.33,16,9,56.3,1,0,2,0,0.0,0,0,0,0
171,Rafael Bauza,es ESP,MF,Espanyol,es La Liga,21.0,2005,3,0,65,0.7,0,1,1,0,0,0,1,0,1.38,0,0,,0.00,0.00,,,0,0,3,3,0,2,1,0,0,2,0,,,,,,,,,,,,,,
172,Vakoun Bayo,ci CIV,FW,Udinese,it Serie A,29.0,1997,2,0,64,0.7,0,0,0,0,0,0,1,0,0.00,2,0,0.0,2.81,0.00,0.00,,0,0,0,0,0,1,1,0,0,1,0,,,,,,,,,,,,,,
173,Patrick Beach,au AUS,GK,Troyes,fr Ligue 1,23.0,2003,4,4,360,4.0,0,0,0,0,0,0,0,0,0.00,0,0,,0.00,0.00,,,0,0,0,0,0,1,0,0,0,0,0,9,2.25,24,15,62.5,1,1,2,1,25.0,0,0,0,0
174,Sheraldo Becker,sr SUR,FW,Mainz 05,de Bundesliga,31.0,1995,3,3,207,2.3,1,2,3,1,0,0,1,0,1.30,7,3,42.9,3.04,1.30,0.14,0.33,0,0,9,0,0,2,1,0,0,2,0,,,,,,,,,,,,,,
175,Timo Becker,de GER,DF,Schalke 04,de Bundesliga,29.0,1997,3,3,270,3.0,0,0,0,0,0,0,0,0,0.00,0,0,,0.00,0.00,,,0,0,0,8,3,1,0,0,0,0,0,,,,,,,,,,,,,,
176,Vitalie Becker,de GER,MF,Schalke 04,de Bundesliga,21.0,2005,2,1,87,1.0,0,0,0,0,0,0,0,0,0.00,0,0,,0.00,0.00,,,0,0,3,0,0,1,0,0,0,1,0,,,,,,,,,,,,,,
177,Hannes Behrens,de GER,"MF,DF",Augsburg,de Bundesliga,21.0,2005,3,3,270,3.0,0,1,1,0,0,0,0,0,0.33,2,0,0.0,0.67,0.00,0.00,,0,0,12,3,9,3,0,0,0,1,0,,,,,,,,,,,,,,
178,Maximilian Beier,de GER,MF,Dortmund,de Bundesliga,23.0,2002,3,2,187,2.1,0,2,2,0,0,0,1,0,0.96,7,1,14.3,3.37,0.48,0.00,0.00,0,0,2,2,0,3,1,0,0,0,0,,,,,,,,,,,,,,
179,Luken Beitia,es ESP,DF,Real Sociedad,es La Liga,22.0,2004,2,2,180,2.0,0,0,0,0,0,0,1,0,0.00,0,0,,0.00,0.00,,,0,0,0,1,2,0,1,0,0,2,0,,,,,,,,,,,,,,
180,Reda Belahyane,ma MAR,MF,Lazio,it Serie A,22.0,2004,3,2,234,2.6,0,0,0,0,0,0,1,0,0.00,0,0,,0.00,0.00,,,0,0,0,5,2,1,1,0,0,3,0,,,,,,,,,,,,,,
181,Rayane Belaid,es ESP,DF,Rayo Vallecano,es La Liga,21.0,2005,1,0,24,0.3,0,0,0,0,0,0,0,0,0.00,0,0,,0.00,0.00,,,0,0,0,0,0,0,0,0,0,0,0,,,,,,,,,,,,,,
182,Rafik Belghali,dz ALG,"DF,MF",Torino,it Serie A,24.0,2002,1,0,35,0.4,0,1,1,0,0,0,0,0,2.57,0,0,,0.00,0.00,,,0,0,3,0,0,0,0,0,0,0,0,,,,,,,,,,,,,,
183,Yassin Belkhdim,fr FRA,MF,Angers,fr Ligue 1,24.0,2002,4,4,354,3.9,0,0,0,0,0,0,0,0,0.00,2,0,0.0,0.51,0.00,0.00,,0,0,8,5,7,4,0,0,0,5,0,,,,,,,,,,,,,,
184,Armel Bella Kotchap,de GER,DF,Venezia,it Serie A,24.0,2001,3,3,195,2.2,0,0,0,0,0,0,0,0,0.00,2,0,0.0,0.92,0.00,0.00,,0,0,0,3,4,5,0,0,0,1,0,,,,,,,,,,,,,,
185,Raoul Bellanova,it ITA,DF,Atalanta,it Serie A,26.0,2000,3,2,193,2.1,0,0,0,0,0,0,1,0,0.00,1,0,0.0,0.47,0.00,0.00,,0,0,6,2,3,2,1,0,0,3,0,,,,,,,,,,,,,,
186,Héctor Bellerín,es ESP,DF,Real Betis,es La Liga,31.0,1995,4,3,290,3.2,0,0,0,0,0,0,1,0,0.00,0,0,,0.00,0.00,,,0,0,11,7,2,1,1,0,0,3,0,,,,,,,,,,,,,,
187,Jobe Bellingham,eng ENG,MF,Dortmund,de Bundesliga,20.0,2005,3,3,270,3.0,0,0,0,0,0,0,1,0,0.00,3,0,0.0,1.00,0.00,0.00,,0,0,4,6,8,3,1,0,0,4,0,,,,,,,,,,,,,,
188,Jude Bellingham,eng ENG,MF,Real Madrid,es La Liga,23.0,2003,5,5,422,4.7,3,2,5,3,0,0,0,0,1.07,15,7,46.7,3.20,1.49,0.20,0.43,0,0,2,6,2,12,0,0,0,5,0,,,,,,,,,,,,,,
189,Bachir Belloumi,dz ALG,MF,Hull City,eng Premier League,24.0,2002,4,4,312,3.5,2,1,3,2,0,0,0,0,0.87,8,3,37.5,2.31,0.87,0.25,0.67,0,0,6,5,9,1,0,0,0,4,0,,,,,,,,,,,,,,
190,Jeanuël Belocian,fr FRA,DF,Racing Sant,es La Liga,21.0,2005,2,1,126,1.4,0,0,0,0,0,0,0,0,0.00,2,0,0.0,1.43,0.00,0.00,,0,0,0,1,2,0,0,0,0,1,0,,,,,,,,,,,,,,
191,Carlos Benavídez,uy URU,MF,Alavés,es La Liga,28.0,1998,2,0,65,0.7,0,0,0,0,0,0,0,0,0.00,1,0,0.0,1.38,0.00,0.00,,0,0,1,1,3,1,0,0,0,2,0,,,,,,,,,,,,,,
192,Walter Benítez,ar ARG,GK,Crystal Palace,eng Premier League,33.0,1993,1,1,90,1.0,0,0,0,0,0,0,0,0,0.00,0,0,,0.00,0.00,,,0,0,0,0,0,0,0,0,0,0,0,3,3.00,6,3,50.0,0,0,1,0,0.0,0,0,0,0
193,Ramy Bensebaini,dz ALG,"DF,MF",Dortmund,de Bundesliga,31.0,1995,1,0,14,0.2,0,0,0,0,0,0,0,0,0.00,0,0,,0.00,0.00,,,0,0,0,0,1,0,0,0,0,0,0,,,,,,,,,,,,,,
194,Nabil Bentaleb,dz ALG,MF,Lille,fr Ligue 1,31.0,1994,4,4,340,3.8,0,1,1,0,0,0,0,0,0.26,3,1,33.3,0.79,0.26,0.00,0.00,0,0,0,3,3,4,0,0,0,1,0,,,,,,,,,,,,,,
195,Rodrigo Bentancur,uy URU,MF,Tottenham,eng Premier League,29.0,1997,4,3,287,3.2,0,0,0,0,0,0,0,0,0.00,1,0,0.0,0.31,0.00,0.00,,0,0,1,7,4,0,0,0,0,8,0,,,,,,,,,,,,,,
196,Safouane Benzahra,nl NED,MF,Monaco,fr Ligue 1,18.0,2008,1,0,4,0.0,0,0,0,0,0,0,0,0,0.00,0,0,,0.00,0.00,,,0,0,0,0,0,0,0,0,0,0,0,,,,,,,,,,,,,,
197,Lucas Beraldo,br BRA,MF,Paris SG,fr Ligue 1,22.0,2003,2,1,84,0.9,0,0,0,0,0,0,0,0,0.00,0,0,,0.00,0.00,,,0,0,0,2,0,0,0,0,0,0,0,,,,,,,,,,,,,,
198,Domenico Berardi,it ITA,MF,Sassuolo,it Serie A,32.0,1994,3,1,142,1.6,1,0,1,1,0,0,0,0,0.63,7,6,85.7,4.44,3.80,0.14,0.17,0,0,5,1,2,4,0,0,0,0,0,,,,,,,,,,,,,,
199,Yuri Berchiche,es ESP,DF,Athletic Club,es La Liga,36.0,1990,4,4,280,3.1,0,0,0,0,0,0,2,1,0.00,7,0,0.0,2.25,0.00,0.00,,0,0,8,2,3,1,2,1,0,4,0,,,,,,,,,,,,,,
200,Álex Berenguer,es ESP,MF,Athletic Club,es La Liga,31.0,1995,5,2,255,2.8,1,1,2,1,0,0,1,0,0.71,5,2,40.0,1.76,0.71,0.20,0.50,0,0,20,3,4,2,1,0,0,3,0,,,,,,,,,,,,,,
201,Sander Berge,no NOR,MF,Fulham,eng Premier League,28.0,1998,4,3,274,3.0,0,0,0,0,0,0,0,0,0.00,1,0,0.0,0.33,0.00,0.00,,0,0,1,2,1,0,0,0,0,1,0,,,,,,,,,,,,,,
202,Lucas Bergvall,se SWE,MF,Tottenham,eng Premier League,20.0,2006,2,1,73,0.8,0,0,0,0,0,0,0,0,0.00,1,1,100.0,1.23,1.23,0.00,0.00,0,0,2,1,0,1,0,0,0,1,0,,,,,,,,,,,,,,
203,Medon Berisha,al ALB,MF,Lecce,it Serie A,22.0,2003,1,0,9,0.1,0,0,0,0,0,0,0,0,0.00,1,1,100.0,10.00,10.00,0.00,0.00,0,0,4,0,0,0,0,0,0,0,0,,,,,,,,,,,,,,
204,Anthony Bermont,fr FRA,MF,Angers,fr Ligue 1,21.0,2005,3,3,168,1.9,0,0,0,0,0,0,1,0,0.00,6,0,0.0,3.21,0.00,0.00,,0,0,1,0,2,3,1,0,0,5,0,,,,,,,,,,,,,,
205,Adrian Bernabe,es ESP,MF,Parma,it Serie A,25.0,2001,2,2,144,1.6,0,0,0,0,0,0,0,0,0.00,1,0,0.0,0.62,0.00,0.00,,0,0,1,2,2,6,0,0,0,2,0,,,,,,,,,,,,,,
206,Facundo Bernal,uy URU,MF,Real Betis,es La Liga,23.0,2003,4,4,287,3.2,0,0,0,0,0,0,1,0,0.00,3,1,33.3,0.94,0.31,0.00,0.00,0,0,0,2,8,3,1,0,0,3,0,,,,,,,,,,,,,,
207,Marc Bernal,es ESP,MF,Barcelona,es La Liga,19.0,2007,5,3,258,2.9,0,2,2,0,0,0,0,0,0.70,3,1,33.3,1.05,0.35,0.00,0.00,0,0,0,4,4,1,0,0,0,5,0,,,,,,,,,,,,,,
208,Gabin Bernardeau,fr FRA,MF,Lorient,fr Ligue 1,20.0,2006,4,4,264,2.9,0,0,0,0,0,0,0,0,0.00,3,1,33.3,1.02,0.34,0.00,0.00,0,0,11,4,1,6,0,0,0,2,0,,,,,,,,,,,,,,
209,Federico Bernardeschi,it ITA,MF,Bologna,it Serie A,32.0,1994,4,3,287,3.2,0,0,0,0,0,0,0,0,0.00,8,4,50.0,2.51,1.25,0.00,0.00,0,0,21,1,1,4,0,0,0,3,0,,,,,,,,,,,,,,
210,Bernardo,br BRA,DF,Hoffenheim,de Bundesliga,31.0,1995,1,1,52,0.6,0,0,0,0,0,0,0,0,0.00,0,0,,0.00,0.00,,,0,0,1,1,0,0,0,0,0,0,0,,,,,,,,,,,,,,
211,Lorenzo Bernasconi,it ITA,DF,Atalanta,it Serie A,22.0,2003,2,1,93,1.0,0,0,0,0,0,0,0,0,0.00,1,0,0.0,0.97,0.00,0.00,,0,0,5,0,0,0,0,0,0,0,0,,,,,,,,,,,,,,
212,Juan Berrocal,es ESP,DF,Málaga,es La Liga,27.0,1999,1,0,4,0.0,0,0,0,0,0,0,0,0,0.00,0,0,,0.00,0.00,,,0,0,0,0,0,0,0,0,0,0,0,,,,,,,,,,,,,,
213,Nicolò Bertola,it ITA,DF,Udinese,it Serie A,23.0,2003,2,0,38,0.4,0,0,0,0,0,0,1,0,0.00,0,0,,0.00,0.00,,,0,0,0,1,0,0,1,0,0,1,0,,,,,,,,,,,,,,
214,Jan-Niklas Beste,de GER,MF,Freiburg,de Bundesliga,27.0,1999,3,3,199,2.2,0,1,1,0,0,0,0,0,0.45,3,0,0.0,1.36,0.00,0.00,,0,0,15,1,1,3,0,0,0,1,0,,,,,,,,,,,,,,
215,Beto,gw GNB,FW,Fiorentina,it Serie A,28.0,1998,2,1,74,0.8,0,1,1,0,0,0,0,0,1.22,4,1,25.0,4.86,1.22,0.00,0.00,0,0,0,0,0,0,0,0,0,1,0,,,,,,,,,,,,,,
216,Beto,gw GNB,FW,Everton,eng Premier League,28.0,1998,2,0,33,0.4,0,0,0,0,0,0,0,0,0.00,2,0,0.0,5.45,0.00,0.00,,0,0,1,0,0,0,0,0,0,0,0,,,,,,,,,,,,,,
217,Mads Bidstrup,dk DEN,MF,Lyon,fr Ligue 1,25.0,2001,4,4,301,3.3,0,0,0,0,0,0,0,0,0.00,3,0,0.0,0.90,0.00,0.00,,0,0,2,9,5,5,0,0,0,2,0,,,,,,,,,,,,,,
218,Mika Biereth,dk DEN,FW,Monaco,fr Ligue 1,23.0,2003,2,0,44,0.5,0,0,0,0,0,0,0,0,0.00,0,0,,0.00,0.00,,,0,0,1,2,0,2,0,0,0,0,0,,,,,,,,,,,,,,
219,Pedro Bigas,es ESP,DF,Elche,es La Liga,35.0,1990,3,2,161,1.8,0,0,0,0,0,0,0,0,0.00,1,1,100.0,0.56,0.56,0.00,0.00,0,0,0,0,1,1,0,0,0,2,0,,,,,,,,,,,,,,
220,Justin Bijlow,nl NED,GK,Genoa,it Serie A,28.0,1998,4,4,360,4.0,0,0,0,0,0,0,0,0,0.00,0,0,,0.00,0.00,,,0,0,0,1,0,0,0,0,0,0,0,8,2.00,21,13,61.9,0,1,3,0,0.0,0,0,0,0
221,Jaka Bijol,si SVN,DF,Leeds United,eng Premier League,27.0,1999,3,2,165,1.8,0,0,0,0,0,0,0,0,0.00,2,0,0.0,1.09,0.00,0.00,,0,0,1,2,3,1,0,0,0,1,0,,,,,,,,,,,,,,
222,El Bilal Touré,ml MLI,"FW,MF",Parma,it Serie A,24.0,2001,3,3,259,2.9,0,0,0,0,0,0,0,0,0.00,3,2,66.7,1.04,0.69,0.00,0.00,0,0,1,0,1,5,0,0,0,2,0,,,,,,,,,,,,,,
223,Samuele Birindelli,it ITA,MF,Monza,it Serie A,27.0,1999,4,4,353,3.9,0,1,1,0,0,0,0,0,0.25,4,3,75.0,1.02,0.76,0.00,0.00,0,0,14,2,2,4,0,0,0,2,0,,,,,,,,,,,,,,
224,Daniel Birligea,ro ROU,FW,Frosinone,it Serie A,26.0,2000,2,0,14,0.2,0,0,0,0,0,0,0,0,0.00,0,0,,0.00,0.00,,,0,0,0,2,0,0,0,0,0,1,0,,,,,,,,,,,,,,
225,Tom Bischof,de GER,MF,Bayern Munich,de Bundesliga,21.0,2005,3,1,88,1.0,0,0,0,0,0,0,0,0,0.00,2,0,0.0,2.05,0.00,0.00,,0,0,1,2,1,0,0,0,0,1,0,,,,,,,,,,,,,,
226,Marco Bizot,nl NED,GK,Aston Villa,eng Premier League,35.0,1991,1,1,90,1.0,0,0,0,0,0,0,0,0,0.00,0,0,,0.00,0.00,,,0,0,0,0,0,0,0,0,0,0,0,4,4.00,7,3,42.9,0,0,1,0,0.0,0,0,0,0
227,Antonio Blanco,es ESP,MF,Alavés,es La Liga,26.0,2000,5,5,425,4.7,0,0,0,0,0,0,2,0,0.00,7,0,0.0,1.48,0.00,0.00,,0,0,8,6,13,3,2,0,0,12,0,,,,,,,,,,,,,,
228,Ludovic Blas,fr FRA,MF,Rennes,fr Ligue 1,28.0,1997,4,2,189,2.1,0,0,0,0,0,0,0,0,0.00,10,3,30.0,4.76,1.43,0.00,0.00,0,0,10,3,2,2,0,0,0,4,0,,,,,,,,,,,,,,
229,Oscar Bobb,no NOR,MF,Fulham,eng Premier League,23.0,2003,4,4,273,3.0,0,0,0,0,0,0,0,0,0.00,3,1,33.3,0.99,0.33,0.00,0.00,0,0,11,1,4,5,0,0,0,2,0,,,,,,,,,,,,,,
230,Tomáš Bobček,sk SVK,FW,Frosinone,it Serie A,25.0,2001,1,0,20,0.2,0,0,0,0,0,0,0,0,0.00,1,1,100.0,4.50,4.50,0.00,0.00,0,0,0,1,0,0,0,0,0,0,0,,,,,,,,,,,,,,
231,Jeremie Boga,ci CIV,MF,Juventus,it Serie A,29.0,1997,3,1,105,1.2,0,0,0,0,0,0,0,0,0.00,1,1,100.0,0.86,0.86,0.00,0.00,0,0,10,1,0,0,0,0,0,0,0,,,,,,,,,,,,,,
232,Lamare Bogarde,nl NED,"DF,MF",Aston Villa,eng Premier League,22.0,2004,1,0,17,0.2,0,0,0,0,0,0,0,0,0.00,0,0,,0.00,0.00,,,0,0,0,0,0,0,0,0,0,0,0,,,,,,,,,,,,,,
233,Jayden Bogle,eng ENG,MF,Leeds United,eng Premier League,26.0,2000,3,3,217,2.4,1,0,1,1,0,0,1,0,0.41,1,1,100.0,0.41,0.41,1.00,1.00,0,0,3,2,2,6,1,0,0,3,0,,,,,,,,,,,,,,
234,Adama Boiro,es ESP,DF,Athletic Club,es La Liga,24.0,2002,1,0,21,0.2,0,0,0,0,0,0,0,0,0.00,0,0,,0.00,0.00,,,0,0,0,0,1,1,0,0,0,0,0,,,,,,,,,,,,,,
235,Noa Boisse,fr FRA,DF,Le Mans,fr Ligue 1,20.0,2006,4,4,315,3.5,0,0,0,0,0,0,2,0,0.00,0,0,,0.00,0.00,,,0,0,1,5,3,1,2,0,0,7,0,,,,,,,,,,,,,,
236,Hugo Bolin,se SWE,"MF,FW",Gladbach,de Bundesliga,23.0,2003,3,3,225,2.5,2,0,2,2,0,0,1,0,0.80,10,4,40.0,4.00,1.60,0.20,0.50,0,0,3,1,2,6,1,0,0,5,0,,,,,,,,,,,,,,
237,Victor Boniface,ng NGA,FW,Leverkusen,de Bundesliga,25.0,2000,1,0,6,0.1,0,0,0,0,0,0,0,0,0.00,3,1,33.3,45.00,15.00,0.00,0.00,0,0,0,0,0,0,0,0,0,0,0,,,,,,,,,,,,,,
238,Rahim Bonkano,ne NIG,DF,Bologna,it Serie A,24.0,2002,2,2,135,1.5,0,0,0,0,0,0,0,0,0.00,2,0,0.0,1.33,0.00,0.00,,0,0,3,1,2,1,0,0,0,3,0,,,,,,,,,,,,,,
239,Ange-Yoan Bonny,ci CIV,FW,Inter,it Serie A,22.0,2003,2,0,49,0.5,0,0,0,0,0,0,0,0,0.00,1,0,0.0,1.84,0.00,0.00,,0,0,3,2,1,1,0,0,0,1,0,,,,,,,,,,,,,,
240,Sebastiaan Bornauw,be BEL,DF,Hamburger SV,de Bundesliga,27.0,1999,2,2,180,2.0,0,0,0,0,0,0,0,0,0.00,0,0,,0.00,0.00,,,0,0,1,0,4,0,0,0,0,4,0,,,,,,,,,,,,,,
241,Gennaro Borrelli,it ITA,FW,Cagliari,it Serie A,26.0,2000,2,0,38,0.4,0,0,0,0,0,0,0,0,0.00,2,0,0.0,4.74,0.00,0.00,,0,0,0,2,1,1,0,0,0,1,0,,,,,,,,,,,,,,
242,Olivier Boscagli,fr FRA,"DF,MF",Brighton,eng Premier League,28.0,1997,4,4,346,3.8,0,0,0,0,0,0,1,0,0.00,2,1,50.0,0.52,0.26,0.00,0.00,0,0,18,2,4,6,1,0,0,8,0,,,,,,,,,,,,,,
243,Sebastián Boselli,uy URU,DF,Getafe,es La Liga,22.0,2003,4,1,100,1.1,0,0,0,0,0,0,0,0,0.00,0,0,,0.00,0.00,,,0,0,3,2,2,0,0,0,0,3,0,,,,,,,,,,,,,,
244,Sven Botman,nl NED,DF,Newcastle,eng Premier League,26.0,2000,3,3,270,3.0,0,0,0,0,0,0,1,0,0.00,1,0,0.0,0.33,0.00,0.00,,0,0,0,0,1,1,1,0,0,0,0,,,,,,,,,,,,,,
245,Ayyoub Bouaddi,ma MAR,MF,Manchester City,eng Premier League,18.0,2007,2,0,24,0.3,0,0,0,0,0,0,0,0,0.00,0,0,,0.00,0.00,,,0,0,0,0,1,0,0,0,0,0,0,,,,,,,,,,,,,,
246,Kaïl Boudache,fr FRA,"MF,FW",Lyon,fr Ligue 1,20.0,2006,4,2,178,2.0,0,0,0,0,0,0,0,0,0.00,7,1,14.3,3.54,0.51,0.00,0.00,0,0,6,0,1,5,0,0,0,2,0,,,,,,,,,,,,,,
247,Hicham Boudaoui,dz ALG,MF,Nice,fr Ligue 1,26.0,1999,1,0,5,0.1,0,0,0,0,0,0,0,0,0.00,0,0,,0.00,0.00,,,0,0,0,0,1,0,0,0,0,0,0,,,,,,,,,,,,,,
248,Ismaïl Bouneb,fr FRA,MF,Le Havre,fr Ligue 1,20.0,2006,1,0,11,0.1,0,0,0,0,0,0,0,0,0.00,0,0,,0.00,0.00,,,0,0,4,0,0,0,0,0,0,0,0,,,,,,,,,,,,,,
249,Adil Bourabaa,fr FRA,MF,Le Mans,fr Ligue 1,21.0,2005,4,4,310,3.4,2,2,4,2,0,0,0,0,1.16,6,2,33.3,1.74,0.58,0.33,1.00,0,0,4,1,5,4,0,0,0,5,0,,,,,,,,,,,,,,
250,Justin Bourgault,fr FRA,FW,Brest,fr Ligue 1,21.0,2005,1,0,3,0.0,0,0,0,0,0,0,0,0,0.00,0,0,,0.00,0.00,,,0,0,0,0,0,0,0,0,0,0,0,,,,,,,,,,,,,,
251,Kieron Bowie,sct SCO,FW,Sassuolo,it Serie A,23.0,2002,4,3,268,3.0,1,0,1,1,0,0,0,0,0.34,8,3,37.5,2.69,1.01,0.13,0.33,0,0,0,1,1,6,0,0,0,4,0,,,,,,,,,,,,,,
252,Lucas Boyé,ar ARG,FW,Alavés,es La Liga,30.0,1996,4,4,316,3.5,4,0,4,4,0,0,0,0,1.14,12,5,41.7,3.42,1.42,0.33,0.80,0,0,2,9,0,8,0,0,0,11,0,,,,,,,,,,,,,,
253,Enzo Boyomo,cm CMR,DF,Osasuna,es La Liga,24.0,2001,2,1,111,1.2,0,0,0,0,0,0,0,0,0.00,0,0,,0.00,0.00,,,0,0,0,3,1,1,0,0,0,4,0,,,,,,,,,,,,,,
254,Gabriele Bracaglia,it ITA,DF,Frosinone,it Serie A,23.0,2003,4,4,328,3.6,1,1,2,1,0,0,2,0,0.55,5,3,60.0,1.37,0.82,0.20,0.33,0,0,2,3,2,6,2,0,0,7,0,,,,,,,,,,,,,,
255,Calvin Brackelmann,de GER,DF,Augsburg,de Bundesliga,27.0,1999,3,3,262,2.9,0,0,0,0,0,0,0,0,0.00,2,0,0.0,0.69,0.00,0.00,,0,0,8,6,5,1,0,0,0,2,0,,,,,,,,,,,,,,
256,Daniel Bragança,pt POR,MF,Torino,it Serie A,27.0,1999,1,0,21,0.2,0,0,0,0,0,0,0,0,0.00,0,0,,0.00,0.00,,,0,0,0,1,0,0,0,0,0,0,0,,,,,,,,,,,,,,
257,Bilal Brahimi,dz ALG,"FW,MF",Le Mans,fr Ligue 1,26.0,2000,2,0,40,0.4,0,0,0,0,0,0,0,0,0.00,0,0,,0.00,0.00,,,0,0,2,0,1,1,0,0,0,0,0,,,,,,,,,,,,,,
258,Kaden Braithwaite,eng ENG,DF,Manchester City,eng Premier League,18.0,2008,1,0,2,0.0,0,0,0,0,0,0,0,0,0.00,0,0,,0.00,0.00,,,0,0,0,0,0,0,0,0,0,0,0,,,,,,,,,,,,,,
259,Jarrad Branthwaite,eng ENG,DF,Everton,eng Premier League,24.0,2002,4,4,360,4.0,0,0,0,0,0,0,0,0,0.00,3,3,100.0,0.75,0.75,0.00,0.00,0,0,0,3,5,2,0,0,0,2,0,,,,,,,,,,,,,,
260,Lilian Brassier,fr FRA,DF,Frankfurt,de Bundesliga,26.0,1999,2,2,180,2.0,0,0,0,0,0,0,0,0,0.00,1,0,0.0,0.50,0.00,0.00,,0,0,2,3,7,1,0,0,0,0,0,,,,,,,,,,,,,,
261,Fabian Bredlow,de GER,GK,Stuttgart,de Bundesliga,31.0,1995,3,3,270,3.0,0,0,0,0,0,0,0,0,0.00,0,0,,0.00,0.00,,,0,0,0,0,0,1,0,0,0,0,0,8,2.67,22,14,63.6,1,0,2,0,0.0,0,0,0,0
262,Gleison Bremer,br BRA,DF,Juventus,it Serie A,29.0,1997,4,4,360,4.0,1,0,1,1,0,0,0,0,0.25,3,1,33.3,0.75,0.25,0.33,1.00,0,0,0,4,7,1,0,0,0,6,0,,,,,,,,,,,,,,
263,Marco Brescianini,it ITA,MF,Fiorentina,it Serie A,26.0,2000,4,2,128,1.4,0,0,0,0,0,0,0,0,0.00,1,1,100.0,0.70,0.70,0.00,0.00,0,0,0,1,3,0,0,0,0,1,0,,,,,,,,,,,,,,
264,Lucas Bretelle,fr FRA,MF,Le Mans,fr Ligue 1,24.0,2002,3,2,151,1.7,0,0,0,0,0,0,0,0,0.00,0,0,,0.00,0.00,,,0,0,1,2,5,4,0,0,0,4,0,,,,,,,,,,,,,,
265,Abel Bretones,es ESP,DF,Osasuna,es La Liga,26.0,2000,5,4,405,4.5,0,0,0,0,0,0,1,0,0.00,2,0,0.0,0.44,0.00,0.00,,0,0,10,9,4,2,1,0,0,8,0,,,,,,,,,,,,,,
266,Sascha Britschgi,ch SUI,MF,Parma,it Serie A,20.0,2006,2,2,159,1.8,0,0,0,0,0,0,0,0,0.00,0,0,,0.00,0.00,,,0,0,0,2,0,2,0,0,0,2,0,,,,,,,,,,,,,,
267,Brian Brobbey,nl NED,FW,Sunderland,eng Premier League,24.0,2002,4,4,310,3.4,0,0,0,0,0,0,1,0,0.00,6,1,16.7,1.74,0.29,0.00,0.00,0,0,0,0,0,4,1,0,0,7,0,,,,,,,,,,,,,,
268,David Brooks,wls WAL,"FW,MF",Bournemouth,eng Premier League,29.0,1997,3,0,33,0.4,0,0,0,0,0,0,1,0,0.00,0,0,,0.00,0.00,,,0,0,0,0,0,1,1,0,0,3,0,,,,,,,,,,,,,,
269,Nathaniel Brown,de GER,"MF,DF",Bayern Munich,de Bundesliga,23.0,2003,3,3,169,1.9,0,0,0,0,0,0,0,0,0.00,3,2,66.7,1.60,1.07,0.00,0.00,0,0,2,2,0,2,0,0,0,0,0,,,,,,,,,,,,,,
270,Brugui,es ESP,MF,Levante,es La Liga,29.0,1996,4,4,353,3.9,3,0,3,3,0,0,0,0,0.76,12,5,41.7,3.06,1.27,0.25,0.60,0,0,4,2,1,4,0,0,0,3,0,,,,,,,,,,,,,,
271,Paris Brunner,de GER,FW,Monaco,fr Ligue 1,20.0,2006,4,4,298,3.3,3,0,3,3,0,0,0,0,0.91,13,6,46.2,3.93,1.81,0.23,0.50,0,0,1,2,0,3,0,0,0,2,0,,,,,,,,,,,,,,
272,Kaiki Bruno,br BRA,DF,Como,it Serie A,23.0,2003,1,0,10,0.1,0,0,0,0,0,0,0,0,0.00,1,1,100.0,9.00,9.00,0.00,0.00,0,0,0,0,0,0,0,0,0,0,0,,,,,,,,,,,,,,
273,Lucas Buadés,fr FRA,MF,Le Mans,fr Ligue 1,28.0,1997,2,2,180,2.0,0,0,0,0,0,0,0,0,0.00,1,1,100.0,0.50,0.50,0.00,0.00,0,0,7,2,1,8,0,0,0,1,0,,,,,,,,,,,,,,
274,Tajon Buchanan,ca CAN,MF,Villarreal,es La Liga,27.0,1999,4,1,156,1.7,0,0,0,0,0,0,1,0,0.00,4,2,50.0,2.31,1.15,0.00,0.00,0,0,12,2,1,7,1,0,0,4,0,,,,,,,,,,,,,,
275,Ante Budimir,hr CRO,FW,Osasuna,es La Liga,35.0,1991,5,4,382,4.2,4,0,4,1,3,3,0,0,0.24,16,10,62.5,3.77,2.36,0.25,0.40,3,3,1,4,0,12,0,0,0,7,0,,,,,,,,,,,,,,
276,Emi Buendía,ar ARG,"MF,FW",Aston Villa,eng Premier League,29.0,1996,4,4,311,3.5,0,0,0,0,0,0,0,0,0.00,6,0,0.0,1.74,0.00,0.00,,0,0,8,0,2,6,0,0,0,3,0,,,,,,,,,,,,,,
277,Manu Bueno,es ESP,MF,Sevilla,es La Liga,22.0,2004,2,0,29,0.3,0,0,0,0,0,0,0,0,0.00,0,0,,0.00,0.00,,,0,0,0,1,0,2,0,0,0,0,0,,,,,,,,,,,,,,
278,Andrija Bulatović,me MNE,MF,Lens,fr Ligue 1,19.0,2006,4,1,152,1.7,0,0,0,0,0,0,1,0,0.00,6,2,33.3,3.55,1.18,0.00,0.00,0,0,7,2,4,3,1,0,0,2,0,,,,,,,,,,,,,,
279,Marius Bülter,de GER,MF,Köln,de Bundesliga,33.0,1993,3,1,107,1.2,0,0,0,0,0,0,0,0,0.00,5,3,60.0,4.21,2.52,0.00,0.00,0,0,3,0,0,0,0,0,0,2,0,,,,,,,,,,,,,,
280,Facundo Buonanotte,ar ARG,MF,Elche,es La Liga,21.0,2004,4,3,217,2.4,1,0,1,0,1,1,1,0,0.00,8,4,50.0,3.32,1.66,0.13,0.25,1,1,6,3,3,2,1,0,0,6,0,,,,,,,,,,,,,,
281,Livan Burcu,tr TUR,MF,Union Berlin,de Bundesliga,21.0,2004,3,2,153,1.7,0,0,0,0,0,0,0,0,0.00,2,0,0.0,1.18,0.00,0.00,,0,0,6,1,2,5,0,0,0,0,0,,,,,,,,,,,,,,
282,Wouter Burger,nl NED,MF,Hoffenheim,de Bundesliga,25.0,2001,3,3,258,2.9,0,0,0,0,0,0,2,0,0.00,3,1,33.3,1.05,0.35,0.00,0.00,0,0,6,2,2,3,2,0,0,4,0,,,,,,,,,,,,,,
283,Jonathan Burkardt,de GER,FW,Frankfurt,de Bundesliga,26.0,2000,3,3,228,2.5,2,1,3,2,0,0,0,0,1.18,8,2,25.0,3.16,0.79,0.25,1.00,0,0,2,0,3,5,0,0,0,1,0,,,,,,,,,,,,,,
284,Gianluca Busio,us USA,MF,Venezia,it Serie A,24.0,2002,4,4,313,3.5,0,2,2,0,0,0,1,0,0.58,5,0,0.0,1.44,0.00,0.00,,0,0,8,2,2,3,1,0,0,3,0,,,,,,,,,,,,,,
285,Jean Butez,fr FRA,GK,Como,it Serie A,31.0,1995,3,3,270,3.0,0,0,0,0,0,0,0,0,0.00,0,0,,0.00,0.00,,,0,0,0,0,0,0,0,0,0,0,0,3,1.00,7,4,57.1,2,1,0,0,0.0,0,0,0,0
286,Leandro Cabrera,uy URU,DF,Espanyol,es La Liga,35.0,1991,2,2,180,2.0,0,0,0,0,0,0,0,0,0.00,0,0,,0.00,0.00,,,0,0,0,0,0,1,0,0,0,4,0,,,,,,,,,,,,,,
287,Alessio Cacciamani,it ITA,"MF,DF",Torino,it Serie A,19.0,2007,3,3,225,2.5,0,1,1,0,0,0,0,0,0.40,1,0,0.0,0.40,0.00,0.00,,0,0,12,3,1,5,0,0,0,2,0,,,,,,,,,,,,,,
288,Sebastián Cáceres,uy URU,DF,Celta Vigo,es La Liga,27.0,1999,1,1,90,1.0,0,0,0,0,0,0,0,0,0.00,1,0,0.0,1.00,0.00,0.00,,0,0,0,1,1,1,0,0,0,1,0,,,,,,,,,,,,,,
289,Anthony Caci,fr FRA,MF,Mainz 05,de Bundesliga,29.0,1997,3,3,213,2.4,0,0,0,0,0,0,1,0,0.00,2,1,50.0,0.85,0.42,0.00,0.00,0,0,7,7,4,1,1,0,0,3,0,,,,,,,,,,,,,,
290,Noah Cadiou,gp GLP,MF,Lorient,fr Ligue 1,27.0,1998,4,4,353,3.9,0,0,0,0,0,0,0,0,0.00,6,0,0.0,1.53,0.00,0.00,,0,0,1,6,3,4,0,0,0,3,0,,,,,,,,,,,,,,
291,Moisés Caicedo,ec ECU,MF,Chelsea,eng Premier League,24.0,2001,1,0,14,0.2,0,0,0,0,0,0,0,0,0.00,0,0,,0.00,0.00,,,0,0,0,0,0,0,0,0,0,0,0,,,,,,,,,,,,,,
292,Jens Cajuste,se SWE,MF,Málaga,es La Liga,27.0,1999,1,0,5,0.1,0,0,0,0,0,0,0,0,0.00,0,0,,0.00,0.00,,,0,0,0,1,0,0,0,0,0,0,0,,,,,,,,,,,,,,
293,Riccardo Calafiori,it ITA,DF,Arsenal,eng Premier League,24.0,2002,4,4,327,3.6,0,2,2,0,0,0,0,0,0.55,5,1,20.0,1.38,0.28,0.00,0.00,0,0,1,2,1,1,0,0,0,3,0,,,,,,,,,,,,,,
294,Álex Calatrava,es ESP,MF,Espanyol,es La Liga,26.0,2000,5,4,309,3.4,1,0,1,1,0,0,3,0,0.29,8,4,50.0,2.33,1.17,0.13,0.25,0,0,3,6,3,3,3,0,0,7,0,,,,,,,,,,,,,,
295,Duje Ćaleta-Car,hr CRO,DF,Sassuolo,it Serie A,29.0,1996,1,0,10,0.1,0,0,0,0,0,0,0,0,0.00,0,0,,0.00,0.00,,,0,0,0,0,0,0,0,0,0,0,0,,,,,,,,,,,,,,
296,Hakan Çalhanoğlu,tr TUR,MF,Inter,it Serie A,32.0,1994,3,2,136,1.5,2,0,2,2,0,0,1,0,1.32,3,2,66.7,1.99,1.32,0.67,1.00,0,0,5,1,3,1,1,0,0,2,0,,,,,,,,,,,,,,
297,Giacomo Calò,it ITA,MF,Frosinone,it Serie A,29.0,1997,4,4,348,3.9,0,1,1,0,0,0,0,0,0.26,6,2,33.3,1.55,0.52,0.00,0.00,0,0,25,1,1,8,0,0,0,5,0,,,,,,,,,,,,,,
298,Lucas Calodat,fr FRA,MF,Le Mans,fr Ligue 1,24.0,2002,4,3,244,2.7,1,1,2,1,0,0,0,0,0.74,3,3,100.0,1.11,1.11,0.33,0.33,0,0,8,1,6,2,0,0,0,2,0,,,,,,,,,,,,,,
299,Gabriele Calvani,it ITA,DF,Frosinone,it Serie A,22.0,2004,4,4,343,3.8,0,0,0,0,0,0,2,0,0.00,4,0,0.0,1.05,0.00,0.00,,0,0,1,7,5,4,2,0,0,5,0,,,,,,,,,,,,,,
300,Dominic Calvert-Lewin,eng ENG,FW,Leeds United,eng Premier League,29.0,1997,3,3,252,2.8,1,0,1,1,0,0,2,0,0.36,6,3,50.0,2.14,1.07,0.17,0.33,0,0,0,0,0,3,2,0,0,7,0,,,,,,,,,,,,,,
301,Aboulaye Camara,mr MTN,MF,Nice,fr Ligue 1,18.0,2008,1,0,6,0.1,0,0,0,0,0,0,0,0,0.00,0,0,,0.00,0.00,,,0,0,0,0,0,0,0,0,0,0,0,,,,,,,,,,,,,,
302,Adama Camara,fr FRA,"DF,MF",Paris FC,fr Ligue 1,29.0,1996,4,4,360,4.0,0,0,0,0,0,0,0,0,0.00,1,0,0.0,0.25,0.00,0.00,,0,0,1,7,3,3,0,0,0,1,0,,,,,,,,,,,,,,
303,Lamine Camara,sn SEN,MF,Monaco,fr Ligue 1,22.0,2004,4,4,360,4.0,0,1,1,0,0,0,1,0,0.25,2,1,50.0,0.50,0.25,0.00,0.00,0,0,8,15,6,10,1,0,0,6,0,,,,,,,,,,,,,,
304,Mahdi Camara,fr FRA,MF,Rennes,fr Ligue 1,28.0,1998,3,2,211,2.3,0,0,0,0,0,0,0,0,0.00,4,1,25.0,1.71,0.43,0.00,0.00,0,0,3,1,2,4,0,0,0,6,0,,,,,,,,,,,,,,
305,Ousmane Camara,ml MLI,DF,Angers,fr Ligue 1,23.0,2003,4,4,360,4.0,0,1,1,0,0,0,0,0,0.25,2,0,0.0,0.50,0.00,0.00,,0,0,0,5,7,0,0,0,0,0,0,,,,,,,,,,,,,,
306,Francesco Camarda,it ITA,FW,Milan,it Serie A,18.0,2008,1,0,6,0.1,0,0,0,0,0,0,0,0,0.00,0,0,,0.00,0.00,,,0,0,0,0,0,0,0,0,0,0,0,,,,,,,,,,,,,,
307,Eduardo Camavinga,fr FRA,MF,Real Madrid,es La Liga,23.0,2002,5,2,222,2.5,0,0,0,0,0,0,2,0,0.00,0,0,,0.00,0.00,,,0,0,0,2,3,2,2,0,0,5,0,,,,,,,,,,,,,,
308,Nicolò Cambiaghi,it ITA,MF,Bologna,it Serie A,25.0,2000,4,4,295,3.3,0,0,0,0,0,0,1,0,0.00,8,1,12.5,2.44,0.31,0.00,0.00,0,0,9,2,2,10,1,0,0,8,0,,,,,,,,,,,,,,
309,Andrea Cambiaso,it ITA,"DF,MF",Juventus,it Serie A,26.0,2000,2,0,32,0.4,0,0,0,0,0,0,1,0,0.00,0,0,,0.00,0.00,,,0,0,0,1,0,1,1,0,0,1,0,,,,,,,,,,,,,,
310,Axel Camblan,fr FRA,FW,Brest,fr Ligue 1,23.0,2003,1,0,20,0.2,0,0,0,0,0,0,0,0,0.00,1,0,0.0,4.50,0.00,0.00,,0,0,2,0,0,0,0,0,0,0,0,,,,,,,,,,,,,,
311,Sergio Camello,es ESP,FW,Rayo Vallecano,es La Liga,25.0,2001,5,4,321,3.6,6,1,7,6,0,0,2,0,1.96,13,10,76.9,3.64,2.80,0.46,0.60,0,0,2,3,0,11,2,0,0,4,0,,,,,,,,,,,,,,
312,Cole Campbell,us USA,MF,Elversberg,de Bundesliga,20.0,2006,3,3,172,1.9,1,0,1,1,0,0,1,0,0.52,4,3,75.0,2.09,1.57,0.25,0.33,0,0,3,0,0,6,1,0,0,3,0,,,,,,,,,,,,,,
313,Peio Canales,es ESP,MF,Athletic Club,es La Liga,21.0,2005,3,2,206,2.3,0,0,0,0,0,0,0,0,0.00,3,2,66.7,1.31,0.87,0.00,0.00,0,0,4,2,1,4,0,0,0,1,0,,,,,,,,,,,,,,
314,Sergio Canales,es ESP,MF,Racing Sant,es La Liga,35.0,1991,5,5,386,4.3,1,0,1,1,0,0,0,0,0.23,13,5,38.5,3.03,1.17,0.08,0.20,0,0,12,4,2,7,0,0,0,3,0,,,,,,,,,,,,,,
315,Matteo Cancellieri,it ITA,FW,Lazio,it Serie A,24.0,2002,4,3,202,2.2,1,0,1,1,0,0,1,0,0.45,6,3,50.0,2.67,1.34,0.17,0.33,0,0,4,1,1,1,1,0,0,5,0,,,,,,,,,,,,,,
316,João Cancelo,pt POR,"DF,MF",Barcelona,es La Liga,32.0,1994,4,0,42,0.5,0,0,0,0,0,0,0,0,0.00,1,0,0.0,2.14,0.00,0.00,,0,0,1,1,0,0,0,0,0,0,0,,,,,,,,,,,,,,
317,Jaydee Canvot,fr FRA,DF,Crystal Palace,eng Premier League,20.0,2006,3,3,270,3.0,0,0,0,0,0,0,0,0,0.00,1,0,0.0,0.33,0.00,0.00,,0,0,0,6,4,1,0,0,0,0,0,,,,,,,,,,,,,,
318,Nicolás Capaldo,ar ARG,DF,Hamburger SV,de Bundesliga,28.0,1998,3,3,270,3.0,0,0,0,0,0,0,1,0,0.00,1,0,0.0,0.33,0.00,0.00,,0,0,3,4,6,10,1,0,0,7,0,,,,,,,,,,,,,,
319,Elia Caprile,it ITA,GK,Cagliari,it Serie A,25.0,2001,4,4,360,4.0,0,0,0,0,0,0,0,0,0.00,0,0,,0.00,0.00,,,0,0,0,0,0,0,0,0,0,0,0,2,0.50,15,13,86.7,3,0,1,2,50.0,0,0,0,0
320,Maxence Caqueret,fr FRA,MF,Como,it Serie A,26.0,2000,3,0,60,0.7,0,0,0,0,0,0,0,0,0.00,0,0,,0.00,0.00,,,0,0,0,0,0,0,0,0,0,1,0,,,,,,,,,,,,,,
321,Andrea Carboni,it ITA,DF,Monza,it Serie A,25.0,2001,4,4,350,3.9,0,0,0,0,0,0,0,0,0.00,4,2,50.0,1.03,0.51,0.00,0.00,0,0,5,2,5,1,0,0,0,4,0,,,,,,,,,,,,,,
322,Dani Cárdenas,es ESP,GK,Rayo Vallecano,es La Liga,29.0,1997,3,2,211,2.3,0,0,0,0,0,0,0,0,0.00,0,0,,0.00,0.00,,,0,0,0,0,0,1,0,0,0,0,0,8,3.41,16,8,50.0,1,0,1,0,0.0,0,0,0,0
323,Sergi Cardona,es ESP,DF,Villarreal,es La Liga,27.0,1999,1,1,90,1.0,0,0,0,0,0,0,0,0,0.00,0,0,,0.00,0.00,,,0,0,3,1,2,1,0,0,0,3,0,,,,,,,,,,,,,,
324,Johnny Cardoso,us USA,MF,Atlético Madrid,es La Liga,24.0,2001,3,0,53,0.6,0,0,0,0,0,0,1,0,0.00,1,0,0.0,1.70,0.00,0.00,,0,0,0,1,1,1,1,0,0,3,0,,,,,,,,,,,,,,
325,Diego Carlos,br BRA,DF,Parma,it Serie A,33.0,1993,1,1,45,0.5,0,0,0,0,0,0,0,0,0.00,1,0,0.0,2.00,0.00,0.00,,0,0,0,0,0,0,0,0,0,2,0,,,,,,,,,,,,,,
326,Kevin Carlos,es ESP,FW,Cagliari,it Serie A,25.0,2001,2,0,46,0.5,0,0,0,0,0,0,1,0,0.00,0,0,,0.00,0.00,,,0,0,1,0,0,1,1,0,0,1,0,,,,,,,,,,,,,,
327,Carmona,es ESP,"DF,MF",Sevilla,es La Liga,24.0,2002,2,0,43,0.5,0,0,0,0,0,0,0,0,0.00,0,0,,0.00,0.00,,,0,0,1,0,1,2,0,0,0,1,0,,,,,,,,,,,,,,
328,Marco Carnesecchi,it ITA,GK,Atalanta,it Serie A,26.0,2000,4,4,360,4.0,0,0,0,0,0,0,0,0,0.00,0,0,,0.00,0.00,,,0,0,0,0,0,0,0,0,0,0,0,5,1.25,27,22,81.5,2,0,2,1,25.0,1,1,0,0
329,Sergio Carreira,es ESP,MF,Celta Vigo,es La Liga,25.0,2000,6,4,413,4.6,0,0,0,0,0,0,1,0,0.00,4,1,25.0,0.87,0.22,0.00,0.00,0,0,3,2,0,7,1,0,0,4,0,,,,,,,,,,,,,,
330,Álvaro Carreras,es ESP,DF,Real Madrid,es La Liga,23.0,2003,4,3,201,2.2,1,0,1,1,0,0,1,0,0.45,1,1,100.0,0.45,0.45,1.00,1.00,0,0,3,4,2,2,1,0,0,1,0,,,,,,,,,,,,,,
331,Cesare Casadei,it ITA,MF,Torino,it Serie A,23.0,2003,1,1,69,0.8,0,0,0,0,0,0,0,0,0.00,0,0,,0.00,0.00,,,0,0,1,2,0,1,0,0,0,1,0,,,,,,,,,,,,,,
332,Marc Casado,es ESP,MF,Dep. A Coruña,es La Liga,23.0,2003,2,1,86,1.0,0,0,0,0,0,0,0,0,0.00,0,0,,0.00,0.00,,,0,0,0,0,1,5,0,0,0,0,0,,,,,,,,,,,,,,
333,Matty Cash,pl POL,DF,Aston Villa,eng Premier League,29.0,1997,3,3,251,2.8,0,0,0,0,0,0,1,0,0.00,1,0,0.0,0.36,0.00,0.00,,0,0,1,5,1,5,1,0,0,5,0,,,,,,,,,,,,,,
334,Josué Casimir,ht HAI,"FW,MF",Auxerre,fr Ligue 1,24.0,2001,2,0,24,0.3,0,0,0,0,0,0,0,0,0.00,2,0,0.0,7.50,0.00,0.00,,0,0,1,1,0,0,0,0,0,1,0,,,,,,,,,,,,,,
335,Cristian Cásseres Jr.,ve VEN,MF,Toulouse,fr Ligue 1,26.0,2000,4,4,360,4.0,0,3,3,0,0,0,1,0,0.75,5,1,20.0,1.25,0.25,0.00,0.00,0,0,16,15,3,9,1,0,0,8,0,,,,,,,,,,,,,,
336,Timothy Castagne,be BEL,DF,Fulham,eng Premier League,30.0,1995,4,4,318,3.5,0,1,1,0,0,0,1,0,0.28,4,2,50.0,1.13,0.57,0.00,0.00,0,0,5,5,4,4,1,0,0,7,0,,,,,,,,,,,,,,
337,Santiago Castaneda,us USA,MF,Paderborn 07,de Bundesliga,21.0,2004,3,3,270,3.0,0,0,0,0,0,0,1,0,0.00,3,1,33.3,1.00,0.33,0.00,0.00,0,0,1,3,7,3,1,0,0,3,0,,,,,,,,,,,,,,
338,Castrin,es ESP,DF,Sevilla,es La Liga,23.0,2003,4,3,301,3.3,0,0,0,0,0,0,0,0,0.00,2,1,50.0,0.60,0.30,0.00,0.00,0,0,0,2,4,1,0,0,0,0,0,,,,,,,,,,,,,,
339,Jonny Castro,es ESP,DF,Alavés,es La Liga,32.0,1994,5,5,418,4.6,0,0,0,0,0,0,0,0,0.00,2,1,50.0,0.43,0.22,0.00,0.00,0,0,3,8,4,3,0,0,0,1,0,,,,,,,,,,,,,,
340,Santiago Castro,ar ARG,FW,Roma,it Serie A,21.0,2004,3,0,75,0.8,0,0,0,0,0,0,0,0,0.00,6,0,0.0,7.20,0.00,0.00,,0,0,2,0,1,2,0,0,0,5,0,,,,,,,,,,,,,,
341,Alessio Castro-Montes,be BEL,DF,Köln,de Bundesliga,29.0,1997,3,3,243,2.7,0,0,0,0,0,0,1,0,0.00,0,0,,0.00,0.00,,,0,0,18,5,4,0,1,0,0,3,0,,,,,,,,,,,,,,
342,Catena,es ESP,DF,Osasuna,es La Liga,31.0,1994,5,5,450,5.0,0,0,0,0,0,0,0,0,0.00,0,0,,0.00,0.00,,,0,0,1,3,4,3,0,0,0,4,0,,,,,,,,,,,,,,
343,Zeki Çelik,tr TUR,DF,Juventus,it Serie A,29.0,1997,4,4,335,3.7,0,0,0,0,0,0,1,0,0.00,1,0,0.0,0.27,0.00,0.00,,0,0,4,9,5,1,1,0,0,3,0,,,,,,,,,,,,,,
344,Lucas Cepeda,cl CHI,MF,Elche,es La Liga,23.0,2002,5,0,110,1.2,0,1,1,0,0,0,0,0,0.82,7,4,57.1,5.73,3.27,0.00,0.00,0,0,7,0,3,1,0,0,0,3,0,,,,,,,,,,,,,,
345,Julian Chabot,de GER,DF,Stuttgart,de Bundesliga,28.0,1998,3,3,253,2.8,0,0,0,0,0,0,1,0,0.00,5,2,40.0,1.78,0.71,0.00,0.00,0,0,0,6,5,0,1,0,0,4,0,,,,,,,,,,,,,,
346,Fares Chaïbi,dz ALG,MF,Frankfurt,de Bundesliga,23.0,2002,2,1,112,1.2,0,0,0,0,0,0,0,0,0.00,2,0,0.0,1.61,0.00,0.00,,0,0,6,1,1,1,0,0,0,0,0,,,,,,,,,,,,,,
347,Trevoh Chalobah,eng ENG,DF,Como,it Serie A,27.0,1999,3,3,270,3.0,0,0,0,0,0,0,0,0,0.00,1,1,100.0,0.33,0.33,0.00,0.00,0,0,0,4,3,1,0,0,0,0,0,,,,,,,,,,,,,,
348,Timothy Chandler,us USA,"DF,MF",Frankfurt,de Bundesliga,36.0,1990,2,0,26,0.3,0,0,0,0,0,0,0,0,0.00,1,0,0.0,3.46,0.00,0.00,,0,0,1,0,1,0,0,0,0,1,0,,,,,,,,,,,,,,
349,Shea Charles,nir NIR,MF,Fulham,eng Premier League,22.0,2003,4,2,215,2.4,0,0,0,0,0,0,0,0,0.00,2,0,0.0,0.84,0.00,0.00,,0,0,1,2,7,3,0,0,0,1,0,,,,,,,,,,,,,,
350,Pep Chavarría,es ESP,"DF,MF",Chelsea,eng Premier League,28.0,1998,4,0,121,1.3,0,0,0,0,0,0,0,0,0.00,0,0,,0.00,0.00,,,0,0,3,1,1,1,0,0,0,1,0,,,,,,,,,,,,,,
351,Chema,es ESP,MF,Stuttgart,de Bundesliga,21.0,2005,1,0,3,0.0,0,0,0,0,0,0,0,0,0.00,0,0,,0.00,0.00,,,0,0,0,0,1,0,0,0,0,0,0,,,,,,,,,,,,,,
352,Chema,es ESP,MF,Brighton,eng Premier League,21.0,2005,1,0,26,0.3,0,1,1,0,0,0,0,0,3.46,1,0,0.0,3.46,0.00,0.00,,0,0,0,0,0,0,0,0,0,2,0,,,,,,,,,,,,,,
353,Samir Chergui,dz ALG,DF,Paris FC,fr Ligue 1,27.0,1999,3,3,270,3.0,1,0,1,1,0,0,0,0,0.33,1,1,100.0,0.33,0.33,1.00,1.00,0,0,0,0,7,0,0,0,0,6,0,,,,,,,,,,,,,,
354,Sidiki Cherif,fr FRA,FW,Coventry City,eng Premier League,19.0,2006,1,0,31,0.3,0,0,0,0,0,0,0,0,0.00,0,0,,0.00,0.00,,,0,0,0,0,1,1,0,0,0,0,0,,,,,,,,,,,,,,
355,Rayan Cherki,fr FRA,MF,Manchester City,eng Premier League,23.0,2003,4,3,219,2.4,2,2,4,2,0,0,1,0,1.64,7,3,42.9,2.88,1.23,0.29,0.67,0,0,11,0,0,3,1,0,0,5,0,,,,,,,,,,,,,,
356,Matteo Chichella,it ITA,MF,Frosinone,it Serie A,20.0,2005,2,1,100,1.1,0,0,0,0,0,0,0,0,0.00,1,1,100.0,0.90,0.90,0.00,0.00,0,0,0,0,1,0,0,0,0,1,0,,,,,,,,,,,,,,
357,Ben Chilwell,eng ENG,"DF,MF",Crystal Palace,eng Premier League,29.0,1996,2,0,31,0.3,1,0,1,1,0,0,0,0,2.90,2,1,50.0,5.81,2.90,0.50,1.00,0,0,1,0,0,2,0,0,0,0,0,,,,,,,,,,,,,,
358,Joris Chotard,fr FRA,MF,Brest,fr Ligue 1,24.0,2001,4,4,347,3.9,0,0,0,0,0,0,0,0,0.00,6,2,33.3,1.56,0.52,0.00,0.00,0,0,29,4,7,1,0,0,0,4,0,,,,,,,,,,,,,,
359,Andreas Christensen,dk DEN,DF,Barcelona,es La Liga,30.0,1996,4,2,254,2.8,0,0,0,0,0,0,0,0,0.00,1,0,0.0,0.35,0.00,0.00,,0,0,0,1,6,1,0,0,0,4,0,,,,,,,,,,,,,,
360,Ryan Christie,sct SCO,"FW,MF",Bournemouth,eng Premier League,31.0,1995,3,0,30,0.3,0,0,0,0,0,0,0,0,0.00,0,0,,0.00,0.00,,,0,0,0,1,3,0,0,0,0,0,0,,,,,,,,,,,,,,
361,Carney Chukwuemeka,at AUT,MF,Dortmund,de Bundesliga,22.0,2003,1,0,26,0.3,0,0,0,0,0,0,0,0,0.00,0,0,,0.00,0.00,,,0,0,0,1,0,0,0,0,0,0,0,,,,,,,,,,,,,,
362,Samuel Chukwueze,ng NGA,MF,Milan,it Serie A,27.0,1999,4,3,300,3.3,0,2,2,0,0,0,0,0,0.60,6,3,50.0,1.80,0.90,0.00,0.00,0,0,18,3,4,1,0,0,0,0,0,,,,,,,,,,,,,,
363,Chupete,es ESP,FW,Málaga,es La Liga,22.0,2004,5,5,450,5.0,1,0,1,0,1,2,1,0,0.00,14,3,21.4,2.80,0.60,0.07,0.33,1,2,0,2,1,7,1,0,0,8,0,,,,,,,,,,,,,,
364,Víctor Chust,es ESP,DF,Elche,es La Liga,26.0,2000,5,5,450,5.0,0,1,1,0,0,0,0,0,0.20,3,1,33.3,0.60,0.20,0.00,0.00,0,0,6,4,5,0,0,0,0,3,0,,,,,,,,,,,,,,
365,Riccardo Ciervo,it ITA,MF,Cagliari,it Serie A,24.0,2002,1,0,8,0.1,0,0,0,0,0,0,0,0,0.00,1,0,0.0,11.25,0.00,0.00,,0,0,2,0,0,0,0,0,0,0,0,,,,,,,,,,,,,,
366,Riccardo Ciervo,it ITA,MF,Sassuolo,it Serie A,24.0,2002,1,0,3,0.0,0,0,0,0,0,0,0,0,0.00,0,0,,0.00,0.00,,,0,0,0,0,0,0,0,0,0,0,0,,,,,,,,,,,,,,
367,Simone Cinquegrano,it ITA,DF,Sassuolo,it Serie A,22.0,2004,4,4,360,4.0,0,0,0,0,0,0,0,0,0.00,4,1,25.0,1.00,0.25,0.00,0.00,0,0,9,3,3,2,0,0,0,4,0,,,,,,,,,,,,,,
368,Pathé Ciss,sn SEN,"DF,MF",Rayo Vallecano,es La Liga,32.0,1994,5,5,450,5.0,0,0,0,0,0,0,2,0,0.00,1,0,0.0,0.20,0.00,0.00,,0,0,0,2,12,4,2,0,0,3,0,,,,,,,,,,,,,,
369,Alphadjo Cissè,it ITA,MF,Milan,it Serie A,19.0,2006,4,3,229,2.5,2,0,2,2,0,0,1,0,0.79,7,2,28.6,2.75,0.79,0.29,1.00,0,0,8,2,0,8,1,0,0,2,0,,,,,,,,,,,,,,
370,Giorgio Cittadini,it ITA,DF,Frosinone,it Serie A,24.0,2002,4,3,230,2.6,0,0,0,0,0,0,1,0,0.00,1,0,0.0,0.39,0.00,0.00,,0,0,0,7,10,1,1,0,0,6,0,,,,,,,,,,,,,,
371,Jack Clarke,eng ENG,MF,Ipswich Town,eng Premier League,25.0,2000,3,1,107,1.2,1,0,1,1,0,0,1,0,0.84,4,2,50.0,3.36,1.68,0.25,0.50,0,0,2,2,1,1,1,0,0,2,0,,,,,,,,,,,,,,
372,Alexis Claude-Maurice,fr FRA,"FW,MF",Augsburg,de Bundesliga,28.0,1998,2,0,63,0.7,1,0,1,1,0,0,0,0,1.43,3,1,33.3,4.29,1.43,0.33,1.00,0,0,0,0,0,3,0,0,0,1,0,,,,,,,,,,,,,,
373,Jonathan Clauss,fr FRA,MF,Nice,fr Ligue 1,33.0,1992,4,4,335,3.7,0,0,0,0,0,0,0,0,0.00,12,3,25.0,3.22,0.81,0.00,0.00,0,0,40,5,2,1,0,0,0,2,0,,,,,,,,,,,,,,
374,Saúl Coco,gq EQG,DF,Torino,it Serie A,27.0,1999,3,3,219,2.4,0,0,0,0,0,0,0,0,0.00,2,1,50.0,0.82,0.41,0.00,0.00,0,0,0,3,0,0,0,0,0,4,0,,,,,,,,,,,,,,
375,Erwan Colas,fr FRA,MF,Le Mans,fr Ligue 1,29.0,1997,1,0,28,0.3,0,0,0,0,0,0,0,0,0.00,0,0,,0.00,0.00,,,0,0,0,0,0,0,0,0,0,0,0,,,,,,,,,,,,,,
376,Nathan Collins,ie IRL,DF,Brentford,eng Premier League,25.0,2001,3,3,196,2.2,0,0,0,0,0,0,1,0,0.00,5,1,20.0,2.30,0.46,0.00,0.00,0,0,0,2,2,3,1,0,0,2,0,,,,,,,,,,,,,,
377,Leonardo Colombo,it ITA,MF,Monza,it Serie A,21.0,2005,1,0,29,0.3,0,0,0,0,0,0,1,0,0.00,0,0,,0.00,0.00,,,0,0,0,0,0,0,1,0,0,1,0,,,,,,,,,,,,,,
378,Lorenzo Colombo,it ITA,FW,Genoa,it Serie A,24.0,2002,4,4,297,3.3,0,1,1,0,0,1,0,0,0.30,5,1,20.0,1.52,0.30,0.00,0.00,0,1,1,1,1,6,0,0,0,5,0,,,,,,,,,,,,,,
379,Andrea Colpani,it ITA,"MF,FW",Monza,it Serie A,27.0,1999,4,3,252,2.8,1,0,1,1,0,0,0,0,0.36,6,4,66.7,2.14,1.43,0.17,0.25,0,0,11,0,2,2,0,0,0,0,0,,,,,,,,,,,,,,
380,Levi Colwill,eng ENG,DF,Chelsea,eng Premier League,23.0,2003,3,3,251,2.8,0,0,0,0,0,0,1,0,0.00,1,0,0.0,0.36,0.00,0.00,,0,0,0,3,2,1,1,0,0,2,0,,,,,,,,,,,,,,
381,Eray Cömert,ch SUI,DF,Torino,it Serie A,28.0,1998,2,2,156,1.7,0,1,1,0,0,0,0,0,0.58,0,0,,0.00,0.00,,,0,0,0,2,1,3,0,0,0,1,0,,,,,,,,,,,,,,
382,Santi Comesaña,es ESP,MF,Villarreal,es La Liga,29.0,1996,4,3,228,2.5,0,0,0,0,0,0,1,0,0.00,0,0,,0.00,0.00,,,0,0,0,4,3,1,1,0,0,9,0,,,,,,,,,,,,,,
383,Pietro Comuzzo,it ITA,DF,Torino,it Serie A,21.0,2005,3,3,243,2.7,1,0,1,1,0,0,0,0,0.37,2,1,50.0,0.74,0.37,0.50,1.00,0,0,0,4,2,0,0,0,0,5,0,,,,,,,,,,,,,,
384,Francisco Conceição,pt POR,MF,Juventus,it Serie A,23.0,2002,4,4,289,3.2,0,1,1,0,0,0,0,0,0.31,10,4,40.0,3.11,1.25,0.00,0.00,0,0,21,2,1,4,0,0,0,10,0,,,,,,,,,,,,,,
385,Amara Conde,de GER,MF,Elversberg,de Bundesliga,29.0,1997,2,0,21,0.2,0,0,0,0,0,0,1,0,0.00,0,0,,0.00,0.00,,,0,0,0,0,0,1,1,0,0,0,0,,,,,,,,,,,,,,
386,Bambasé Conté,de GER,"MF,FW",Hoffenheim,de Bundesliga,23.0,2003,3,2,162,1.8,0,2,2,0,0,0,0,0,1.11,2,0,0.0,1.11,0.00,0.00,,0,0,3,1,0,6,0,0,0,1,0,,,,,,,,,,,,,,
387,Lewis Cook,eng ENG,MF,Bournemouth,eng Premier League,29.0,1997,4,2,166,1.8,0,0,0,0,0,0,1,0,0.00,0,0,,0.00,0.00,,,0,0,0,0,4,0,1,0,0,2,0,,,,,,,,,,,,,,
388,Diego Coppola,it ITA,DF,Paris FC,fr Ligue 1,22.0,2003,4,4,360,4.0,0,0,0,0,0,0,1,0,0.00,0,0,,0.00,0.00,,,0,0,0,5,4,1,1,0,0,2,0,,,,,,,,,,,,,,
389,Iker Córdoba,es ESP,DF,Valencia,es La Liga,20.0,2005,2,0,96,1.1,0,0,0,0,0,0,0,0,0.00,0,0,,0.00,0.00,,,0,0,0,0,2,0,0,0,0,2,0,,,,,,,,,,,,,,
390,Derek Cornelius,ca CAN,"DF,FW",Marseille,fr Ligue 1,28.0,1997,3,0,29,0.3,0,0,0,0,0,0,0,0,0.00,1,1,100.0,3.10,3.10,0.00,0.00,0,0,0,0,1,0,0,0,0,1,0,,,,,,,,,,,,,,
391,Félix Correia,pt POR,MF,Sevilla,es La Liga,25.0,2001,1,1,82,0.9,0,0,0,0,0,0,0,0,0.00,0,0,,0.00,0.00,,,0,0,5,0,0,1,0,0,0,0,0,,,,,,,,,,,,,,
392,Félix Correia,pt POR,MF,Lille,fr Ligue 1,25.0,2001,2,1,94,1.0,0,0,0,0,0,0,0,0,0.00,1,0,0.0,0.96,0.00,0.00,,0,0,0,1,3,1,0,0,0,2,0,,,,,,,,,,,,,,
393,Thierry Correia,pt POR,MF,Venezia,it Serie A,27.0,1999,3,1,110,1.2,0,0,0,0,0,0,0,0,0.00,3,1,33.3,2.45,0.82,0.00,0.00,0,0,5,2,0,0,0,0,0,3,0,,,,,,,,,,,,,,
394,Paco Cortés,es ESP,MF,Levante,es La Liga,19.0,2007,3,1,66,0.7,0,0,0,0,0,0,0,0,0.00,1,1,100.0,1.36,1.36,0.00,0.00,0,0,1,0,0,1,0,0,0,0,0,,,,,,,,,,,,,,
395,Edoardo Corvi,it ITA,GK,Parma,it Serie A,25.0,2001,3,3,270,3.0,0,0,0,0,0,0,0,0,0.00,0,0,,0.00,0.00,,,0,0,0,0,0,0,0,0,0,0,0,4,1.33,16,12,75.0,0,1,2,0,0.0,0,0,0,0
396,Isaac Cossier,fr FRA,DF,Lille,fr Ligue 1,19.0,2006,1,0,15,0.2,0,0,0,0,0,0,0,0,0.00,0,0,,0.00,0.00,,,0,0,0,0,0,0,0,0,0,0,0,,,,,,,,,,,,,,
397,Danny da Costa,de GER,DF,Mainz 05,de Bundesliga,33.0,1993,3,1,129,1.4,0,0,0,0,0,0,0,0,0.00,5,0,0.0,3.49,0.00,0.00,,0,0,11,2,2,1,0,0,0,1,0,,,,,,,,,,,,,,
398,Logan Costa,cv CPV,DF,Villarreal,es La Liga,25.0,2001,1,1,82,0.9,0,0,0,0,0,0,0,0,0.00,1,0,0.0,1.10,0.00,0.00,,0,0,0,0,0,0,0,0,0,0,0,,,,,,,,,,,,,,
399,Costinha,pt POR,"DF,MF",Brighton,eng Premier League,26.0,2000,4,0,58,0.6,0,0,0,0,0,0,1,0,0.00,2,1,50.0,3.10,1.55,0.00,0.00,0,0,2,1,2,2,1,0,0,2,0,,,,,,,,,,,,,,
400,Vladimír Coufal,cz CZE,DF,Hoffenheim,de Bundesliga,34.0,1992,3,3,248,2.8,0,2,2,0,0,0,0,0,0.73,1,0,0.0,0.36,0.00,0.00,,0,0,27,3,5,3,0,0,0,2,0,,,,,,,,,,,,,,
401,Abdoul Coulibaly,de GER,DF,Strasbourg,fr Ligue 1,19.0,2007,3,0,30,0.3,0,0,0,0,0,0,0,0,0.00,0,0,,0.00,0.00,,,0,0,0,0,0,0,0,0,0,0,0,,,,,,,,,,,,,,
402,Djibril Coulibaly,fr FRA,MF,Nice,fr Ligue 1,17.0,2008,4,4,360,4.0,0,0,0,0,0,0,1,0,0.00,3,1,33.3,0.75,0.25,0.00,0.00,0,0,0,2,4,3,1,0,0,6,0,,,,,,,,,,,,,,
403,Lassana Coulibaly,ml MLI,MF,Lecce,it Serie A,30.0,1996,4,4,360,4.0,2,1,3,2,0,0,0,0,0.75,5,3,60.0,1.25,0.75,0.40,0.67,0,0,0,2,2,9,0,0,0,3,0,,,,,,,,,,,,,,
404,Lasso Coulibaly,ci CIV,MF,Auxerre,fr Ligue 1,23.0,2002,1,0,14,0.2,0,0,0,0,0,0,0,0,0.00,0,0,,0.00,0.00,,,0,0,0,0,0,0,0,0,0,0,0,,,,,,,,,,,,,,
405,Mamadou Coulibaly,fr FRA,MF,Monaco,fr Ligue 1,22.0,2004,3,3,208,2.3,0,0,0,0,0,0,0,0,0.00,0,0,,0.00,0.00,,,0,0,2,2,4,7,0,0,0,2,0,,,,,,,,,,,,,,
406,Thibaut Courtois,be BEL,GK,Real Madrid,es La Liga,34.0,1992,5,5,450,5.0,0,0,0,0,0,0,0,0,0.00,0,0,,0.00,0.00,,,0,0,0,0,0,0,0,0,0,0,0,4,0.80,19,15,78.9,4,0,1,1,20.0,0,0,0,0
407,Yan Couto,br BRA,DF,Como,it Serie A,24.0,2002,3,3,235,2.6,0,1,1,0,0,0,0,0,0.38,3,1,33.3,1.15,0.38,0.00,0.00,0,0,4,2,2,0,0,0,0,0,0,,,,,,,,,,,,,,
408,Patrice Čović,hr CRO,MF,Werder Bremen,de Bundesliga,19.0,2007,1,0,6,0.1,0,0,0,0,0,0,0,0,0.00,1,0,0.0,15.00,0.00,0.00,,0,0,0,0,0,0,0,0,0,1,0,,,,,,,,,,,,,,
409,Lewie Coyle,eng ENG,DF,Hull City,eng Premier League,30.0,1995,4,4,258,2.9,0,0,0,0,0,0,1,0,0.00,1,0,0.0,0.35,0.00,0.00,,0,0,5,2,1,4,1,0,0,2,0,,,,,,,,,,,,,,
410,Ben Cremaschi,us USA,MF,Parma,it Serie A,21.0,2005,2,0,36,0.4,0,0,0,0,0,0,0,0,0.00,0,0,,0.00,0.00,,,0,0,1,1,0,2,0,0,0,1,0,,,,,,,,,,,,,,
411,Charlie Cresswell,eng ENG,DF,Rennes,fr Ligue 1,24.0,2002,4,4,360,4.0,0,0,0,0,0,0,1,0,0.00,2,0,0.0,0.50,0.00,0.00,,0,0,1,3,1,4,1,0,0,3,0,,,,,,,,,,,,,,
412,Bryan Cristante,it ITA,MF,Roma,it Serie A,31.0,1995,3,3,270,3.0,0,0,0,0,0,0,0,0,0.00,4,1,25.0,1.33,0.33,0.00,0.00,0,0,2,4,4,2,0,0,0,3,0,,,,,,,,,,,,,,
413,Matt Crooks,eng ENG,MF,Hull City,eng Premier League,32.0,1994,2,2,158,1.8,0,0,0,0,0,0,2,0,0.00,0,0,,0.00,0.00,,,0,0,0,3,0,1,2,0,0,5,0,,,,,,,,,,,,,,
414,Juan Cruz,es ESP,"MF,FW",Málaga,es La Liga,26.0,2000,5,2,197,2.2,0,0,0,0,0,0,1,0,0.00,2,0,0.0,0.91,0.00,0.00,,0,0,11,2,0,1,1,0,0,2,0,,,,,,,,,,,,,,
415,Pau Cubarsí,es ESP,DF,Barcelona,es La Liga,19.0,2007,4,4,331,3.7,0,0,0,0,0,0,1,0,0.00,2,0,0.0,0.54,0.00,0.00,,0,0,0,5,5,1,1,0,0,3,0,,,,,,,,,,,,,,
416,Cucho,co COL,FW,Real Betis,es La Liga,27.0,1999,4,3,250,2.8,0,1,1,0,0,0,0,0,0.36,3,1,33.3,1.08,0.36,0.00,0.00,0,0,1,1,0,3,0,0,0,1,0,,,,,,,,,,,,,,
417,Marc Cucurella,es ESP,DF,Real Madrid,es La Liga,28.0,1998,5,2,251,2.8,0,0,0,0,0,0,0,0,0.00,0,0,,0.00,0.00,,,0,0,1,3,2,1,0,0,0,0,0,,,,,,,,,,,,,,
418,Jorge Cuenca,es ESP,DF,Fulham,eng Premier League,26.0,1999,1,1,90,1.0,0,0,0,0,0,0,0,0,0.00,0,0,,0.00,0.00,,,0,0,0,1,1,0,0,0,0,0,0,,,,,,,,,,,,,,
419,Mickaël Cuisance,fr FRA,MF,Lens,fr Ligue 1,27.0,1999,4,3,216,2.4,0,0,0,0,0,0,1,0,0.00,3,2,66.7,1.25,0.83,0.00,0.00,0,0,1,3,3,0,1,0,0,4,0,,,,,,,,,,,,,,
420,Jair Cunha,br BRA,DF,Nottingham,eng Premier League,21.0,2005,3,3,270,3.0,0,0,0,0,0,0,1,0,0.00,1,0,0.0,0.33,0.00,0.00,,0,0,1,1,3,6,1,0,0,3,0,,,,,,,,,,,,,,
421,Matheus Cunha,br BRA,FW,Manchester Utd,eng Premier League,27.0,1999,4,4,317,3.5,0,1,1,0,0,0,0,0,0.28,10,2,20.0,2.84,0.57,0.00,0.00,0,0,7,2,0,6,0,0,0,2,0,,,,,,,,,,,,,,
422,Laurin Curda,de GER,MF,Paderborn 07,de Bundesliga,24.0,2001,3,3,246,2.7,0,0,0,0,0,0,1,0,0.00,4,0,0.0,1.46,0.00,0.00,,0,0,8,5,3,5,1,0,0,5,0,,,,,,,,,,,,,,
423,Patrick Cutrone,it ITA,MF,Monza,it Serie A,28.0,1998,3,1,138,1.5,0,0,0,0,0,0,0,0,0.00,4,1,25.0,2.61,0.65,0.00,0.00,0,0,6,2,0,3,0,0,0,3,0,,,,,,,,,,,,,,
424,Lucas Da Cunha,fr FRA,MF,Como,it Serie A,25.0,2001,3,2,189,2.1,0,0,0,0,0,0,0,0,0.00,6,0,0.0,2.86,0.00,0.00,,0,0,5,3,0,1,0,0,0,1,0,,,,,,,,,,,,,,
425,Matteo Dagasso,it ITA,MF,Venezia,it Serie A,22.0,2004,1,0,21,0.2,0,0,0,0,0,0,1,0,0.00,0,0,,0.00,0.00,,,0,0,1,0,0,0,1,0,0,1,0,,,,,,,,,,,,,,
426,Adam Daghim,dk DEN,MF,Hoffenheim,de Bundesliga,20.0,2005,3,3,266,3.0,1,2,3,1,0,0,0,0,1.02,5,3,60.0,1.69,1.02,0.20,0.33,0,0,12,5,4,2,0,0,0,4,0,,,,,,,,,,,,,,
427,Finn Dahmen,de GER,GK,Augsburg,de Bundesliga,28.0,1998,3,3,270,3.0,0,0,0,0,0,0,0,0,0.00,0,0,,0.00,0.00,,,0,0,0,0,0,1,0,0,0,0,0,3,1.00,17,14,82.4,2,1,0,1,33.3,0,0,0,0
428,Patson Daka,zm ZAM,"MF,FW",Hamburger SV,de Bundesliga,27.0,1998,3,2,183,2.0,0,0,0,0,0,0,0,0,0.00,6,0,0.0,2.95,0.00,0.00,,0,0,2,2,1,2,0,0,0,1,0,,,,,,,,,,,,,,
429,Thijs Dallinga,nl NED,FW,Köln,de Bundesliga,26.0,2000,2,1,89,1.0,2,0,2,2,0,1,0,0,2.02,6,3,50.0,6.07,3.03,0.33,0.67,0,1,0,0,0,2,0,0,0,1,0,,,,,,,,,,,,,,
430,Diogo Dalot,pt POR,DF,Manchester Utd,eng Premier League,27.0,1999,4,3,257,2.9,0,0,0,0,0,0,1,0,0.00,6,1,16.7,2.10,0.35,0.00,0.00,0,0,7,4,4,1,1,0,0,6,0,,,,,,,,,,,,,,
431,Mikkel Damsgaard,dk DEN,MF,Brentford,eng Premier League,26.0,2000,4,2,199,2.2,0,0,0,0,0,0,0,0,0.00,3,1,33.3,1.36,0.45,0.00,0.00,0,0,16,1,1,3,0,0,0,0,0,,,,,,,,,,,,,,
432,Arnaut Danjuma,nl NED,"FW,MF",Valencia,es La Liga,29.0,1997,5,4,347,3.9,0,0,0,0,0,0,0,0,0.00,11,4,36.4,2.85,1.04,0.00,0.00,0,0,6,1,0,6,0,0,0,5,0,,,,,,,,,,,,,,
433,Kévin Danois,fr FRA,MF,Auxerre,fr Ligue 1,22.0,2004,4,4,360,4.0,0,0,0,0,0,0,1,0,0.00,6,1,16.7,1.50,0.25,0.00,0.00,0,0,3,7,3,4,1,0,0,7,0,,,,,,,,,,,,,,
434,Kevin Danso,at AUT,DF,Sunderland,eng Premier League,27.0,1998,2,2,180,2.0,0,0,0,0,0,0,0,0,0.00,0,0,,0.00,0.00,,,0,0,1,1,0,2,0,0,0,1,0,,,,,,,,,,,,,,
435,Noah Darvich,de GER,MF,Elversberg,de Bundesliga,19.0,2006,2,0,106,1.2,0,1,1,0,0,0,0,0,0.85,1,0,0.0,0.85,0.00,0.00,,0,0,1,1,0,1,0,0,0,0,0,,,,,,,,,,,,,,
436,Jay Dasilva,wls WAL,"MF,DF",Coventry City,eng Premier League,28.0,1998,4,4,354,3.9,0,0,0,0,0,0,0,0,0.00,1,1,100.0,0.25,0.25,0.00,0.00,0,0,9,4,2,0,0,0,0,1,0,,,,,,,,,,,,,,
437,Jonathan David,ca CAN,"FW,MF",Atlético Madrid,es La Liga,26.0,2000,1,0,31,0.3,1,0,1,1,0,0,0,0,2.90,2,2,100.0,5.81,5.81,0.50,0.50,0,0,0,0,0,0,0,0,0,0,0,,,,,,,,,,,,,,
438,Jonathan David,ca CAN,FW,Juventus,it Serie A,26.0,2000,1,1,56,0.6,0,0,0,0,0,0,0,0,0.00,2,0,0.0,3.21,0.00,0.00,,0,0,0,2,0,0,0,0,0,0,0,,,,,,,,,,,,,,
439,Promise David,ca CAN,FW,Brighton,eng Premier League,25.0,2001,2,0,24,0.3,0,0,0,0,0,0,1,0,0.00,1,0,0.0,3.75,0.00,0.00,,0,0,0,0,0,0,1,0,0,2,0,,,,,,,,,,,,,,
440,Alphonso Davies,ca CAN,DF,Bayern Munich,de Bundesliga,25.0,2000,3,2,189,2.1,0,0,0,0,0,0,0,0,0.00,2,0,0.0,0.95,0.00,0.00,,0,0,3,3,1,2,0,0,0,1,0,,,,,,,,,,,,,,
441,Davinchi,es ESP,MF,Getafe,es La Liga,18.0,2007,2,1,47,0.5,0,0,0,0,0,0,1,0,0.00,0,0,,0.00,0.00,,,0,0,1,1,0,0,1,0,0,1,0,,,,,,,,,,,,,,
442,Keinan Davis,eng ENG,FW,Udinese,it Serie A,28.0,1998,2,2,142,1.6,0,1,1,0,0,0,0,0,0.63,5,2,40.0,3.17,1.27,0.00,0.00,0,0,0,1,0,0,0,0,0,0,0,,,,,,,,,,,,,,
443,Leif Davis,eng ENG,DF,Ipswich Town,eng Premier League,26.0,1999,4,4,360,4.0,2,1,3,2,0,0,0,0,0.75,5,3,60.0,1.25,0.75,0.40,0.67,0,0,10,1,2,2,0,0,0,0,0,,,,,,,,,,,,,,
444,Kevin De Bruyne,be BEL,MF,Napoli,it Serie A,35.0,1991,4,1,175,1.9,1,1,2,1,0,0,0,0,1.03,5,1,20.0,2.57,0.51,0.20,1.00,0,0,17,2,1,1,0,0,0,2,0,,,,,,,,,,,,,,
445,Mathys De Carvalho,fr FRA,MF,Lyon,fr Ligue 1,21.0,2005,1,1,68,0.8,0,0,0,0,0,0,0,0,0.00,0,0,,0.00,0.00,,,0,0,0,1,0,1,0,0,0,0,0,,,,,,,,,,,,,,
446,Nathan De Cat,be BEL,MF,Hoffenheim,de Bundesliga,18.0,2008,2,0,32,0.4,0,0,0,0,0,0,0,0,0.00,0,0,,0.00,0.00,,,0,0,2,0,0,0,0,0,0,1,0,,,,,,,,,,,,,,
447,Maxim De Cuyper,be BEL,MF,Brighton,eng Premier League,25.0,2000,4,4,334,3.7,1,2,3,1,0,0,1,0,0.81,6,1,16.7,1.62,0.27,0.17,1.00,0,0,22,3,2,2,1,0,0,6,0,,,,,,,,,,,,,,
448,Charles De Ketelaere,be BEL,FW,Atalanta,it Serie A,25.0,2001,4,3,265,2.9,0,1,1,0,0,0,0,0,0.34,1,0,0.0,0.34,0.00,0.00,,0,0,8,4,1,4,0,0,0,3,0,,,,,,,,,,,,,,
449,Jeffrey De Lange,nl NED,GK,Marseille,fr Ligue 1,28.0,1998,4,4,360,4.0,0,0,0,0,0,0,0,0,0.00,0,0,,0.00,0.00,,,0,0,0,0,0,0,0,0,0,0,0,6,1.50,21,15,71.4,1,0,3,1,25.0,1,1,0,0
450,Koni De Winter,be BEL,DF,Milan,it Serie A,24.0,2002,4,4,360,4.0,0,0,0,0,0,0,1,0,0.00,3,0,0.0,0.75,0.00,0.00,,0,0,0,7,5,1,1,0,0,7,0,,,,,,,,,,,,,,
451,Amar Dedić,ba BIH,DF,Newcastle,eng Premier League,24.0,2002,3,3,270,3.0,0,1,1,0,0,0,0,0,0.33,3,0,0.0,1.00,0.00,0.00,,0,0,4,1,1,4,0,0,0,6,0,,,,,,,,,,,,,,
452,Alessandro Deiola,it ITA,DF,Cagliari,it Serie A,31.0,1995,4,4,352,3.9,0,0,0,0,0,0,2,0,0.00,1,0,0.0,0.26,0.00,0.00,,0,0,0,4,4,1,2,0,0,3,0,,,,,,,,,,,,,,
453,Mateo Del Blanco,ar ARG,DF,Strasbourg,fr Ligue 1,22.0,2003,2,0,13,0.1,0,0,0,0,0,0,0,0,0.00,0,0,,0.00,0.00,,,0,0,0,2,0,0,0,0,0,1,0,,,,,,,,,,,,,,
454,Romain Del Castillo,fr FRA,"FW,MF",Osasuna,es La Liga,30.0,1996,1,0,20,0.2,0,0,0,0,0,0,0,0,0.00,0,0,,0.00,0.00,,,0,0,2,1,0,1,0,0,0,0,0,,,,,,,,,,,,,,
455,Romain Del Castillo,fr FRA,MF,Brest,fr Ligue 1,30.0,1996,2,2,136,1.5,1,0,1,1,0,0,0,0,0.66,1,1,100.0,0.66,0.66,1.00,1.00,0,0,14,2,2,1,0,0,0,3,0,,,,,,,,,,,,,,
456,Liam Delap,eng ENG,FW,Nottingham,eng Premier League,23.0,2003,3,2,187,2.1,1,0,1,1,0,0,1,0,0.48,8,1,12.5,3.85,0.48,0.13,1.00,0,0,1,1,0,2,1,0,0,3,0,,,,,,,,,,,,,,
457,Fisayo Dele-Bashiru,ng NGA,MF,Lazio,it Serie A,25.0,2001,1,1,53,0.6,0,0,0,0,0,0,0,0,0.00,0,0,,0.00,0.00,,,0,0,0,0,0,2,0,0,0,0,0,,,,,,,,,,,,,,
458,Filippo Delli Carri,it ITA,DF,Monza,it Serie A,27.0,1999,2,0,33,0.4,0,0,0,0,0,0,0,0,0.00,0,0,,0.00,0.00,,,0,0,0,0,0,0,0,0,0,2,0,,,,,,,,,,,,,,
459,Enrico Delprato,it ITA,DF,Parma,it Serie A,26.0,1999,3,3,270,3.0,0,0,0,0,0,0,1,0,0.00,4,0,0.0,1.33,0.00,0.00,,0,0,1,4,3,1,1,0,0,1,0,,,,,,,,,,,,,,
460,Olivier Deman,be BEL,DF,Werder Bremen,de Bundesliga,26.0,2000,3,3,270,3.0,0,0,0,0,0,0,1,0,0.00,3,3,100.0,1.00,1.00,0.00,0.00,0,0,9,11,3,0,1,0,0,4,0,,,,,,,,,,,,,,
461,Pape Demba Diop,sn SEN,MF,Strasbourg,fr Ligue 1,23.0,2003,4,3,292,3.2,0,0,0,0,0,0,2,0,0.00,5,0,0.0,1.54,0.00,0.00,,0,0,1,5,7,4,2,0,0,4,0,,,,,,,,,,,,,,
462,Ousmane Dembélé,fr FRA,FW,Paris SG,fr Ligue 1,29.0,1997,3,2,132,1.5,0,1,1,0,0,0,0,0,0.68,9,3,33.3,6.14,2.05,0.00,0.00,0,0,11,0,1,0,0,0,0,0,0,,,,,,,,,,,,,,
463,Ermedin Demirović,ba BIH,MF,Stuttgart,de Bundesliga,28.0,1998,3,1,113,1.3,1,0,1,1,0,0,0,0,0.80,7,3,42.9,5.58,2.39,0.14,0.33,0,0,0,0,1,3,0,0,0,2,0,,,,,,,,,,,,,,
464,Branco van den Boomen,nl NED,MF,Angers,fr Ligue 1,31.0,1995,4,4,360,4.0,1,1,2,1,0,0,1,0,0.50,3,1,33.3,0.75,0.25,0.33,1.00,0,0,47,5,1,3,1,0,0,3,0,,,,,,,,,,,,,,
465,Nelson Deossa,co COL,MF,Real Betis,es La Liga,26.0,2000,4,1,148,1.6,0,0,0,0,0,0,0,0,0.00,8,3,37.5,4.86,1.82,0.00,0.00,0,0,0,2,1,1,0,0,0,3,0,,,,,,,,,,,,,,
466,Rémy Descamps,fr FRA,GK,Lyon,fr Ligue 1,30.0,1996,1,1,90,1.0,0,0,0,0,0,0,0,0,0.00,0,0,,0.00,0.00,,,0,0,0,0,0,0,0,0,0,0,0,0,0.00,2,2,100.0,1,0,0,1,100.0,0,0,0,0
467,Mathys Detourbet,fr FRA,MF,Monaco,fr Ligue 1,19.0,2007,2,0,25,0.3,0,0,0,0,0,0,0,0,0.00,0,0,,0.00,0.00,,,0,0,0,0,0,0,0,0,0,0,0,,,,,,,,,,,,,,
468,Kiernan Dewsbury-Hall,eng ENG,MF,Everton,eng Premier League,28.0,1998,4,4,359,4.0,1,0,1,1,0,0,1,0,0.25,12,5,41.7,3.01,1.25,0.08,0.20,0,0,18,4,1,6,1,0,0,1,0,,,,,,,,,,,,,,
469,Giovanni Di Lorenzo,it ITA,DF,Napoli,it Serie A,33.0,1993,4,4,360,4.0,0,1,1,0,0,0,1,0,0.25,1,0,0.0,0.25,0.00,0.00,,0,0,6,8,2,2,1,0,0,3,0,,,,,,,,,,,,,,
470,Boulaye Dia,sn SEN,FW,Lazio,it Serie A,29.0,1996,2,2,157,1.7,0,1,1,0,0,0,1,0,0.57,0,0,,0.00,0.00,,,0,0,0,0,0,0,1,0,0,2,0,,,,,,,,,,,,,,
471,Boulaye Dia,sn SEN,"FW,MF",Rennes,fr Ligue 1,29.0,1996,2,0,15,0.2,0,0,0,0,0,0,0,0,0.00,0,0,,0.00,0.00,,,0,0,0,0,0,0,0,0,0,0,0,,,,,,,,,,,,,,
472,Moussa Diaby,fr FRA,MF,Leverkusen,de Bundesliga,27.0,1999,2,1,114,1.3,0,0,0,0,0,0,0,0,0.00,6,0,0.0,4.74,0.00,0.00,,0,0,5,0,1,0,0,0,0,1,0,,,,,,,,,,,,,,
473,Mouctar Diakhaby,gn GUI,DF,Valencia,es La Liga,29.0,1996,4,3,286,3.2,0,0,0,0,0,0,2,0,0.00,2,0,0.0,0.63,0.00,0.00,,0,0,0,1,6,1,2,0,0,1,1,,,,,,,,,,,,,,
474,Habib Diallo,sn SEN,FW,Le Mans,fr Ligue 1,31.0,1995,2,0,56,0.6,0,0,0,0,0,0,0,0,0.00,1,0,0.0,1.61,0.00,0.00,,0,0,1,2,0,3,0,0,0,1,0,,,,,,,,,,,,,,
475,Ismail Diallo,fr FRA,DF,Toulouse,fr Ligue 1,23.0,2003,4,2,147,1.6,0,0,0,0,0,0,0,0,0.00,1,0,0.0,0.61,0.00,0.00,,0,0,4,1,0,3,0,0,0,1,0,,,,,,,,,,,,,,
476,Ousmane Diallo,es ESP,FW,Parma,it Serie A,19.0,2007,1,0,16,0.2,0,0,0,0,0,0,0,0,0.00,0,0,,0.00,0.00,,,0,0,1,0,0,0,0,0,0,0,0,,,,,,,,,,,,,,
477,Zoumana Diallo,fr FRA,FW,Nice,fr Ligue 1,21.0,2005,1,1,59,0.7,0,0,0,0,0,0,1,0,0.00,1,0,0.0,1.53,0.00,0.00,,0,0,0,0,0,0,1,0,0,3,0,,,,,,,,,,,,,,
478,Mamady Diambou,ml MLI,MF,Brest,fr Ligue 1,23.0,2002,2,1,102,1.1,0,1,1,0,0,0,0,0,0.88,6,2,33.3,5.29,1.76,0.00,0.00,0,0,0,6,0,1,0,0,0,3,0,,,,,,,,,,,,,,
479,Assane Diao,sn SEN,MF,Como,it Serie A,21.0,2005,3,2,192,2.1,2,1,3,2,0,0,0,0,1.41,7,3,42.9,3.28,1.41,0.29,0.67,0,0,10,0,2,1,0,0,0,2,0,,,,,,,,,,,,,,
480,Habib Diarra,sn SEN,MF,Sunderland,eng Premier League,22.0,2004,2,0,29,0.3,0,1,1,0,0,0,0,0,3.10,1,0,0.0,3.10,0.00,0.00,,0,0,0,0,0,0,0,0,0,1,0,,,,,,,,,,,,,,
481,Rúben Dias,pt POR,DF,Manchester City,eng Premier League,29.0,1997,4,4,360,4.0,0,0,0,0,0,0,0,0,0.00,1,1,100.0,0.25,0.25,0.00,0.00,0,0,0,1,3,1,0,0,0,1,0,,,,,,,,,,,,,,
482,Bane Diatta,fr FRA,MF,Angers,fr Ligue 1,18.0,2008,4,1,124,1.4,0,0,0,0,0,0,0,0,0.00,0,0,,0.00,0.00,,,0,0,1,1,1,5,0,0,0,0,0,,,,,,,,,,,,,,
483,Kandet Diawara,gn GUI,"MF,FW",Troyes,fr Ligue 1,26.0,2000,4,2,207,2.3,0,1,1,0,0,0,0,0,0.43,2,0,0.0,0.87,0.00,0.00,,0,0,14,0,1,3,0,0,0,2,0,,,,,,,,,,,,,,
484,Brahim Díaz,ma MAR,MF,Real Madrid,es La Liga,27.0,1999,2,1,77,0.9,0,0,0,0,0,0,0,0,0.00,1,0,0.0,1.17,0.00,0.00,,0,0,1,1,0,1,0,0,0,0,0,,,,,,,,,,,,,,
485,Diego Diaz,es ESP,FW,Racing Sant,es La Liga,21.0,2005,1,0,14,0.2,0,0,0,0,0,0,0,0,0.00,0,0,,0.00,0.00,,,0,0,1,0,0,0,0,0,0,0,0,,,,,,,,,,,,,,
486,Julio Diaz,es ESP,MF,Sevilla,es La Liga,21.0,2005,3,1,75,0.8,0,0,0,0,0,0,0,0,0.00,0,0,,0.00,0.00,,,0,0,3,0,0,1,0,0,0,1,0,,,,,,,,,,,,,,
487,Junior Diaz,ci CIV,DF,Troyes,fr Ligue 1,23.0,2003,4,4,360,4.0,0,0,0,0,0,0,2,0,0.00,3,1,33.3,0.75,0.25,0.00,0.00,0,0,0,2,5,1,2,0,0,4,0,,,,,,,,,,,,,,
488,Luis Díaz,co COL,MF,Bayern Munich,de Bundesliga,29.0,1997,3,2,206,2.3,1,0,1,1,0,0,0,0,0.44,10,4,40.0,4.37,1.75,0.10,0.25,0,0,1,2,0,3,0,0,0,5,0,,,,,,,,,,,,,,
489,Pedro Díaz,es ESP,MF,Rayo Vallecano,es La Liga,28.0,1998,4,2,203,2.3,0,0,0,0,0,0,0,0,0.00,7,2,28.6,3.10,0.89,0.00,0.00,0,0,5,3,1,2,0,0,0,3,0,,,,,,,,,,,,,,
490,Aliou Dieng,ml MLI,MF,Valencia,es La Liga,28.0,1997,5,2,230,2.6,0,0,0,0,0,0,0,0,0.00,0,0,,0.00,0.00,,,0,0,2,6,1,2,0,0,0,6,0,,,,,,,,,,,,,,
491,Eric Dier,eng ENG,DF,Monaco,fr Ligue 1,32.0,1994,4,4,360,4.0,1,1,2,1,0,0,0,0,0.50,4,1,25.0,1.00,0.25,0.25,1.00,0,0,0,3,3,0,0,0,0,2,0,,,,,,,,,,,,,,
492,Lucas Digne,fr FRA,"DF,MF",Paris SG,fr Ligue 1,33.0,1993,1,0,19,0.2,0,0,0,0,0,0,0,0,0.00,1,0,0.0,4.74,0.00,0.00,,0,0,0,0,0,0,0,0,0,0,0,,,,,,,,,,,,,,
493,Kevin Diks,id IDN,DF,Gladbach,de Bundesliga,29.0,1996,3,3,270,3.0,0,0,0,0,0,0,2,0,0.00,2,0,0.0,0.67,0.00,0.00,,0,0,1,1,0,2,2,0,0,2,0,,,,,,,,,,,,,,
494,Federico Dimarco,it ITA,MF,Inter,it Serie A,28.0,1997,3,3,241,2.7,0,1,1,0,0,0,0,0,0.37,7,2,28.6,2.61,0.75,0.00,0.00,0,0,23,2,3,1,0,0,0,1,0,,,,,,,,,,,,,,
495,Stole Dimitrievski,mk MKD,GK,Valencia,es La Liga,32.0,1993,5,5,450,5.0,0,0,0,0,0,0,1,0,0.00,0,0,,0.00,0.00,,,0,0,0,0,0,0,1,0,0,0,0,10,2.00,26,16,61.5,0,1,4,1,20.0,0,0,0,0
496,Junior Dina Ebimbe,cm CMR,DF,Schalke 04,de Bundesliga,25.0,2000,3,1,163,1.8,0,0,0,0,0,0,1,0,0.00,1,0,0.0,0.55,0.00,0.00,,0,0,2,3,0,2,1,0,0,2,0,,,,,,,,,,,,,,
497,Eren Dinkçi,de GER,MF,Werder Bremen,de Bundesliga,24.0,2001,3,2,154,1.7,1,0,1,1,0,0,0,0,0.58,3,1,33.3,1.75,0.58,0.33,1.00,0,0,2,0,0,0,0,0,0,0,0,,,,,,,,,,,,,,
498,Ousmane Diomande,ci CIV,DF,Nottingham,eng Premier League,22.0,2003,2,1,91,1.0,0,0,0,0,0,0,0,0,0.00,1,0,0.0,0.99,0.00,0.00,,0,0,0,0,1,1,0,0,0,0,0,,,,,,,,,,,,,,
499,Sinaly Diomande,ci CIV,DF,Auxerre,fr Ligue 1,25.0,2001,2,2,180,2.0,0,0,0,0,0,0,1,0,0.00,2,0,0.0,1.00,0.00,0.00,,0,0,0,2,4,3,1,0,0,3,0,,,,,,,,,,,,,,
500,Yan Diomandé,ci CIV,MF,Real Madrid,es La Liga,19.0,2006,5,1,158,1.8,0,0,0,0,0,0,0,0,0.00,1,0,0.0,0.57,0.00,0.00,,0,0,9,3,2,3,0,0,0,2,0,,,,,,,,,,,,,,
501,Issa Diop,ma MAR,DF,Ipswich Town,eng Premier League,29.0,1997,4,4,360,4.0,0,0,0,0,0,0,0,0,0.00,0,0,,0.00,0.00,,,0,0,0,4,8,0,0,0,0,4,0,,,,,,,,,,,,,,
502,Mamadou Diop,mr MTN,GK,Auxerre,fr Ligue 1,26.0,2000,4,4,360,4.0,0,0,0,0,0,0,0,0,0.00,0,0,,0.00,0.00,,,0,0,0,0,1,0,0,0,0,0,0,11,2.75,27,16,59.3,1,0,3,1,25.0,2,2,0,0
503,Mouhamed Diop,sn SEN,MF,Troyes,fr Ligue 1,25.0,2000,4,4,344,3.8,0,0,0,0,0,0,1,0,0.00,4,0,0.0,1.05,0.00,0.00,,0,0,0,6,5,4,1,0,0,4,0,,,,,,,,,,,,,,
504,Sofiane Diop,ma MAR,MF,Nice,fr Ligue 1,26.0,2000,4,3,239,2.7,0,1,1,0,0,0,0,0,0.38,2,2,100.0,0.75,0.75,0.00,0.00,0,0,7,4,1,1,0,0,0,2,0,,,,,,,,,,,,,,
505,Lamfia Dioubaté,fr FRA,MF,Auxerre,fr Ligue 1,19.0,2007,3,0,36,0.4,0,0,0,0,0,0,1,0,0.00,2,1,50.0,5.00,2.50,0.00,0.00,0,0,0,0,0,0,1,0,0,1,0,,,,,,,,,,,,,,
506,Andy Diouf,fr FRA,MF,Inter,it Serie A,23.0,2003,2,2,164,1.8,0,2,2,0,0,0,0,0,1.10,2,1,50.0,1.10,0.55,0.00,0.00,0,0,3,3,1,0,0,0,0,1,0,,,,,,,,,,,,,,
507,El Hadji Malick Diouf,sn SEN,"DF,MF",Brentford,eng Premier League,21.0,2004,1,0,31,0.3,0,0,0,0,0,0,0,0,0.00,0,0,,0.00,0.00,,,0,0,2,0,0,1,0,0,0,0,0,,,,,,,,,,,,,,
508,Yehvann Diouf,sn SEN,GK,Nice,fr Ligue 1,26.0,1999,4,4,360,4.0,0,0,0,0,0,0,0,0,0.00,0,0,,0.00,0.00,,,0,0,0,0,0,1,0,0,0,1,0,5,1.25,14,9,64.3,0,2,2,1,25.0,1,1,0,0
509,Axel Disasi,fr FRA,DF,Crystal Palace,eng Premier League,28.0,1998,3,2,139,1.5,0,0,0,0,0,0,0,1,0.00,0,0,,0.00,0.00,,,0,0,0,3,6,0,0,1,0,3,0,,,,,,,,,,,,,,
510,Matías Dituro,ar ARG,GK,Elche,es La Liga,39.0,1987,5,5,450,5.0,0,0,0,0,0,0,0,0,0.00,0,0,,0.00,0.00,,,0,0,0,0,0,0,0,0,0,0,0,13,2.60,25,12,48.0,0,2,3,0,0.0,1,1,0,0
511,Álvaro djaló,gw GNB,MF,Athletic Club,es La Liga,27.0,1999,1,0,10,0.1,0,0,0,0,0,0,0,0,0.00,0,0,,0.00,0.00,,,0,0,0,1,0,0,0,0,0,0,0,,,,,,,,,,,,,,
512,Djené,tg TOG,DF,Getafe,es La Liga,34.0,1991,5,5,440,4.9,0,0,0,0,0,0,2,0,0.00,0,0,,0.00,0.00,,,0,0,3,5,8,1,2,0,0,5,0,,,,,,,,,,,,,,
513,Harouna Djibrin,cm CMR,FW,Angers,fr Ligue 1,19.0,2006,4,0,76,0.8,1,0,1,1,0,0,0,0,1.18,3,2,66.7,3.55,2.37,0.33,0.50,0,0,4,2,2,3,0,0,0,2,0,,,,,,,,,,,,,,
514,Marko Dmitrović,rs SRB,GK,Espanyol,es La Liga,34.0,1992,5,5,450,5.0,0,0,0,0,0,0,0,0,0.00,0,0,,0.00,0.00,,,0,0,0,0,1,1,0,0,0,0,0,5,1.00,24,19,79.2,2,1,2,2,40.0,0,0,0,0
515,Henrick Do Marcolino,fr FRA,FW,Rennes,fr Ligue 1,20.0,2006,1,0,13,0.1,0,0,0,0,0,0,0,0,0.00,0,0,,0.00,0.00,,,0,0,0,0,0,0,0,0,0,0,0,,,,,,,,,,,,,,
516,Ritsu Doan,jp JPN,MF,Frankfurt,de Bundesliga,28.0,1998,2,2,176,2.0,0,0,0,0,0,0,0,0,0.00,4,0,0.0,2.05,0.00,0.00,,0,0,3,2,3,1,0,0,0,0,0,,,,,,,,,,,,,,
517,Dodô,br BRA,DF,Fiorentina,it Serie A,27.0,1998,1,1,90,1.0,0,0,0,0,0,0,0,0,0.00,1,0,0.0,1.00,0.00,0.00,,0,0,0,1,0,1,0,0,0,1,0,,,,,,,,,,,,,,
518,Danilho Doekhi,nl NED,DF,Lazio,it Serie A,28.0,1998,3,3,270,3.0,0,1,1,0,0,0,0,0,0.33,3,0,0.0,1.00,0.00,0.00,,0,0,1,2,2,3,0,0,0,3,0,,,,,,,,,,,,,,
519,Josh Doig,sct SCO,DF,Sassuolo,it Serie A,24.0,2002,4,4,319,3.5,1,0,1,1,0,0,0,0,0.28,4,1,25.0,1.13,0.28,0.25,1.00,0,0,5,5,6,2,0,0,0,4,0,,,,,,,,,,,,,,
520,Tyrhys Dolan,eng ENG,MF,Espanyol,es La Liga,24.0,2001,5,5,407,4.5,1,0,1,1,0,0,0,0,0.22,4,1,25.0,0.88,0.22,0.25,1.00,0,0,13,3,6,7,0,0,0,8,0,,,,,,,,,,,,,,
521,Benjamín Domínguez,ar ARG,MF,Sassuolo,it Serie A,22.0,2003,3,0,69,0.8,0,0,0,0,0,0,0,0,0.00,1,0,0.0,1.30,0.00,0.00,,0,0,3,1,0,2,0,0,0,1,0,,,,,,,,,,,,,,
522,Jorge Domínguez,es ESP,DF,Atlético Madrid,es La Liga,16.0,2009,1,1,45,0.5,0,0,0,0,0,0,1,0,0.00,0,0,,0.00,0.00,,,0,0,1,0,0,0,1,0,0,4,0,,,,,,,,,,,,,,
523,Nicolás Domínguez,ar ARG,MF,Nottingham,eng Premier League,28.0,1998,1,0,1,0.0,0,0,0,0,0,0,0,0,0.00,0,0,,0.00,0.00,,,0,0,0,0,0,0,0,0,0,0,0,,,,,,,,,,,,,,
524,Hakim Dongopandji,fr FRA,FW,Le Havre,fr Ligue 1,19.0,2007,1,0,1,0.0,0,0,0,0,0,0,0,0,0.00,0,0,,0.00,0.00,,,0,0,0,0,0,0,0,0,0,0,0,,,,,,,,,,,,,,
525,Noah Donkor,fr FRA,DF,Troyes,fr Ligue 1,19.0,2006,3,0,86,1.0,0,0,0,0,0,0,0,0,0.00,0,0,,0.00,0.00,,,0,0,4,0,1,1,0,0,0,2,0,,,,,,,,,,,,,,
526,Gianluigi Donnarumma,it ITA,GK,Manchester City,eng Premier League,27.0,1999,4,4,360,4.0,0,0,0,0,0,0,0,0,0.00,0,0,,0.00,0.00,,,0,0,0,0,0,0,0,0,0,0,1,2,0.50,12,10,83.3,4,0,0,2,50.0,0,0,0,0
527,Patrick Dorgu,dk DEN,"MF,DF",Manchester Utd,eng Premier League,21.0,2004,4,2,167,1.9,0,0,0,0,0,0,1,0,0.00,5,1,20.0,2.69,0.54,0.00,0.00,0,0,4,4,1,1,1,0,0,7,0,,,,,,,,,,,,,,
528,Carlos Dotor,es ESP,"MF,FW",Málaga,es La Liga,25.0,2001,4,4,313,3.5,0,0,0,0,0,0,0,0,0.00,2,1,50.0,0.58,0.29,0.00,0.00,0,0,2,8,2,0,0,0,0,4,0,,,,,,,,,,,,,,
529,Fodé Doucouré,ml MLI,MF,Le Havre,fr Ligue 1,25.0,2001,2,1,95,1.1,0,1,1,0,0,0,2,0,0.95,2,0,0.0,1.89,0.00,0.00,,0,0,3,0,4,1,2,0,0,3,0,,,,,,,,,,,,,,
530,Désiré Doué,fr FRA,FW,Paris SG,fr Ligue 1,21.0,2005,4,3,222,2.5,0,0,0,0,0,0,0,0,0.00,10,3,30.0,4.05,1.22,0.00,0.00,0,0,7,8,2,10,0,0,0,4,0,,,,,,,,,,,,,,
531,Guéla Doué,ci CIV,DF,Strasbourg,fr Ligue 1,23.0,2002,1,1,90,1.0,0,0,0,0,0,0,0,0,0.00,1,0,0.0,1.00,0.00,0.00,,0,0,2,2,1,0,0,0,0,1,0,,,,,,,,,,,,,,
532,Guéla Doué,ci CIV,DF,Leverkusen,de Bundesliga,23.0,2002,1,0,28,0.3,0,0,0,0,0,0,1,0,0.00,0,0,,0.00,0.00,,,0,0,1,0,0,0,1,0,0,2,0,,,,,,,,,,,,,,
533,Ismaël Doukouré,fr FRA,DF,Strasbourg,fr Ligue 1,23.0,2003,2,2,159,1.8,0,0,0,0,0,0,0,0,0.00,0,0,,0.00,0.00,,,0,0,0,1,0,0,0,0,0,2,0,,,,,,,,,,,,,,
534,Kamory Doumbia,ml MLI,MF,Brest,fr Ligue 1,23.0,2003,4,4,313,3.5,4,1,5,3,1,1,2,0,1.15,13,5,38.5,3.74,1.44,0.31,0.80,1,1,0,1,5,7,2,0,0,5,0,,,,,,,,,,,,,,
535,Anastasios Douvikas,gr GRE,FW,Como,it Serie A,27.0,1999,3,3,245,2.7,2,0,2,2,0,0,0,0,0.73,10,5,50.0,3.67,1.84,0.20,0.40,0,0,0,0,0,8,0,0,0,2,0,,,,,,,,,,,,,,
536,Artem Dovbyk,ua UKR,FW,Bologna,it Serie A,29.0,1997,3,0,87,1.0,1,0,1,1,0,0,1,0,1.03,4,1,25.0,4.14,1.03,0.25,1.00,0,0,0,0,0,0,1,0,0,2,0,,,,,,,,,,,,,,
537,Radu Drăgușin,ro ROU,DF,Fiorentina,it Serie A,24.0,2002,4,4,360,4.0,0,1,1,0,0,0,1,0,0.25,2,0,0.0,0.50,0.00,0.00,,0,0,0,1,11,4,1,0,0,6,0,,,,,,,,,,,,,,
538,Cody Drameh,eng ENG,"DF,MF",Hull City,eng Premier League,24.0,2001,2,0,66,0.7,0,0,0,0,0,0,0,0,0.00,1,0,0.0,1.36,0.00,0.00,,0,0,0,1,2,1,0,0,0,1,0,,,,,,,,,,,,,,
539,Couhaib Driouech,ma MAR,"FW,MF",Celta Vigo,es La Liga,24.0,2002,3,0,66,0.7,0,0,0,0,0,0,1,0,0.00,2,0,0.0,2.73,0.00,0.00,,0,0,7,3,2,0,1,0,0,1,0,,,,,,,,,,,,,,
540,Vanja Drkušič,si SVN,DF,Espanyol,es La Liga,26.0,1999,3,1,117,1.3,0,0,0,0,0,0,0,0,0.00,0,0,,0.00,0.00,,,0,0,0,2,0,3,0,0,0,3,0,,,,,,,,,,,,,,
541,Dominik Drobnič,si SVN,DF,Parma,it Serie A,19.0,2007,1,1,90,1.0,0,0,0,0,0,0,0,0,0.00,0,0,,0.00,0.00,,,0,0,0,1,1,0,0,0,0,2,0,,,,,,,,,,,,,,
542,Jonathan Dubasin,be BEL,MF,Osasuna,es La Liga,26.0,2000,5,1,175,1.9,0,0,0,0,0,0,1,0,0.00,4,2,50.0,2.06,1.03,0.00,0.00,0,0,3,1,3,1,1,0,0,3,0,,,,,,,,,,,,,,
543,Denzel Dumfries,nl NED,DF,Real Madrid,es La Liga,30.0,1996,4,4,322,3.6,0,0,0,0,0,0,0,0,0.00,6,2,33.3,1.68,0.56,0.00,0.00,0,0,4,5,3,2,0,0,0,2,0,,,,,,,,,,,,,,
544,Lewis Dunk,eng ENG,DF,Brighton,eng Premier League,34.0,1991,4,4,360,4.0,1,0,1,1,0,0,1,0,0.25,1,1,100.0,0.25,0.25,1.00,1.00,0,0,2,2,2,2,1,0,0,4,0,,,,,,,,,,,,,,
545,Pablo Durán,es ESP,FW,Celta Vigo,es La Liga,25.0,2001,4,2,201,2.2,0,0,0,0,0,0,0,0,0.00,2,1,50.0,0.90,0.45,0.00,0.00,0,0,1,1,0,2,0,0,0,2,0,,,,,,,,,,,,,,
546,Julien Duranville,be BEL,FW,Lyon,fr Ligue 1,20.0,2006,1,1,62,0.7,0,0,0,0,0,0,0,0,0.00,0,0,,0.00,0.00,,,0,0,2,0,0,1,0,0,0,0,0,,,,,,,,,,,,,,
547,Hugo Duro,es ESP,FW,Valencia,es La Liga,26.0,1999,5,1,116,1.3,0,0,0,0,0,0,0,0,0.00,0,0,,0.00,0.00,,,0,0,0,0,1,3,0,0,0,1,0,,,,,,,,,,,,,,
548,Paulo Dybala,ar ARG,"MF,FW",Roma,it Serie A,32.0,1993,3,3,251,2.8,0,4,4,0,0,0,0,0,1.43,13,4,30.8,4.66,1.43,0.00,0.00,0,0,16,1,0,4,0,0,0,2,0,,,,,,,,,,,,,,
549,Edin Džeko,ba BIH,FW,Schalke 04,de Bundesliga,40.0,1986,2,0,26,0.3,0,0,0,0,0,0,0,0,0.00,0,0,,0.00,0.00,,,0,0,0,0,0,1,0,0,0,1,0,,,,,,,,,,,,,,
550,Younes Ebnoutalib,de GER,FW,Frankfurt,de Bundesliga,23.0,2003,3,2,191,2.1,3,1,4,3,0,0,1,0,1.88,8,4,50.0,3.77,1.88,0.38,0.75,0,0,2,1,0,1,1,0,0,2,0,,,,,,,,,,,,,,
551,Simon Ebonog,cm CMR,MF,Le Havre,fr Ligue 1,22.0,2004,4,4,342,3.8,0,0,0,0,0,0,0,0,0.00,3,2,66.7,0.79,0.53,0.00,0.00,0,0,2,5,9,10,0,0,0,9,0,,,,,,,,,,,,,,
552,Enzo Ebosse,cm CMR,DF,Udinese,it Serie A,27.0,1999,3,2,202,2.2,0,0,0,0,0,0,0,0,0.00,0,0,,0.00,0.00,,,0,0,3,0,3,1,0,0,0,2,0,,,,,,,,,,,,,,
553,Zakaria Eddahchouri,nl NED,FW,Dep. A Coruña,es La Liga,26.0,2000,3,0,65,0.7,1,0,1,1,0,0,0,0,1.38,3,1,33.3,4.15,1.38,0.33,1.00,0,0,0,1,0,1,0,0,0,2,0,,,,,,,,,,,,,,
554,Bright Ede,pl POL,DF,Dep. A Coruña,es La Liga,19.0,2007,3,2,197,2.2,0,0,0,0,0,0,0,0,0.00,1,0,0.0,0.46,0.00,0.00,,0,0,0,3,2,1,0,0,0,0,0,,,,,,,,,,,,,,
555,Noah Edjouma,fr FRA,FW,Brest,fr Ligue 1,20.0,2005,1,0,24,0.3,0,0,0,0,0,0,0,0,0.00,1,1,100.0,3.75,3.75,0.00,0.00,0,0,0,0,0,0,0,0,0,0,0,,,,,,,,,,,,,,
556,Odsonne Édouard,fr FRA,FW,Lens,fr Ligue 1,28.0,1998,3,1,86,1.0,0,0,0,0,0,0,0,0,0.00,2,1,50.0,2.09,1.05,0.00,0.00,0,0,1,0,0,1,0,0,0,1,0,,,,,,,,,,,,,,
557,John Egan,ie IRL,DF,Hull City,eng Premier League,33.0,1992,4,4,360,4.0,0,0,0,0,0,0,1,0,0.00,1,0,0.0,0.25,0.00,0.00,,0,0,0,2,6,1,1,0,0,3,0,,,,,,,,,,,,,,
558,CJ Egan-Riley,eng ENG,DF,Marseille,fr Ligue 1,23.0,2003,4,4,344,3.8,0,0,0,0,0,0,0,0,0.00,0,0,,0.00,0.00,,,0,0,0,3,6,4,0,0,0,1,0,,,,,,,,,,,,,,
559,Sindre Egeli,no NOR,"FW,MF",Ipswich Town,eng Premier League,20.0,2006,1,0,11,0.1,0,0,0,0,0,0,0,0,0.00,0,0,,0.00,0.00,,,0,0,0,0,0,1,0,0,0,1,0,,,,,,,,,,,,,,
560,Maximilian Eggestein,de GER,MF,Freiburg,de Bundesliga,29.0,1996,3,3,270,3.0,2,0,2,2,0,0,0,0,0.67,8,2,25.0,2.67,0.67,0.25,1.00,0,0,0,1,6,3,0,0,0,1,0,,,,,,,,,,,,,,
561,Kingsley Ehizibue,nl NED,MF,Genoa,it Serie A,31.0,1995,2,1,84,0.9,0,0,0,0,0,0,1,0,0.00,3,0,0.0,3.21,0.00,0.00,,0,0,1,3,1,2,1,0,0,2,0,,,,,,,,,,,,,,
562,Chidera Ejuke,ng NGA,FW,Sevilla,es La Liga,28.0,1998,5,1,181,2.0,1,0,1,1,0,0,1,0,0.50,2,1,50.0,0.99,0.50,0.50,1.00,0,0,4,1,2,2,1,0,0,2,0,,,,,,,,,,,,,,
563,Jurgen Ekkelenkamp,nl NED,MF,Udinese,it Serie A,26.0,2000,3,3,264,2.9,1,1,2,1,0,0,0,0,0.68,7,3,42.9,2.39,1.02,0.14,0.33,0,0,1,5,3,3,0,0,0,2,0,,,,,,,,,,,,,,
564,Jacques Ekomie,ga GAB,DF,Angers,fr Ligue 1,23.0,2003,1,1,90,1.0,0,0,0,0,0,0,0,0,0.00,2,0,0.0,2.00,0.00,0.00,,0,0,3,3,2,0,0,0,0,2,0,,,,,,,,,,,,,,
565,Pierre Ekwah Elimby,fr FRA,MF,Auxerre,fr Ligue 1,24.0,2002,2,0,34,0.4,0,0,0,0,0,0,0,0,0.00,0,0,,0.00,0.00,,,0,0,0,0,0,0,0,0,0,0,0,,,,,,,,,,,,,,
566,Anthony Elanga,se SWE,MF,Newcastle,eng Premier League,24.0,2002,3,3,232,2.6,2,0,2,2,0,0,1,0,0.78,4,3,75.0,1.55,1.16,0.50,0.67,0,0,6,1,0,4,1,0,0,3,0,,,,,,,,,,,,,,
567,Mikael Ellertsson,is ISL,MF,Genoa,it Serie A,24.0,2002,4,4,349,3.9,0,0,0,0,0,0,0,0,0.00,2,0,0.0,0.52,0.00,0.00,,0,0,9,9,2,2,0,0,0,5,0,,,,,,,,,,,,,,
568,Harvey Elliott,eng ENG,"FW,MF",Valencia,es La Liga,23.0,2003,2,0,66,0.7,0,0,0,0,0,0,0,0,0.00,0,0,,0.00,0.00,,,0,0,0,2,0,0,0,0,0,0,0,,,,,,,,,,,,,,
569,Elif Elmas,mk MKD,FW,Atalanta,it Serie A,26.0,1999,3,1,109,1.2,0,0,0,0,0,0,0,0,0.00,0,0,,0.00,0.00,,,0,0,0,1,2,0,0,0,0,2,0,,,,,,,,,,,,,,
570,Nesta Elphege,fr FRA,FW,Parma,it Serie A,25.0,2001,2,0,18,0.2,0,0,0,0,0,0,0,0,0.00,1,0,0.0,5.00,0.00,0.00,,0,0,0,0,0,0,0,0,0,1,0,,,,,,,,,,,,,,
571,Nico Elvedi,ch SUI,DF,Leeds United,eng Premier League,29.0,1996,2,1,147,1.6,0,0,0,0,0,0,0,0,0.00,0,0,,0.00,0.00,,,0,0,0,0,2,2,0,0,0,1,0,,,,,,,,,,,,,,
572,Emersonn,br BRA,FW,Ipswich Town,eng Premier League,22.0,2004,4,4,237,2.6,2,1,3,2,0,0,0,0,1.14,7,3,42.9,2.66,1.14,0.29,0.67,0,0,1,2,0,5,0,0,0,1,0,,,,,,,,,,,,,,
573,Julio Enciso,py PAR,MF,Ipswich Town,eng Premier League,22.0,2004,4,4,340,3.8,0,2,2,0,0,0,1,0,0.53,14,3,21.4,3.71,0.79,0.00,0.00,0,0,1,2,2,8,1,0,0,2,0,,,,,,,,,,,,,,
574,Jay Enem,nl NED,FW,Bologna,it Serie A,23.0,2003,1,0,9,0.1,0,0,0,0,0,0,0,0,0.00,1,0,0.0,10.00,0.00,0.00,,0,0,0,0,0,0,0,0,0,0,0,,,,,,,,,,,,,,
575,Yannik Engelhardt,de GER,MF,Freiburg,de Bundesliga,25.0,2001,3,3,261,2.9,2,0,2,2,0,0,1,0,0.69,6,3,50.0,2.07,1.03,0.33,0.67,0,0,1,1,2,4,1,0,0,3,0,,,,,,,,,,,,,,
576,Ramón Enríquez,es ESP,MF,Málaga,es La Liga,25.0,2001,5,0,90,1.0,0,0,0,0,0,0,2,0,0.00,0,0,,0.00,0.00,,,0,0,0,0,2,2,2,0,0,1,0,,,,,,,,,,,,,,
577,Paul Erevbenagie,de GER,MF,Werder Bremen,de Bundesliga,19.0,2007,2,0,32,0.4,0,0,0,0,0,0,0,0,0.00,1,1,100.0,2.81,2.81,0.00,0.00,0,0,1,1,1,0,0,0,0,1,0,,,,,,,,,,,,,,
578,Xavi Espart,es ESP,DF,Barcelona,es La Liga,19.0,2007,5,5,439,4.9,1,2,3,1,0,0,1,0,0.62,4,2,50.0,0.82,0.41,0.25,0.50,0,0,4,9,6,3,1,0,0,8,0,,,,,,,,,,,,,,
579,Carlos Espí,es ESP,FW,Real Madrid,es La Liga,21.0,2005,3,0,25,0.3,1,0,1,1,0,0,0,0,3.60,2,2,100.0,7.20,7.20,0.50,0.50,0,0,0,0,0,1,0,0,0,0,0,,,,,,,,,,,,,,
580,Francesco Esposito,it ITA,FW,Inter,it Serie A,21.0,2005,3,3,199,2.2,1,1,2,1,0,0,0,0,0.90,11,4,36.4,4.97,1.81,0.09,0.25,0,0,0,1,0,6,0,0,0,0,0,,,,,,,,,,,,,,
581,Sebastiano Esposito,it ITA,FW,Sassuolo,it Serie A,24.0,2002,1,1,69,0.8,1,0,1,1,0,0,0,0,1.30,2,1,50.0,2.61,1.30,0.50,1.00,0,0,0,0,0,3,0,0,0,1,0,,,,,,,,,,,,,,
582,Dario Essugo,pt POR,MF,Strasbourg,fr Ligue 1,21.0,2005,2,0,73,0.8,0,1,1,0,0,0,0,0,1.23,2,0,0.0,2.47,0.00,0.00,,0,0,0,0,1,5,0,0,0,0,0,,,,,,,,,,,,,,
583,Paco Esteban,es ESP,FW,Lecce,it Serie A,20.0,2006,1,0,17,0.2,0,0,0,0,0,0,0,0,0.00,0,0,,0.00,0.00,,,0,0,0,2,0,2,0,0,0,0,0,,,,,,,,,,,,,,
584,Maxime Estève,fr FRA,DF,RB Leipzig,de Bundesliga,24.0,2002,2,1,108,1.2,0,0,0,0,0,0,0,0,0.00,0,0,,0.00,0.00,,,0,0,0,1,2,0,0,0,0,0,0,,,,,,,,,,,,,,
585,Pervis Estupiñán,ec ECU,MF,Milan,it Serie A,28.0,1998,4,3,204,2.3,0,0,0,0,0,0,1,0,0.00,3,0,0.0,1.32,0.00,0.00,,0,0,5,1,3,0,1,0,0,4,0,,,,,,,,,,,,,,
586,Karl Etta Eyong,cm CMR,FW,Levante,es La Liga,22.0,2003,3,0,65,0.7,0,1,1,0,0,0,0,0,1.38,2,1,50.0,2.77,1.38,0.00,0.00,0,0,1,0,0,2,0,0,0,2,0,,,,,,,,,,,,,,
587,Evanilson,br BRA,FW,Bournemouth,eng Premier League,26.0,1999,4,4,333,3.7,0,3,3,0,0,0,1,0,0.81,6,0,0.0,1.62,0.00,0.00,,0,0,2,0,4,8,1,0,0,7,0,,,,,,,,,,,,,,
588,Milan van Ewijk,nl NED,"MF,DF",Coventry City,eng Premier League,26.0,2000,4,4,360,4.0,0,0,0,0,0,0,1,0,0.00,0,0,,0.00,0.00,,,0,0,4,4,5,2,1,0,0,4,0,,,,,,,,,,,,,,
589,Edu Expósito,es ESP,MF,Espanyol,es La Liga,30.0,1996,5,5,419,4.7,0,0,0,0,0,0,1,0,0.00,11,1,9.1,2.36,0.21,0.00,0.00,0,0,11,5,2,3,1,0,0,4,0,,,,,,,,,,,,,,
590,Théo Eyoum,fr FRA,DF,Le Mans,fr Ligue 1,24.0,2002,2,2,180,2.0,0,0,0,0,0,0,0,0,0.00,0,0,,0.00,0.00,,,0,0,0,0,2,0,0,0,0,2,0,,,,,,,,,,,,,,
591,Eberechi Eze,eng ENG,"FW,MF",Arsenal,eng Premier League,28.0,1998,3,0,70,0.8,0,0,0,0,0,0,0,0,0.00,1,0,0.0,1.29,0.00,0.00,,0,0,1,0,0,3,0,0,0,0,0,,,,,,,,,,,,,,
592,Abde Ezzalzouli,ma MAR,"FW,MF",Real Betis,es La Liga,24.0,2001,1,0,17,0.2,0,0,0,0,0,0,0,0,0.00,0,0,,0.00,0.00,,,0,0,5,0,0,0,0,0,0,0,0,,,,,,,,,,,,,,
593,Giovanni Fabbian,it ITA,MF,Parma,it Serie A,23.0,2003,1,1,45,0.5,0,0,0,0,0,0,0,0,0.00,1,0,0.0,2.00,0.00,0.00,,0,0,0,0,1,1,0,0,0,1,0,,,,,,,,,,,,,,
594,Alieu Fadera,gm GAM,"FW,MF",Cagliari,it Serie A,24.0,2001,3,0,93,1.0,0,0,0,0,0,0,0,0,0.00,4,1,25.0,3.87,0.97,0.00,0.00,0,0,4,1,1,2,0,0,0,3,0,,,,,,,,,,,,,,
595,Nicolò Fagioli,it ITA,MF,Fiorentina,it Serie A,25.0,2001,4,3,270,3.0,0,1,1,0,0,0,1,0,0.33,3,1,33.3,1.00,0.33,0.00,0.00,0,0,9,5,5,3,1,0,0,4,0,,,,,,,,,,,,,,
596,Romain Faivre,fr FRA,FW,Auxerre,fr Ligue 1,28.0,1998,4,2,170,1.9,0,1,1,0,0,0,0,0,0.53,4,1,25.0,2.12,0.53,0.00,0.00,0,0,7,2,0,0,0,0,0,2,0,,,,,,,,,,,,,,
597,Wladimiro Falcone,it ITA,GK,Lecce,it Serie A,31.0,1995,4,4,360,4.0,0,0,0,0,0,0,1,0,0.00,0,0,,0.00,0.00,,,0,0,0,0,0,1,1,0,0,0,0,7,1.75,33,26,78.8,2,0,2,1,25.0,0,0,0,0
598,Soufiane El-Faouzi,de GER,MF,Schalke 04,de Bundesliga,24.0,2002,3,3,270,3.0,0,0,0,0,0,0,0,0,0.00,5,3,60.0,1.67,1.00,0.00,0.00,0,0,3,5,6,3,0,0,0,3,0,,,,,,,,,,,,,,
599,Abdul Fatawu Issahaku,gh GHA,MF,Ipswich Town,eng Premier League,22.0,2004,4,4,286,3.2,0,1,1,0,0,0,2,0,0.31,2,0,0.0,0.63,0.00,0.00,,0,0,23,5,2,6,2,0,0,8,0,,,,,,,,,,,,,,
600,Costantino Favasuli,it ITA,MF,Napoli,it Serie A,22.0,2004,1,0,45,0.5,0,1,1,0,0,0,0,0,2.00,1,1,100.0,2.00,2.00,0.00,0.00,0,0,2,1,0,0,0,0,0,1,0,,,,,,,,,,,,,,
601,Abdoulaye Faye,sn SEN,DF,Celta Vigo,es La Liga,21.0,2004,1,1,45,0.5,0,0,0,0,0,0,0,0,0.00,0,0,,0.00,0.00,,,0,0,0,0,1,0,0,0,0,1,0,,,,,,,,,,,,,,
602,Souleymane Faye,sn SEN,FW,Lorient,fr Ligue 1,23.0,2003,2,0,40,0.4,0,0,0,0,0,0,0,0,0.00,2,0,0.0,4.50,0.00,0.00,,0,0,0,1,1,2,0,0,0,0,0,,,,,,,,,,,,,,
603,Jacopo Fazzini,it ITA,MF,Cagliari,it Serie A,23.0,2003,4,4,237,2.6,0,1,1,0,0,0,1,0,0.38,4,1,25.0,1.52,0.38,0.00,0.00,0,0,11,2,4,3,1,0,0,3,0,,,,,,,,,,,,,,
604,Aleix Febas,es ESP,MF,Celta Vigo,es La Liga,30.0,1996,2,2,166,1.8,0,0,0,0,0,0,0,0,0.00,1,1,100.0,0.54,0.54,0.00,0.00,0,0,0,2,1,7,0,0,0,5,0,,,,,,,,,,,,,,
605,Mattia Felici,it ITA,MF,Cagliari,it Serie A,25.0,2001,2,0,38,0.4,0,0,0,0,0,0,0,0,0.00,1,1,100.0,2.37,2.37,0.00,0.00,0,0,1,0,0,0,0,0,0,1,0,,,,,,,,,,,,,,
606,Pedro Felipe,br BRA,DF,Racing Sant,es La Liga,22.0,2004,2,1,16,0.2,0,0,0,0,0,0,0,0,0.00,0,0,,0.00,0.00,,,0,0,0,0,0,0,0,0,0,0,0,,,,,,,,,,,,,,
607,Ohis Felix Uduokhai,de GER,DF,Union Berlin,de Bundesliga,29.0,1997,2,2,180,2.0,0,0,0,0,0,0,2,0,0.00,2,0,0.0,1.00,0.00,0.00,,0,0,0,1,1,4,2,0,0,5,0,,,,,,,,,,,,,,
608,Robin Fellhauer,de GER,MF,Augsburg,de Bundesliga,28.0,1998,3,3,211,2.3,1,0,1,1,0,0,0,0,0.43,5,2,40.0,2.13,0.85,0.20,0.50,0,0,5,0,2,1,0,0,0,2,0,,,,,,,,,,,,,,
609,Kiko Femenía,es ESP,"DF,MF",Getafe,es La Liga,35.0,1991,3,3,138,1.5,0,0,0,0,0,0,0,1,0.00,0,0,,0.00,0.00,,,0,0,6,2,1,1,0,1,0,2,0,,,,,,,,,,,,,,
610,Lewis Ferguson,sct SCO,MF,Bologna,it Serie A,27.0,1999,4,4,360,4.0,0,0,0,0,0,0,0,0,0.00,3,1,33.3,0.75,0.25,0.00,0.00,0,0,4,6,3,3,0,0,0,10,0,,,,,,,,,,,,,,
611,Bruno Fernandes,pt POR,MF,Manchester Utd,eng Premier League,32.0,1994,4,4,360,4.0,3,1,4,2,1,1,0,0,0.75,16,5,31.3,4.00,1.25,0.19,0.60,1,1,25,2,1,1,0,0,0,3,0,,,,,,,,,,,,,,
612,Mateus Fernandes,pt POR,MF,Tottenham,eng Premier League,22.0,2004,4,2,204,2.3,0,0,0,0,0,0,1,0,0.00,4,1,25.0,1.76,0.44,0.00,0.00,0,0,8,4,0,1,1,0,0,8,0,,,,,,,,,,,,,,
613,Dro Fernández,es ESP,MF,Paris SG,fr Ligue 1,18.0,2008,3,0,42,0.5,0,0,0,0,0,0,1,0,0.00,0,0,,0.00,0.00,,,0,0,0,3,1,1,1,0,0,1,0,,,,,,,,,,,,,,
614,Enzo Fernández,ar ARG,MF,Manchester City,eng Premier League,25.0,2001,2,2,156,1.7,0,0,0,0,0,0,1,0,0.00,4,1,25.0,2.31,0.58,0.00,0.00,0,0,5,1,3,5,1,0,0,4,0,,,,,,,,,,,,,,
615,Enzo Fernández,ar ARG,MF,Chelsea,eng Premier League,25.0,2001,1,0,26,0.3,0,0,0,0,0,0,0,0,0.00,0,0,,0.00,0.00,,,0,0,0,0,0,1,0,0,0,0,0,,,,,,,,,,,,,,
616,Ezequiél Fernández,ar ARG,MF,Leverkusen,de Bundesliga,24.0,2002,3,3,199,2.2,1,0,1,1,0,0,0,0,0.45,5,1,20.0,2.26,0.45,0.20,1.00,0,0,1,4,3,5,0,0,0,1,0,,,,,,,,,,,,,,
617,Marcos Fernández,es ESP,MF,Espanyol,es La Liga,23.0,2003,4,1,123,1.4,1,1,2,1,0,0,1,0,1.46,7,3,42.9,5.12,2.20,0.14,0.33,0,0,1,1,0,1,1,0,0,6,0,,,,,,,,,,,,,,
618,Pelayo Fernandez,es ESP,DF,Rayo Vallecano,es La Liga,23.0,2003,2,1,67,0.7,0,0,0,0,0,0,0,0,0.00,0,0,,0.00,0.00,,,0,0,0,0,1,0,0,0,0,4,0,,,,,,,,,,,,,,
619,Roberto Férnandez,es ESP,FW,Espanyol,es La Liga,24.0,2002,5,5,431,4.8,5,0,5,5,0,0,0,0,1.04,11,5,45.5,2.30,1.04,0.45,1.00,0,0,1,2,1,8,0,0,0,8,0,,,,,,,,,,,,,,
620,Thiago Fernández,ar ARG,MF,Levante,es La Liga,22.0,2004,3,3,224,2.5,0,0,0,0,0,0,0,0,0.00,5,1,20.0,2.01,0.40,0.00,0.00,0,0,5,4,3,0,0,0,0,1,0,,,,,,,,,,,,,,
621,Toni Fernández,es ESP,MF,Venezia,it Serie A,18.0,2008,2,0,56,0.6,0,0,0,0,0,0,0,0,0.00,0,0,,0.00,0.00,,,0,0,1,0,0,0,0,0,0,1,0,,,,,,,,,,,,,,
622,Matias Fernandez-Pardo,be BEL,"FW,MF",Newcastle,eng Premier League,21.0,2005,1,0,28,0.3,0,0,0,0,0,0,0,0,0.00,0,0,,0.00,0.00,,,0,0,1,0,0,1,0,0,0,1,0,,,,,,,,,,,,,,
623,Álvaro Fidalgo,mx MEX,MF,Real Betis,es La Liga,29.0,1997,1,0,31,0.3,0,0,0,0,0,0,0,0,0.00,0,0,,0.00,0.00,,,0,0,0,1,0,0,0,0,0,0,0,,,,,,,,,,,,,,
624,Seydou Fini,it ITA,MF,Frosinone,it Serie A,20.0,2006,4,3,178,2.0,0,0,0,0,0,0,0,0,0.00,2,1,50.0,1.01,0.51,0.00,0.00,0,0,4,1,2,4,0,0,0,4,0,,,,,,,,,,,,,,
625,Max Finkgräfe,de GER,DF,RB Leipzig,de Bundesliga,22.0,2004,1,0,13,0.1,0,0,0,0,0,0,0,0,0.00,0,0,,0.00,0.00,,,0,0,0,0,0,0,0,0,0,1,0,,,,,,,,,,,,,,
626,Junior Firpo,do DOM,DF,Real Betis,es La Liga,30.0,1996,1,1,58,0.6,0,0,0,0,0,0,1,0,0.00,0,0,,0.00,0.00,,,0,0,2,0,0,1,1,0,0,1,0,,,,,,,,,,,,,,
627,Kian Fitz-Jim,nl NED,MF,Torino,it Serie A,23.0,2003,3,3,270,3.0,0,0,0,0,0,0,0,0,0.00,2,0,0.0,0.67,0.00,0.00,,0,0,4,2,2,3,0,0,0,0,0,,,,,,,,,,,,,,
628,Mark Flekken,nl NED,GK,Leverkusen,de Bundesliga,33.0,1993,3,3,270,3.0,0,0,0,0,0,0,0,0,0.00,0,0,,0.00,0.00,,,0,0,0,0,0,0,0,0,0,0,0,5,1.67,11,6,54.5,1,1,1,1,33.3,0,0,0,0
629,Zian Flemming,nl NED,"FW,MF",Ipswich Town,eng Premier League,28.0,1998,2,0,53,0.6,1,0,1,1,0,0,0,0,1.70,4,3,75.0,6.79,5.09,0.25,0.33,0,0,0,0,0,0,0,0,0,2,0,,,,,,,,,,,,,,
630,Romano Floriani,it ITA,DF,Lazio,it Serie A,23.0,2003,4,3,324,3.6,0,0,0,0,0,0,1,0,0.00,1,0,0.0,0.28,0.00,0.00,,0,0,8,4,5,1,1,0,0,6,0,,,,,,,,,,,,,,
631,Phil Foden,eng ENG,MF,Manchester City,eng Premier League,26.0,2000,4,3,218,2.4,0,2,2,0,0,0,1,1,0.83,6,1,16.7,2.48,0.41,0.00,0.00,0,0,12,2,0,6,1,1,0,4,0,,,,,,,,,,,,,,
632,Manga Foe Ondoa,fr FRA,MF,Monza,it Serie A,20.0,2005,2,2,143,1.6,0,0,0,0,0,0,0,0,0.00,2,1,50.0,1.26,0.63,0.00,0.00,0,0,0,2,2,0,0,0,0,2,0,,,,,,,,,,,,,,
633,Malick Fofana,be BEL,"FW,MF",Sunderland,eng Premier League,21.0,2005,2,0,32,0.4,0,0,0,0,0,0,0,0,0.00,0,0,,0.00,0.00,,,0,0,4,0,0,0,0,0,0,2,0,,,,,,,,,,,,,,
634,Malick Fofana,be BEL,"FW,MF",Lyon,fr Ligue 1,21.0,2005,2,0,58,0.6,1,0,1,1,0,0,0,0,1.55,3,1,33.3,4.66,1.55,0.33,1.00,0,0,7,1,0,2,0,0,0,1,0,,,,,,,,,,,,,,
635,Rayan Fofana,fr FRA,MF,Le Havre,fr Ligue 1,20.0,2006,2,0,57,0.6,1,0,1,0,1,1,0,0,0.00,3,1,33.3,4.74,1.58,0.33,1.00,1,1,3,0,0,1,0,0,0,1,0,,,,,,,,,,,,,,
636,Wesley Fofana,fr FRA,DF,Chelsea,eng Premier League,25.0,2000,3,3,242,2.7,0,0,0,0,0,0,1,0,0.00,0,0,,0.00,0.00,,,0,0,1,4,5,4,1,0,0,4,0,,,,,,,,,,,,,,
637,Youssouf Fofana,fr FRA,MF,Sevilla,es La Liga,27.0,1999,2,1,107,1.2,0,0,0,0,0,0,0,0,0.00,4,1,25.0,3.36,0.84,0.00,0.00,0,0,0,1,2,1,0,0,0,1,0,,,,,,,,,,,,,,
638,Michael Folorunsho,it ITA,MF,Monza,it Serie A,28.0,1998,3,2,217,2.4,0,0,0,0,0,0,1,0,0.00,6,0,0.0,2.49,0.00,0.00,,0,0,5,3,3,7,1,0,0,4,0,,,,,,,,,,,,,,
639,Pablo Fornals,es ESP,MF,Real Betis,es La Liga,30.0,1996,4,3,292,3.2,0,0,0,0,0,0,0,0,0.00,6,0,0.0,1.85,0.00,0.00,,0,0,17,2,4,3,0,0,0,2,0,,,,,,,,,,,,,,
640,Omari Forson,eng ENG,MF,Monza,it Serie A,22.0,2004,4,1,97,1.1,0,0,0,0,0,0,0,0,0.00,2,0,0.0,1.86,0.00,0.00,,0,0,11,0,0,2,0,0,0,0,0,,,,,,,,,,,,,,
641,Héctor Fort,es ESP,DF,Real Sociedad,es La Liga,20.0,2006,1,0,10,0.1,0,0,0,0,0,0,0,0,0.00,0,0,,0.00,0.00,,,0,0,0,0,1,0,0,0,0,0,0,,,,,,,,,,,,,,
642,Niccolò Fortini,it ITA,"MF,DF",Torino,it Serie A,20.0,2006,3,2,148,1.6,0,0,0,0,0,0,0,0,0.00,1,0,0.0,0.61,0.00,0.00,,0,0,8,2,0,3,0,0,0,0,0,,,,,,,,,,,,,,
643,Juan Foyth,ar ARG,DF,Villarreal,es La Liga,28.0,1998,3,3,270,3.0,0,0,0,0,0,0,2,0,0.00,4,1,25.0,1.33,0.33,0.00,0.00,0,0,0,5,7,2,2,0,0,1,0,,,,,,,,,,,,,,
644,Bartol Franjić,hr CRO,DF,Venezia,it Serie A,26.0,2000,2,2,134,1.5,0,0,0,0,0,0,0,0,0.00,2,2,100.0,1.34,1.34,0.00,0.00,0,0,2,1,3,1,0,0,0,0,0,,,,,,,,,,,,,,
645,Przemysław Frankowski,pl POL,DF,Rennes,fr Ligue 1,31.0,1995,4,4,334,3.7,1,1,2,1,0,0,1,0,0.54,4,1,25.0,1.08,0.27,0.25,1.00,0,0,6,4,6,4,1,0,0,7,0,,,,,,,,,,,,,,
646,Davide Frattesi,it ITA,MF,Lazio,it Serie A,26.0,1999,4,3,296,3.3,3,0,3,3,0,0,0,0,0.91,8,3,37.5,2.43,0.91,0.38,1.00,0,0,0,2,4,7,0,0,0,5,0,,,,,,,,,,,,,,
647,Alex Freeman,us USA,DF,Villarreal,es La Liga,22.0,2004,3,1,122,1.4,0,0,0,0,0,0,0,0,0.00,2,1,50.0,1.48,0.74,0.00,0.00,0,0,1,3,0,2,0,0,0,0,0,,,,,,,,,,,,,,
648,Morten Frendrup,dk DEN,MF,Genoa,it Serie A,25.0,2001,4,4,360,4.0,0,0,0,0,0,0,0,0,0.00,2,1,50.0,0.50,0.25,0.00,0.00,0,0,1,4,14,4,0,0,0,2,0,,,,,,,,,,,,,,
649,Marco Friedl,at AUT,DF,Werder Bremen,de Bundesliga,28.0,1998,3,3,270,3.0,0,0,0,0,0,0,0,0,0.00,1,0,0.0,0.33,0.00,0.00,,0,0,1,1,2,1,0,0,0,5,0,,,,,,,,,,,,,,
650,Matija Frigan,hr CRO,FW,Parma,it Serie A,23.0,2003,1,0,45,0.5,0,0,0,0,0,0,0,0,0.00,0,0,,0.00,0.00,,,0,0,1,1,1,2,0,0,0,2,0,,,,,,,,,,,,,,
651,Jeremie Frimpong,nl NED,DF,Liverpool,eng Premier League,25.0,2000,3,2,179,2.0,0,0,0,0,0,0,1,0,0.00,1,0,0.0,0.50,0.00,0.00,,0,0,11,2,1,1,1,0,0,2,0,,,,,,,,,,,,,,
652,Jorge de Frutos,es ESP,"MF,FW",Rayo Vallecano,es La Liga,29.0,1997,4,4,300,3.3,0,1,1,0,0,0,0,1,0.30,1,1,100.0,0.30,0.30,0.00,0.00,0,0,8,7,0,5,0,1,0,4,0,,,,,,,,,,,,,,
653,Chris Führich,de GER,MF,Stuttgart,de Bundesliga,28.0,1998,2,2,133,1.5,0,0,0,0,0,0,0,0,0.00,0,0,,0.00,0.00,,,0,0,9,2,0,1,0,0,0,0,0,,,,,,,,,,,,,,
654,Niclas Füllkrug,de GER,FW,Werder Bremen,de Bundesliga,33.0,1993,3,3,213,2.4,2,0,2,2,0,0,0,0,0.85,5,4,80.0,2.11,1.69,0.40,0.50,0,0,0,2,0,3,0,0,0,10,0,,,,,,,,,,,,,,
655,Darnell Furlong,eng ENG,"DF,MF",Ipswich Town,eng Premier League,30.0,1995,1,0,18,0.2,0,0,0,0,0,0,0,0,0.00,0,0,,0.00,0.00,,,0,0,0,0,1,0,0,0,0,0,0,,,,,,,,,,,,,,
656,Noel Futkeu,de GER,FW,Elversberg,de Bundesliga,23.0,2002,2,0,34,0.4,0,1,1,0,0,0,0,0,2.65,1,0,0.0,2.65,0.00,0.00,,0,0,0,0,0,1,0,0,0,0,0,,,,,,,,,,,,,,
657,Matteo Gabbia,it ITA,DF,Milan,it Serie A,26.0,1999,2,0,19,0.2,0,0,0,0,0,0,0,0,0.00,0,0,,0.00,0.00,,,0,0,0,0,0,0,0,0,0,0,0,,,,,,,,,,,,,,
658,Tiago Gabriel,pt POR,DF,Lecce,it Serie A,21.0,2004,4,3,242,2.7,2,0,2,2,0,0,0,0,0.74,2,2,100.0,0.74,0.74,1.00,1.00,0,0,0,6,3,3,0,0,0,2,0,,,,,,,,,,,,,,
659,Kouakou Gadou,fr FRA,DF,Dortmund,de Bundesliga,19.0,2007,3,3,242,2.7,0,0,0,0,0,0,0,0,0.00,0,0,,0.00,0.00,,,0,0,0,3,1,0,0,0,0,1,0,,,,,,,,,,,,,,
660,Gianluca Gaetano,it ITA,MF,Atalanta,it Serie A,26.0,2000,3,3,269,3.0,0,1,1,0,0,0,0,1,0.33,1,1,100.0,0.33,0.33,0.00,0.00,0,0,0,3,4,2,0,1,0,5,0,,,,,,,,,,,,,,
661,Roberto Gagliardini,it ITA,MF,Cagliari,it Serie A,32.0,1994,1,0,17,0.2,0,0,0,0,0,0,0,0,0.00,0,0,,0.00,0.00,,,0,0,0,0,2,0,0,0,0,0,0,,,,,,,,,,,,,,
662,Cody Gakpo,nl NED,MF,Liverpool,eng Premier League,27.0,1999,4,3,281,3.1,1,3,4,1,0,0,0,0,1.28,8,1,12.5,2.56,0.32,0.13,1.00,0,0,9,6,5,5,0,0,0,4,0,,,,,,,,,,,,,,
663,Javi Galán,es ESP,MF,Celta Vigo,es La Liga,31.0,1994,5,3,204,2.3,0,0,0,0,0,0,0,0,0.00,0,0,,0.00,0.00,,,0,0,12,4,1,4,0,0,0,2,0,,,,,,,,,,,,,,
664,Iñigo Ruiz de Galarreta,es ESP,MF,Athletic Club,es La Liga,33.0,1993,4,3,195,2.2,0,1,1,0,0,0,1,0,0.46,2,0,0.0,0.92,0.00,0.00,,0,0,3,1,3,3,1,0,0,6,0,,,,,,,,,,,,,,
665,Nicolas Galazzi,it ITA,MF,Monza,it Serie A,25.0,2000,1,0,21,0.2,0,0,0,0,0,0,0,0,0.00,1,0,0.0,4.29,0.00,0.00,,0,0,0,0,0,0,0,0,0,0,0,,,,,,,,,,,,,,
666,Einar Galilea,es ESP,DF,Málaga,es La Liga,32.0,1994,5,5,377,4.2,0,0,0,0,0,0,1,0,0.00,0,0,,0.00,0.00,,,0,0,0,2,5,2,1,0,0,3,0,,,,,,,,,,,,,,
667,Conor Gallagher,eng ENG,MF,Tottenham,eng Premier League,26.0,2000,2,2,128,1.4,0,0,0,0,0,0,1,0,0.00,1,0,0.0,0.70,0.00,0.00,,0,0,2,3,1,6,1,0,0,1,0,,,,,,,,,,,,,,
668,Antonino Gallo,it ITA,DF,Lecce,it Serie A,26.0,2000,3,3,225,2.5,0,0,0,0,0,0,0,0,0.00,1,0,0.0,0.40,0.00,0.00,,0,0,2,3,1,0,0,0,0,0,0,,,,,,,,,,,,,,
669,Gauthier Gallon,fr FRA,GK,Le Havre,fr Ligue 1,33.0,1993,2,1,91,1.0,0,0,0,0,0,0,0,0,0.00,0,0,,0.00,0.00,,,0,0,0,0,0,0,0,0,0,0,0,0,0.00,1,1,100.0,0,1,0,1,100.0,0,0,0,0
670,Omri Gandelman,il ISR,MF,Lecce,it Serie A,26.0,2000,1,0,1,0.0,0,0,0,0,0,0,0,0,0.00,0,0,,0.00,0.00,,,0,0,0,0,0,0,0,0,0,0,0,,,,,,,,,,,,,,
671,Ismaëlo Ganiou,fr FRA,DF,Lens,fr Ligue 1,21.0,2005,3,3,258,2.9,1,0,1,1,0,0,0,0,0.35,3,2,66.7,1.05,0.70,0.33,0.50,0,0,2,5,5,2,0,0,0,1,0,,,,,,,,,,,,,,
672,Ben Gannon-Doak,sct SCO,MF,Bournemouth,eng Premier League,20.0,2005,3,0,13,0.1,0,0,0,0,0,0,0,0,0.00,3,0,0.0,20.77,0.00,0.00,,0,0,3,1,0,0,0,0,0,0,0,,,,,,,,,,,,,,
673,Aleix García,es ESP,MF,Leverkusen,de Bundesliga,29.0,1997,3,3,270,3.0,0,0,0,0,0,0,0,0,0.00,4,2,50.0,1.33,0.67,0.00,0.00,0,0,25,1,3,1,0,0,0,2,0,,,,,,,,,,,,,,
674,Álvaro García,es ESP,"MF,FW",Rayo Vallecano,es La Liga,33.0,1992,5,4,358,4.0,1,1,2,1,0,0,1,0,0.50,5,3,60.0,1.26,0.75,0.20,0.33,0,0,14,3,4,0,1,0,0,3,0,,,,,,,,,,,,,,
675,Andrés García,es ESP,"MF,FW",Getafe,es La Liga,23.0,2003,4,3,311,3.5,0,0,0,0,0,0,0,0,0.00,3,0,0.0,0.87,0.00,0.00,,0,0,13,7,2,1,0,0,0,0,0,,,,,,,,,,,,,,
676,Eric García,es ESP,DF,Barcelona,es La Liga,25.0,2001,4,4,287,3.2,0,0,0,0,0,0,0,0,0.00,3,0,0.0,0.94,0.00,0.00,,0,0,1,9,3,0,0,0,0,2,0,,,,,,,,,,,,,,
677,Fran Garcia,es ESP,DF,Real Betis,es La Liga,27.0,1999,4,3,302,3.4,0,1,1,0,0,0,1,0,0.30,0,0,,0.00,0.00,,,0,0,13,3,3,4,1,0,0,2,0,,,,,,,,,,,,,,
678,Gonzalo García,es ESP,FW,Fulham,eng Premier League,22.0,2004,4,4,346,3.8,1,0,1,1,0,0,0,0,0.26,12,2,16.7,3.12,0.52,0.08,0.50,0,0,3,1,1,3,0,0,0,6,0,,,,,,,,,,,,,,
679,Hugo García,es ESP,MF,Celta Vigo,es La Liga,19.0,2006,1,0,17,0.2,0,0,0,0,0,0,0,0,0.00,1,0,0.0,5.29,0.00,0.00,,0,0,0,1,1,1,0,0,0,0,0,,,,,,,,,,,,,,
680,Joan García,es ESP,GK,Barcelona,es La Liga,25.0,2001,5,5,450,5.0,0,0,0,0,0,0,0,0,0.00,0,0,,0.00,0.00,,,0,0,0,0,0,1,0,0,0,0,0,4,0.80,15,11,73.3,5,0,0,3,60.0,0,0,0,0
681,Pablo Garcia,es ESP,MF,Racing Sant,es La Liga,20.0,2006,2,2,153,1.7,1,0,1,1,0,0,0,0,0.59,6,3,50.0,3.53,1.76,0.17,0.33,0,0,0,1,0,3,0,0,0,0,0,,,,,,,,,,,,,,
682,Pablo Garcia,es ESP,FW,Real Betis,es La Liga,20.0,2006,3,0,54,0.6,1,0,1,1,0,0,1,0,1.67,3,1,33.3,5.00,1.67,0.33,1.00,0,0,0,0,0,4,1,0,0,3,0,,,,,,,,,,,,,,
683,Rubén García,es ESP,MF,Osasuna,es La Liga,33.0,1993,5,4,267,3.0,0,0,0,0,0,0,0,0,0.00,6,3,50.0,2.02,1.01,0.00,0.00,0,0,18,7,1,3,0,0,0,2,0,,,,,,,,,,,,,,
684,Ulisses Garcia,ch SUI,"DF,MF",Marseille,fr Ligue 1,30.0,1996,1,0,1,0.0,0,0,0,0,0,0,0,0,0.00,0,0,,0.00,0.00,,,0,0,1,0,0,0,0,0,0,0,0,,,,,,,,,,,,,,
685,Víctor García,es ESP,MF,Levante,es La Liga,28.0,1997,4,2,197,2.2,0,0,0,0,0,0,0,0,0.00,1,0,0.0,0.46,0.00,0.00,,0,0,10,2,2,4,0,0,0,3,0,,,,,,,,,,,,,,
686,Alejandro Garnacho,ar ARG,MF,Aston Villa,eng Premier League,22.0,2004,3,0,34,0.4,0,0,0,0,0,0,0,0,0.00,0,0,,0.00,0.00,,,0,0,0,0,0,0,0,0,0,0,0,,,,,,,,,,,,,,
687,James Garner,eng ENG,MF,Everton,eng Premier League,25.0,2001,4,3,239,2.7,0,0,0,0,0,0,2,0,0.00,1,1,100.0,0.38,0.38,0.00,0.00,0,0,8,8,2,5,2,0,0,4,0,,,,,,,,,,,,,,
688,Rafael Garrido,,DF,Málaga,es La Liga,,,5,5,426,4.7,0,0,0,0,0,0,1,0,0.00,1,0,0.0,0.21,0.00,0.00,,0,0,5,3,5,7,1,0,0,4,0,,,,,,,,,,,,,,
689,Federico Gatti,it ITA,DF,Juventus,it Serie A,28.0,1998,1,0,3,0.0,1,0,1,1,0,0,1,0,30.00,1,1,100.0,30.00,30.00,1.00,1.00,0,0,0,0,0,0,1,0,0,0,0,,,,,,,,,,,,,,
690,Gavi,es ESP,MF,Barcelona,es La Liga,22.0,2004,1,1,44,0.5,0,0,0,0,0,0,0,0,0.00,0,0,,0.00,0.00,,,0,0,0,0,1,2,0,0,0,2,0,,,,,,,,,,,,,,
691,Yann Gboho,fr FRA,MF,Toulouse,fr Ligue 1,25.0,2001,2,2,169,1.9,0,1,1,0,0,0,0,0,0.53,2,0,0.0,1.07,0.00,0.00,,0,0,2,0,2,6,0,0,0,3,0,,,,,,,,,,,,,,
692,David de Gea,es ESP,GK,Fiorentina,it Serie A,35.0,1990,4,4,360,4.0,0,0,0,0,0,0,0,0,0.00,0,0,,0.00,0.00,,,0,0,0,0,0,2,0,0,0,0,0,11,2.75,21,10,47.6,1,0,3,0,0.0,0,0,0,0
693,Valentin Gendrey,fr FRA,DF,Hoffenheim,de Bundesliga,26.0,2000,1,0,22,0.2,0,0,0,0,0,0,0,0,0.00,0,0,,0.00,0.00,,,0,0,1,1,1,0,0,0,0,0,0,,,,,,,,,,,,,,
694,Tyrique George,eng ENG,MF,Everton,eng Premier League,20.0,2006,4,4,298,3.3,1,0,1,1,0,0,0,0,0.30,9,2,22.2,2.72,0.60,0.11,0.50,0,0,9,1,3,4,0,0,0,1,0,,,,,,,,,,,,,,
695,Alec Georgen,fr FRA,DF,Lorient,fr Ligue 1,27.0,1998,1,0,19,0.2,0,0,0,0,0,0,0,0,0.00,0,0,,0.00,0.00,,,0,0,1,0,1,0,0,0,0,0,0,,,,,,,,,,,,,,
696,Beñat Gerenabarrena,es ESP,MF,Athletic Club,es La Liga,23.0,2003,5,4,373,4.1,0,0,0,0,0,0,2,0,0.00,1,1,100.0,0.24,0.24,0.00,0.00,0,0,7,8,12,6,2,0,0,11,0,,,,,,,,,,,,,,
697,Willem Geubbels,fr FRA,FW,Lecce,it Serie A,25.0,2001,2,2,126,1.4,0,0,0,0,0,0,0,0,0.00,2,1,50.0,1.43,0.71,0.00,0.00,0,0,0,1,0,1,0,0,0,4,0,,,,,,,,,,,,,,
698,Farés Ghedjemis,dz ALG,MF,Frosinone,it Serie A,24.0,2002,2,1,105,1.2,0,0,0,0,0,0,0,0,0.00,4,2,50.0,3.43,1.71,0.00,0.00,0,0,5,2,0,3,0,0,0,1,0,,,,,,,,,,,,,,
699,Daniele Ghilardi,it ITA,DF,Roma,it Serie A,23.0,2003,2,1,119,1.3,0,0,0,0,0,0,0,0,0.00,0,0,,0.00,0.00,,,0,0,1,4,1,2,0,0,0,1,0,,,,,,,,,,,,,,
700,Andrea Ghion,it ITA,MF,Sassuolo,it Serie A,26.0,2000,1,0,11,0.1,0,0,0,0,0,0,0,0,0.00,0,0,,0.00,0.00,,,0,0,0,0,0,0,0,0,0,0,0,,,,,,,,,,,,,,
701,Morgan Gibbs-White,eng ENG,MF,Nottingham,eng Premier League,26.0,2000,4,4,360,4.0,1,2,3,0,1,1,0,0,0.50,9,3,33.3,2.25,0.75,0.11,0.33,1,1,17,1,1,5,0,0,0,4,0,,,,,,,,,,,,,,
702,Teun Gijselhart,nl NED,MF,Dep. A Coruña,es La Liga,21.0,2005,1,0,27,0.3,0,0,0,0,0,0,0,0,0.00,0,0,,0.00,0.00,,,0,0,0,1,0,0,0,0,0,1,0,,,,,,,,,,,,,,
703,Mario Gila,es ESP,DF,Milan,it Serie A,26.0,2000,4,4,338,3.8,0,0,0,0,0,0,1,0,0.00,1,1,100.0,0.27,0.27,0.00,0.00,0,0,2,4,3,3,1,0,0,5,0,,,,,,,,,,,,,,
704,Ryan Giles,eng ENG,DF,Hull City,eng Premier League,26.0,2000,4,4,354,3.9,0,1,1,0,0,0,0,0,0.25,1,0,0.0,0.25,0.00,0.00,,0,0,28,4,3,1,0,0,0,0,0,,,,,,,,,,,,,,
705,Billy Gilmour,sct SCO,MF,Napoli,it Serie A,25.0,2001,2,1,102,1.1,0,0,0,0,0,0,0,0,0.00,1,0,0.0,0.88,0.00,0.00,,0,0,0,0,0,2,0,0,0,0,0,,,,,,,,,,,,,,
706,Gvidas Gineitis,lt LTU,MF,Torino,it Serie A,22.0,2004,3,3,225,2.5,0,1,1,0,0,0,1,0,0.40,1,0,0.0,0.40,0.00,0.00,,0,0,6,5,0,6,1,0,0,2,0,,,,,,,,,,,,,,
707,Matthias Ginter,de GER,DF,Freiburg,de Bundesliga,32.0,1994,3,3,270,3.0,0,3,3,0,0,0,0,0,1.00,5,0,0.0,1.67,0.00,0.00,,0,0,1,4,4,7,0,0,0,2,0,,,,,,,,,,,,,,
708,Olivier Giroud,fr FRA,FW,Lille,fr Ligue 1,39.0,1986,4,3,229,2.5,1,2,3,1,0,0,1,0,1.18,3,2,66.7,1.18,0.79,0.33,0.50,0,0,0,0,0,2,1,0,0,1,0,,,,,,,,,,,,,,
709,Gnangoro,es ESP,MF,Rayo Vallecano,es La Liga,22.0,2004,3,2,156,1.7,0,0,0,0,0,0,0,0,0.00,1,1,100.0,0.58,0.58,0.00,0.00,0,0,0,2,5,2,0,0,0,3,0,,,,,,,,,,,,,,
710,Wilfried Gnonto,it ITA,"FW,MF",Fiorentina,it Serie A,22.0,2003,2,0,76,0.8,0,0,0,0,0,0,0,0,0.00,3,1,33.3,3.55,1.18,0.00,0.00,0,0,4,0,0,0,0,0,0,1,0,,,,,,,,,,,,,,
711,Mika Godts,be BEL,"FW,MF",Paris SG,fr Ligue 1,21.0,2005,4,0,110,1.2,0,1,1,0,0,0,0,0,0.82,4,0,0.0,3.27,0.00,0.00,,0,0,5,2,0,3,0,0,0,2,0,,,,,,,,,,,,,,
712,Aleksandr Golovin,ru RUS,MF,Monaco,fr Ligue 1,30.0,1996,4,4,346,3.8,0,2,2,0,0,0,2,0,0.52,4,2,50.0,1.04,0.52,0.00,0.00,0,0,12,3,1,2,2,0,0,5,0,,,,,,,,,,,,,,
713,Angel Gomes,eng ENG,MF,Marseille,fr Ligue 1,26.0,2000,4,4,309,3.4,0,1,1,0,0,0,0,0,0.29,8,2,25.0,2.33,0.58,0.00,0.00,0,0,8,2,3,4,0,0,0,4,0,,,,,,,,,,,,,,
714,João Gomes,br BRA,MF,Aston Villa,eng Premier League,25.0,2001,1,1,39,0.4,0,0,0,0,0,0,1,1,0.00,0,0,,0.00,0.00,,,0,0,0,2,0,1,1,1,0,1,0,,,,,,,,,,,,,,
715,Diego Gómez,py PAR,MF,Brighton,eng Premier League,23.0,2003,4,4,348,3.9,0,1,1,0,0,0,0,0,0.26,14,4,28.6,3.62,1.03,0.00,0.00,0,0,9,6,3,0,0,0,0,4,0,,,,,,,,,,,,,,
716,Moi Gómez,es ESP,MF,Osasuna,es La Liga,32.0,1994,4,3,238,2.6,0,1,1,0,0,0,0,0,0.38,0,0,,0.00,0.00,,,0,0,3,1,3,7,0,0,0,1,0,,,,,,,,,,,,,,
717,Sergio Gómez,es ESP,DF,Real Sociedad,es La Liga,26.0,2000,6,6,521,5.8,0,0,0,0,0,0,1,0,0.00,4,1,25.0,0.69,0.17,0.00,0.00,0,0,35,9,5,1,1,0,0,3,0,,,,,,,,,,,,,,
718,Unai Gómez,es ESP,MF,Udinese,it Serie A,23.0,2003,3,2,110,1.2,0,0,0,0,0,0,1,0,0.00,3,1,33.3,2.45,0.82,0.00,0.00,0,0,4,1,0,3,1,0,0,2,0,,,,,,,,,,,,,,
719,Valentín Gómez,ar ARG,DF,Real Betis,es La Liga,23.0,2003,1,1,90,1.0,0,0,0,0,0,0,0,0,0.00,0,0,,0.00,0.00,,,0,0,0,3,2,0,0,0,0,1,0,,,,,,,,,,,,,,
720,Iron Gomis,fr FRA,MF,Troyes,fr Ligue 1,26.0,1999,4,2,182,2.0,0,0,0,0,0,0,0,0,0.00,3,0,0.0,1.48,0.00,0.00,,0,0,1,3,1,3,0,0,0,4,0,,,,,,,,,,,,,,
721,Tidiam Gomis,fr FRA,FW,RB Leipzig,de Bundesliga,20.0,2006,3,2,164,1.8,1,2,3,1,0,0,0,0,1.65,7,2,28.6,3.84,1.10,0.14,0.50,0,0,3,2,0,3,0,0,0,0,0,,,,,,,,,,,,,,
722,Pedro Gonçalves,pt POR,"FW,MF",Fiorentina,it Serie A,28.0,1998,2,0,23,0.3,0,0,0,0,0,0,0,0,0.00,0,0,,0.00,0.00,,,0,0,0,0,1,0,0,0,0,0,0,,,,,,,,,,,,,,
723,Facundo González,uy URU,DF,Racing Sant,es La Liga,23.0,2003,4,2,161,1.8,0,0,0,0,0,0,1,0,0.00,0,0,,0.00,0.00,,,0,0,0,1,3,3,1,0,0,6,0,,,,,,,,,,,,,,
724,Hugo González,es ESP,FW,Celta Vigo,es La Liga,23.0,2003,3,3,188,2.1,0,2,2,0,0,0,0,0,0.96,7,3,42.9,3.35,1.44,0.00,0.00,0,0,9,0,0,4,0,0,0,3,0,,,,,,,,,,,,,,
725,Nicolás González,ar ARG,MF,Juventus,it Serie A,28.0,1998,3,2,156,1.7,1,0,1,1,0,0,0,0,0.58,8,3,37.5,4.62,1.73,0.13,0.33,0,0,1,2,4,5,0,0,0,0,0,,,,,,,,,,,,,,
726,Nicolás González,es ESP,MF,Newcastle,eng Premier League,24.0,2002,2,2,146,1.6,0,0,0,0,0,0,1,0,0.00,0,0,,0.00,0.00,,,0,0,1,0,1,3,1,0,0,8,0,,,,,,,,,,,,,,
727,Urko González,es ESP,MF,Espanyol,es La Liga,25.0,2001,5,4,312,3.5,0,0,0,0,0,0,2,0,0.00,0,0,,0.00,0.00,,,0,0,0,3,3,4,2,0,0,4,0,,,,,,,,,,,,,,
728,Anthony Gordon,eng ENG,"FW,MF",Barcelona,es La Liga,25.0,2001,5,4,308,3.4,0,4,4,0,0,0,0,0,1.17,9,4,44.4,2.63,1.17,0.00,0.00,0,0,3,2,0,3,0,0,0,1,0,,,,,,,,,,,,,,
729,Jon Gorrotxategi,es ESP,MF,Real Sociedad,es La Liga,24.0,2002,4,0,65,0.7,0,0,0,0,0,0,0,0,0.00,0,0,,0.00,0.00,,,0,0,1,0,0,0,0,0,0,0,0,,,,,,,,,,,,,,
730,Olaf Gorter,nl NED,MF,Lecce,it Serie A,21.0,2005,2,2,105,1.2,1,0,1,1,0,0,0,0,0.86,1,1,100.0,0.86,0.86,1.00,1.00,0,0,2,0,0,1,0,0,0,1,0,,,,,,,,,,,,,,
731,Robin Gosens,de GER,"MF,DF",Schalke 04,de Bundesliga,32.0,1994,3,2,172,1.9,1,0,1,1,0,0,0,0,0.52,4,1,25.0,2.09,0.52,0.25,1.00,0,0,3,7,2,2,0,0,0,2,0,,,,,,,,,,,,,,
732,Keisuke Gotō,jp JPN,FW,Freiburg,de Bundesliga,21.0,2005,3,0,33,0.4,0,0,0,0,0,0,1,0,0.00,0,0,,0.00,0.00,,,0,0,0,0,0,2,1,0,0,2,0,,,,,,,,,,,,,,
733,Mario Götze,de GER,MF,Frankfurt,de Bundesliga,34.0,1992,2,1,100,1.1,0,1,1,0,0,0,1,0,0.90,0,0,,0.00,0.00,,,0,0,1,1,0,1,1,0,0,5,0,,,,,,,,,,,,,,
734,Amine Gouiri,dz ALG,FW,Marseille,fr Ligue 1,26.0,2000,4,4,357,4.0,4,0,4,3,1,1,0,0,0.76,13,6,46.2,3.28,1.51,0.31,0.67,1,1,1,1,0,3,0,0,0,1,0,,,,,,,,,,,,,,
735,Lucas Gourna-Douath,fr FRA,MF,Hull City,eng Premier League,23.0,2003,2,1,126,1.4,0,0,0,0,0,0,1,0,0.00,0,0,,0.00,0.00,,,0,0,0,1,2,1,1,0,0,1,0,,,,,,,,,,,,,,
736,Jeffrey Gouweleeuw,nl NED,DF,Augsburg,de Bundesliga,35.0,1991,2,0,8,0.1,0,0,0,0,0,0,0,0,0.00,0,0,,0.00,0.00,,,0,0,0,0,0,0,0,0,0,0,0,,,,,,,,,,,,,,
737,Zavier Gozo,us USA,MF,Crystal Palace,eng Premier League,19.0,2007,2,0,30,0.3,0,0,0,0,0,0,0,0,0.00,0,0,,0.00,0.00,,,0,0,1,1,0,0,0,0,0,1,0,,,,,,,,,,,,,,
738,Jonathan Gradit,fr FRA,DF,Lens,fr Ligue 1,33.0,1992,1,1,54,0.6,0,0,0,0,0,0,0,0,0.00,1,0,0.0,1.67,0.00,0.00,,0,0,0,0,1,0,0,0,0,1,0,,,,,,,,,,,,,,
739,Ryan Gravenberch,nl NED,MF,Liverpool,eng Premier League,24.0,2002,4,2,183,2.0,0,1,1,0,0,0,0,0,0.49,3,0,0.0,1.48,0.00,0.00,,0,0,0,3,3,4,0,0,0,3,0,,,,,,,,,,,,,,
740,Archie Gray,eng ENG,DF,Tottenham,eng Premier League,20.0,2006,3,3,236,2.6,0,0,0,0,0,0,0,0,0.00,2,0,0.0,0.76,0.00,0.00,,0,0,2,1,4,4,0,0,0,2,0,,,,,,,,,,,,,,
741,Jack Grealish,eng ENG,"FW,MF",Manchester City,eng Premier League,31.0,1995,1,0,9,0.1,0,0,0,0,0,0,0,0,0.00,0,0,,0.00,0.00,,,0,0,0,0,0,0,0,0,0,1,0,,,,,,,,,,,,,,
742,Jack Grealish,eng ENG,"FW,MF",Everton,eng Premier League,31.0,1995,2,0,51,0.6,0,0,0,0,0,0,0,0,0.00,1,0,0.0,1.76,0.00,0.00,,0,0,0,1,0,3,0,0,0,1,0,,,,,,,,,,,,,,
743,Jacob Greaves,eng ENG,DF,Ipswich Town,eng Premier League,26.0,2000,4,4,357,4.0,0,0,0,0,0,0,1,0,0.00,0,0,,0.00,0.00,,,0,0,0,3,2,5,1,0,0,2,1,,,,,,,,,,,,,,
744,Michael Gregoritsch,at AUT,FW,Augsburg,de Bundesliga,32.0,1994,3,3,237,2.6,3,0,3,3,0,0,0,0,1.14,8,7,87.5,3.04,2.66,0.38,0.43,0,0,0,1,1,2,0,0,0,1,0,,,,,,,,,,,,,,
745,Dominik Greif,sk SVK,GK,Lyon,fr Ligue 1,29.0,1997,3,3,270,3.0,0,0,0,0,0,0,0,0,0.00,0,0,,0.00,0.00,,,0,0,0,0,0,1,0,0,0,0,0,2,0.67,11,9,81.8,1,2,0,1,33.3,0,0,0,0
746,Vincenzo Grifo,it ITA,"FW,MF",Freiburg,de Bundesliga,33.0,1993,2,0,41,0.5,0,0,0,0,0,0,0,0,0.00,1,0,0.0,2.20,0.00,0.00,,0,0,1,0,0,0,0,0,0,0,0,,,,,,,,,,,,,,
747,Florian Grillitsch,at AUT,"DF,MF",Frosinone,it Serie A,31.0,1995,1,0,9,0.1,0,0,0,0,0,0,0,0,0.00,0,0,,0.00,0.00,,,0,0,0,0,0,0,0,0,0,2,0,,,,,,,,,,,,,,
748,Álex Grimaldo,es ESP,"DF,MF",Atlético Madrid,es La Liga,30.0,1995,4,4,360,4.0,1,1,2,0,1,1,0,0,0.25,6,4,66.7,1.50,1.00,0.17,0.25,1,1,22,7,2,0,0,0,0,3,0,,,,,,,,,,,,,,
749,Matt Grimes,eng ENG,MF,Coventry City,eng Premier League,31.0,1995,4,4,353,3.9,0,0,0,0,0,0,0,0,0.00,3,0,0.0,0.76,0.00,0.00,,0,0,14,2,1,4,0,0,0,2,0,,,,,,,,,,,,,,
750,Pascal Groß,de GER,MF,Brighton,eng Premier League,35.0,1991,4,4,360,4.0,2,2,4,1,1,1,2,0,0.75,8,2,25.0,2.00,0.50,0.25,1.00,1,1,33,4,2,0,2,0,0,7,0,,,,,,,,,,,,,,
751,Fabio Gruber,pe PER,DF,Mainz 05,de Bundesliga,24.0,2002,3,3,270,3.0,0,0,0,0,0,0,0,0,0.00,2,0,0.0,0.67,0.00,0.00,,0,0,0,6,5,0,0,0,0,6,0,,,,,,,,,,,,,,
752,Brajan Gruda,de GER,FW,RB Leipzig,de Bundesliga,22.0,2004,2,2,162,1.8,0,0,0,0,0,0,0,0,0.00,4,2,50.0,2.22,1.11,0.00,0.00,0,0,3,0,0,4,0,0,0,2,0,,,,,,,,,,,,,,
753,Marco Grüll,at AUT,"MF,FW",Werder Bremen,de Bundesliga,28.0,1998,3,3,264,2.9,1,2,3,1,0,0,0,0,1.02,8,2,25.0,2.73,0.68,0.13,0.50,0,0,15,8,5,7,0,0,0,4,0,,,,,,,,,,,,,,
754,Albert Grønbaek,dk DEN,MF,Hamburger SV,de Bundesliga,25.0,2001,3,3,270,3.0,0,0,0,0,0,0,0,0,0.00,3,2,66.7,1.00,0.67,0.00,0.00,0,0,13,6,1,8,0,0,0,1,0,,,,,,,,,,,,,,
755,Nemanja Gudelj,rs SRB,DF,Getafe,es La Liga,34.0,1991,3,2,195,2.2,0,0,0,0,0,0,0,0,0.00,3,0,0.0,1.38,0.00,0.00,,0,0,0,1,1,0,0,0,0,2,0,,,,,,,,,,,,,,
756,Gabriel Gudmundsson,se SWE,MF,Leeds United,eng Premier League,27.0,1999,1,1,90,1.0,0,0,0,0,0,0,0,0,0.00,0,0,,0.00,0.00,,,0,0,2,1,0,2,0,0,0,1,0,,,,,,,,,,,,,,
757,Gonçalo Guedes,pt POR,MF,Real Sociedad,es La Liga,29.0,1996,5,2,178,2.0,0,0,0,0,0,0,0,0,0.00,8,3,37.5,4.04,1.52,0.00,0.00,0,0,4,2,0,2,0,0,0,1,0,,,,,,,,,,,,,,
758,Marc Guéhi,eng ENG,"DF,MF",Manchester City,eng Premier League,26.0,2000,4,4,360,4.0,1,0,1,1,0,0,0,0,0.25,2,1,50.0,0.50,0.25,0.50,1.00,0,0,0,4,4,4,0,0,0,2,0,,,,,,,,,,,,,,
759,Javier Guerra,es ESP,MF,Valencia,es La Liga,23.0,2003,5,5,382,4.2,0,0,0,0,0,0,0,0,0.00,3,0,0.0,0.71,0.00,0.00,,0,0,10,2,1,4,0,0,0,0,0,,,,,,,,,,,,,,
760,Evann Guessand,ci CIV,"FW,MF",Crystal Palace,eng Premier League,25.0,2001,2,0,56,0.6,0,0,0,0,0,0,0,0,0.00,1,1,100.0,1.61,1.61,0.00,0.00,0,0,1,0,0,0,0,0,0,2,0,,,,,,,,,,,,,,
761,Ander Guevara,es ESP,MF,Alavés,es La Liga,29.0,1997,1,0,1,0.0,0,0,0,0,0,0,0,0,0.00,0,0,,0.00,0.00,,,0,0,0,0,0,0,0,0,0,0,0,,,,,,,,,,,,,,
762,Dame Guèye,sn SEN,FW,Le Mans,fr Ligue 1,31.0,1995,4,4,262,2.9,1,0,1,1,0,0,0,0,0.34,6,2,33.3,2.06,0.69,0.17,0.50,0,0,2,1,2,1,0,0,0,3,0,,,,,,,,,,,,,,
763,Idrissa Guèye,sn SEN,FW,Udinese,it Serie A,19.0,2006,2,1,94,1.0,0,0,0,0,0,0,0,0,0.00,4,0,0.0,3.83,0.00,0.00,,0,0,0,0,0,2,0,0,0,1,0,,,,,,,,,,,,,,
764,Maguette Gueye,sn SEN,MF,Racing Sant,es La Liga,23.0,2002,4,0,62,0.7,0,0,0,0,0,0,0,0,0.00,1,0,0.0,1.45,0.00,0.00,,0,0,0,0,1,1,0,0,0,6,0,,,,,,,,,,,,,,
765,Pape Gueye,sn SEN,MF,Villarreal,es La Liga,27.0,1999,4,4,331,3.7,1,0,1,1,0,0,1,0,0.27,4,2,50.0,1.09,0.54,0.25,0.50,0,0,2,2,4,9,1,0,0,4,0,,,,,,,,,,,,,,
766,Nicolás Guilén Peguero,es ESP,MF,Sevilla,es La Liga,18.0,2008,2,1,90,1.0,0,0,0,0,0,0,1,0,0.00,1,0,0.0,1.00,0.00,0.00,,0,0,1,2,1,3,1,0,0,5,0,,,,,,,,,,,,,,
767,Bruno Guimarães,br BRA,MF,Arsenal,eng Premier League,28.0,1997,2,0,65,0.7,1,0,1,1,0,0,0,0,1.38,2,1,50.0,2.77,1.38,0.50,1.00,0,0,0,1,1,2,0,0,0,0,0,,,,,,,,,,,,,,
768,Serhou Guirassy,gn GUI,FW,Dortmund,de Bundesliga,30.0,1996,3,3,266,3.0,2,2,4,2,0,0,0,0,1.35,10,7,70.0,3.38,2.37,0.20,0.29,0,0,0,0,0,6,0,0,0,6,0,,,,,,,,,,,,,,
769,Marc Guiu,es ESP,FW,RB Leipzig,de Bundesliga,20.0,2006,1,0,16,0.2,0,0,0,0,0,0,0,0,0.00,0,0,,0.00,0.00,,,0,0,0,0,0,0,0,0,0,2,0,,,,,,,,,,,,,,
770,Arda Güler,tr TUR,MF,Real Madrid,es La Liga,21.0,2005,5,3,226,2.5,1,2,3,1,0,0,1,0,1.19,7,3,42.9,2.79,1.19,0.14,0.33,0,0,21,3,0,4,1,0,0,3,0,,,,,,,,,,,,,,
771,Giorgi Guliashvili,ge GEO,FW,Racing Sant,es La Liga,25.0,2001,2,0,38,0.4,0,0,0,0,0,0,0,0,0.00,0,0,,0.00,0.00,,,0,0,0,0,0,1,0,0,0,1,0,,,,,,,,,,,,,,
772,Lasse Günther,de GER,DF,Elversberg,de Bundesliga,23.0,2003,3,3,254,2.8,0,0,0,0,0,0,0,0,0.00,1,1,100.0,0.35,0.35,0.00,0.00,0,0,0,2,2,3,0,0,0,4,0,,,,,,,,,,,,,,
773,Jon Guridi,es ESP,MF,Sevilla,es La Liga,31.0,1995,5,4,258,2.9,1,0,1,0,1,1,2,0,0.00,3,3,100.0,1.05,1.05,0.33,0.33,1,1,5,3,1,1,2,0,0,5,0,,,,,,,,,,,,,,
774,Gorka Guruzeta,es ESP,FW,Athletic Club,es La Liga,30.0,1996,4,2,178,2.0,0,0,0,0,0,0,2,0,0.00,2,0,0.0,1.01,0.00,0.00,,0,0,1,2,1,3,2,0,0,5,0,,,,,,,,,,,,,,
775,Malo Gusto,fr FRA,"MF,DF",Chelsea,eng Premier League,23.0,2003,4,3,273,3.0,0,0,0,0,0,0,0,0,0.00,2,0,0.0,0.66,0.00,0.00,,0,0,12,3,4,0,0,0,0,1,0,,,,,,,,,,,,,,
776,Miguel Gutiérrez,es ESP,DF,Leverkusen,de Bundesliga,25.0,2001,3,3,262,2.9,0,2,2,0,0,0,1,0,0.69,3,1,33.3,1.03,0.34,0.00,0.00,0,0,25,2,2,2,1,0,0,2,0,,,,,,,,,,,,,,
777,Albert Guðmundsson,is ISL,FW,Fiorentina,it Serie A,29.0,1997,1,1,70,0.8,0,0,0,0,0,0,1,0,0.00,4,1,25.0,5.14,1.29,0.00,0.00,0,0,3,1,0,1,1,0,0,2,0,,,,,,,,,,,,,,
778,Albert Guðmundsson,is ISL,"FW,MF",Lazio,it Serie A,29.0,1997,2,0,28,0.3,1,0,1,1,0,0,0,0,3.21,2,1,50.0,6.43,3.21,0.50,1.00,0,0,0,0,0,0,0,0,0,3,0,,,,,,,,,,,,,,
779,Joško Gvardiol,hr CRO,DF,Manchester City,eng Premier League,24.0,2002,4,4,344,3.8,1,1,2,1,0,0,1,0,0.52,3,1,33.3,0.78,0.26,0.33,1.00,0,0,3,5,3,3,1,0,0,3,0,,,,,,,,,,,,,,
780,Jan Gyamerah,gh GHA,DF,Elversberg,de Bundesliga,31.0,1995,3,3,251,2.8,0,0,0,0,0,0,0,0,0.00,1,0,0.0,0.36,0.00,0.00,,0,0,2,7,3,3,0,0,0,3,0,,,,,,,,,,,,,,
781,Viktor Gyökeres,se SWE,"FW,MF",Arsenal,eng Premier League,28.0,1998,1,0,13,0.1,0,0,0,0,0,0,0,0,0.00,0,0,,0.00,0.00,,,0,0,0,0,0,0,0,0,0,1,0,,,,,,,,,,,,,,
782,Erling Haaland,no NOR,FW,Manchester City,eng Premier League,26.0,2000,4,4,360,4.0,4,0,4,4,0,0,0,0,1.00,16,9,56.3,4.00,2.25,0.25,0.44,0,0,0,0,0,4,0,0,0,1,0,,,,,,,,,,,,,,
783,Justin de Haas,nl NED,DF,Valencia,es La Liga,26.0,2000,1,1,45,0.5,0,0,0,0,0,0,1,0,0.00,0,0,,0.00,0.00,,,0,0,0,0,0,0,1,0,0,1,0,,,,,,,,,,,,,,
784,Janik Haberer,de GER,"FW,MF",Union Berlin,de Bundesliga,32.0,1994,3,0,50,0.6,0,0,0,0,0,0,0,0,0.00,2,1,50.0,3.60,1.80,0.00,0.00,0,0,1,2,1,0,0,0,0,0,0,,,,,,,,,,,,,,
785,Robin Hack,de GER,MF,Gladbach,de Bundesliga,28.0,1998,3,2,151,1.7,0,0,0,0,0,0,0,0,0.00,2,0,0.0,1.19,0.00,0.00,,0,0,6,2,1,0,0,0,0,2,0,,,,,,,,,,,,,,
786,Hayden Hackney,eng ENG,MF,Everton,eng Premier League,24.0,2002,4,1,139,1.5,0,1,1,0,0,0,0,0,0.65,2,0,0.0,1.29,0.00,0.00,,0,0,6,1,1,3,0,0,0,2,0,,,,,,,,,,,,,,
787,Amadou Haidara,ml MLI,MF,Lens,fr Ligue 1,28.0,1998,3,1,125,1.4,0,0,0,0,0,0,0,0,0.00,2,1,50.0,1.44,0.72,0.00,0.00,0,0,0,3,3,0,0,0,0,1,0,,,,,,,,,,,,,,
788,Antoine Hainaut,fr FRA,MF,Venezia,it Serie A,24.0,2002,4,4,354,3.9,1,1,2,1,0,0,0,0,0.51,5,1,20.0,1.27,0.25,0.20,1.00,0,0,20,2,2,4,0,0,0,9,0,,,,,,,,,,,,,,
789,Albian Hajdari,xk KVX,DF,Hoffenheim,de Bundesliga,23.0,2003,3,3,266,3.0,0,0,0,0,0,0,1,0,0.00,1,0,0.0,0.34,0.00,0.00,,0,0,2,1,5,3,1,0,0,6,1,,,,,,,,,,,,,,
790,Achraf Hakimi,ma MAR,DF,Paris SG,fr Ligue 1,27.0,1998,4,4,308,3.4,0,0,0,0,0,0,1,0,0.00,8,1,12.5,2.34,0.29,0.00,0.00,0,0,12,2,3,5,1,0,0,0,0,,,,,,,,,,,,,,
791,Redouane Halhal,ma MAR,DF,Venezia,it Serie A,23.0,2003,2,1,136,1.5,0,0,0,0,0,0,1,0,0.00,1,0,0.0,0.66,0.00,0.00,,0,0,0,2,1,1,1,0,0,5,1,,,,,,,,,,,,,,
792,Lewis Hall,eng ENG,DF,Newcastle,eng Premier League,22.0,2004,3,3,269,3.0,0,1,1,0,0,0,0,0,0.33,2,0,0.0,0.67,0.00,0.00,,0,0,10,5,5,3,0,0,0,3,0,,,,,,,,,,,,,,
793,Gustavo Hamer,nl NED,MF,Coventry City,eng Premier League,29.0,1997,3,0,35,0.4,0,0,0,0,0,0,0,0,0.00,0,0,,0.00,0.00,,,0,0,1,0,0,0,0,0,0,3,0,,,,,,,,,,,,,,
794,Dávid Hancko,sk SVK,DF,Atlético Madrid,es La Liga,28.0,1997,5,5,450,5.0,0,2,2,0,0,0,1,0,0.40,4,0,0.0,0.80,0.00,0.00,,0,0,1,4,8,3,1,0,0,1,0,,,,,,,,,,,,,,
795,Mattes Hansen,de GER,DF,Paderborn 07,de Bundesliga,22.0,2004,3,3,243,2.7,0,0,0,0,0,0,1,0,0.00,2,0,0.0,0.74,0.00,0.00,,0,0,2,2,3,3,1,0,0,1,0,,,,,,,,,,,,,,
796,Ridgeciano Haps,sr SUR,"MF,DF",Venezia,it Serie A,33.0,1993,4,3,256,2.8,0,1,1,0,0,0,1,0,0.35,1,1,100.0,0.35,0.35,0.00,0.00,0,0,9,3,5,6,1,0,0,1,0,,,,,,,,,,,,,,
797,Hákon Haraldsson,is ISL,MF,Lille,fr Ligue 1,23.0,2003,4,4,304,3.4,1,0,1,1,0,0,1,0,0.30,5,4,80.0,1.48,1.18,0.20,0.25,0,0,1,1,3,4,1,0,0,5,0,,,,,,,,,,,,,,
798,Conrad Harder,dk DEN,FW,RB Leipzig,de Bundesliga,21.0,2005,1,0,8,0.1,0,0,0,0,0,0,0,0,0.00,2,1,50.0,22.50,11.25,0.00,0.00,0,0,1,0,0,1,0,0,0,0,0,,,,,,,,,,,,,,
799,Conrad Harder,dk DEN,FW,Strasbourg,fr Ligue 1,21.0,2005,2,0,42,0.5,1,0,1,1,0,0,0,0,2.14,2,1,50.0,4.29,2.14,0.50,1.00,0,0,0,1,0,0,0,0,0,1,0,,,,,,,,,,,,,,
800,William Harhouz,fr FRA,FW,Le Mans,fr Ligue 1,26.0,1999,1,0,19,0.2,0,0,0,0,0,0,0,0,0.00,0,0,,0.00,0.00,,,0,0,0,0,0,0,0,0,0,0,0,,,,,,,,,,,,,,
801,Amine Harit,ma MAR,MF,Marseille,fr Ligue 1,29.0,1997,4,4,352,3.9,0,1,1,0,0,0,1,0,0.26,5,2,40.0,1.28,0.51,0.00,0.00,0,0,9,3,4,8,1,0,0,1,0,,,,,,,,,,,,,,
802,Quilindschy Hartman,nl NED,DF,Espanyol,es La Liga,24.0,2001,1,0,5,0.1,0,0,0,0,0,0,0,0,0.00,0,0,,0.00,0.00,,,0,0,2,0,0,0,0,0,0,2,0,,,,,,,,,,,,,,
803,Luis Hasa,al ALB,MF,Frosinone,it Serie A,22.0,2004,2,0,44,0.5,0,0,0,0,0,0,0,0,0.00,4,1,25.0,8.18,2.05,0.00,0.00,0,0,1,0,0,1,0,0,0,1,0,,,,,,,,,,,,,,
804,Daiki Hashioka,jp JPN,DF,Gladbach,de Bundesliga,27.0,1999,1,1,75,0.8,0,0,0,0,0,0,0,0,0.00,1,0,0.0,1.20,0.00,0.00,,0,0,1,0,0,1,0,0,0,1,0,,,,,,,,,,,,,,
805,Ewan Hatfout,fr FRA,GK,Le Mans,fr Ligue 1,26.0,2000,3,2,190,2.1,0,0,0,0,0,0,0,0,0.00,0,0,,0.00,0.00,,,0,0,0,0,0,2,0,0,0,0,0,4,1.89,9,5,55.6,0,2,0,0,0.0,1,1,0,0
806,Jorrel Hato,nl NED,"MF,DF",Chelsea,eng Premier League,20.0,2006,4,4,258,2.9,0,2,2,0,0,0,0,0,0.70,1,0,0.0,0.35,0.00,0.00,,0,0,0,1,2,2,0,0,0,1,0,,,,,,,,,,,,,,
807,Kai Havertz,de GER,FW,Arsenal,eng Premier League,27.0,1999,4,4,347,3.9,2,0,2,2,0,0,1,0,0.52,8,5,62.5,2.07,1.30,0.25,0.40,0,0,2,0,2,7,1,0,0,5,0,,,,,,,,,,,,,,
808,Thorgan Hazard,be BEL,MF,Lens,fr Ligue 1,33.0,1993,4,1,131,1.5,0,0,0,0,0,0,0,0,0.00,3,0,0.0,2.06,0.00,0.00,,0,0,4,2,0,3,0,0,0,2,0,,,,,,,,,,,,,,
809,Ayden Heaven,eng ENG,DF,Manchester Utd,eng Premier League,19.0,2006,1,1,90,1.0,0,0,0,0,0,0,0,0,0.00,2,0,0.0,2.00,0.00,0.00,,0,0,0,0,0,2,0,0,0,1,0,,,,,,,,,,,,,,
810,Jan Paul van Hecke,nl NED,DF,Tottenham,eng Premier League,26.0,2000,4,4,360,4.0,0,0,0,0,0,0,0,0,0.00,4,1,25.0,1.00,0.25,0.00,0.00,0,0,1,5,2,5,0,0,0,6,0,,,,,,,,,,,,,,
811,Hwang Hee-chan,kr KOR,"FW,MF",Schalke 04,de Bundesliga,30.0,1996,1,0,11,0.1,0,1,1,0,0,0,0,0,8.18,0,0,,0.00,0.00,,,0,0,1,0,0,0,0,0,0,1,0,,,,,,,,,,,,,,
812,Torbjørn Heggem,no NOR,DF,Bologna,it Serie A,27.0,1999,4,4,360,4.0,0,0,0,0,0,0,1,0,0.00,1,0,0.0,0.25,0.00,0.00,,0,0,0,1,3,2,1,0,0,5,0,,,,,,,,,,,,,,
813,Gauthier Hein,fr FRA,MF,Nice,fr Ligue 1,30.0,1996,4,3,296,3.3,0,0,0,0,0,0,0,0,0.00,3,0,0.0,0.91,0.00,0.00,,0,0,20,0,1,0,0,0,0,2,0,,,,,,,,,,,,,,
814,Eivind Helland,no NOR,DF,Bologna,it Serie A,21.0,2005,2,2,180,2.0,0,0,0,0,0,0,0,0,0.00,2,1,50.0,1.00,0.50,0.00,0.00,0,0,0,4,4,1,0,0,0,3,0,,,,,,,,,,,,,,
815,George Hemmings,eng ENG,MF,Aston Villa,eng Premier League,19.0,2007,4,4,279,3.1,0,0,0,0,0,0,0,0,0.00,1,1,100.0,0.32,0.32,0.00,0.00,0,0,2,2,0,0,0,0,0,5,0,,,,,,,,,,,,,,
816,Dean Henderson,eng ENG,GK,Crystal Palace,eng Premier League,29.0,1997,3,3,270,3.0,0,0,0,0,0,0,0,0,0.00,0,0,,0.00,0.00,,,0,0,0,0,0,0,0,0,0,0,0,8,2.67,20,12,60.0,1,0,2,0,0.0,0,0,0,0
817,Ramon Hendriks,nl NED,DF,Stuttgart,de Bundesliga,25.0,2001,3,2,183,2.0,0,0,0,0,0,0,0,0,0.00,0,0,,0.00,0.00,,,0,0,3,1,2,5,0,0,0,0,1,,,,,,,,,,,,,,
818,Benjamin Henrichs,de GER,DF,RB Leipzig,de Bundesliga,29.0,1997,2,1,91,1.0,0,0,0,0,0,0,0,0,0.00,2,0,0.0,1.98,0.00,0.00,,0,0,2,1,1,2,0,0,0,1,0,,,,,,,,,,,,,,
819,Luis Henrique,br BRA,MF,Inter,it Serie A,24.0,2001,2,1,96,1.1,0,0,0,0,0,0,0,0,0.00,1,0,0.0,0.94,0.00,0.00,,0,0,1,1,2,1,0,0,0,0,0,,,,,,,,,,,,,,
820,Rico Henry,jm JAM,"DF,MF",Brentford,eng Premier League,29.0,1997,1,0,3,0.0,0,0,0,0,0,0,0,0,0.00,0,0,,0.00,0.00,,,0,0,0,0,0,0,0,0,0,0,0,,,,,,,,,,,,,,
821,Mario Hermoso,es ESP,DF,Roma,it Serie A,31.0,1995,3,3,247,2.7,1,0,1,1,0,0,1,0,0.36,2,1,50.0,0.73,0.36,0.50,1.00,0,0,1,6,13,3,1,0,0,2,0,,,,,,,,,,,,,,
822,Javier Hernández,es ESP,"MF,FW",Espanyol,es La Liga,22.0,2004,5,5,393,4.4,0,3,3,0,0,0,1,0,0.69,5,2,40.0,1.15,0.46,0.00,0.00,0,0,6,5,1,8,1,0,0,13,0,,,,,,,,,,,,,,
823,Lucas Hernández,fr FRA,DF,Paris SG,fr Ligue 1,30.0,1996,2,1,117,1.3,0,0,0,0,0,0,1,0,0.00,0,0,,0.00,0.00,,,0,0,0,0,1,0,1,0,0,1,0,,,,,,,,,,,,,,
824,Yeremay Hernández,es ESP,MF,Dep. A Coruña,es La Liga,23.0,2002,4,0,93,1.0,0,1,1,0,0,0,1,0,0.97,1,0,0.0,0.97,0.00,0.00,,0,0,1,3,1,3,1,0,0,1,0,,,,,,,,,,,,,,
825,Manu Hernando,es ESP,DF,Racing Sant,es La Liga,28.0,1998,4,3,306,3.4,0,0,0,0,0,0,1,0,0.00,3,0,0.0,0.88,0.00,0.00,,0,0,0,0,3,1,1,0,0,4,0,,,,,,,,,,,,,,
826,David Herold,de GER,DF,Gladbach,de Bundesliga,23.0,2003,3,1,127,1.4,0,0,0,0,0,0,0,0,0.00,0,0,,0.00,0.00,,,0,0,8,4,0,1,0,0,0,3,0,,,,,,,,,,,,,,
827,Jorge Herrando,es ESP,DF,Osasuna,es La Liga,25.0,2001,3,3,185,2.1,0,0,0,0,0,0,1,0,0.00,2,2,100.0,0.97,0.97,0.00,0.00,0,0,0,1,3,2,1,0,0,3,0,,,,,,,,,,,,,,
828,Sergio Herrera,es ESP,GK,Osasuna,es La Liga,33.0,1993,5,5,450,5.0,0,0,0,0,0,0,2,0,0.00,0,0,,0.00,0.00,,,0,0,0,1,0,2,2,0,0,1,0,8,1.60,14,6,42.9,2,1,2,2,40.0,0,0,0,0
829,Yangel Herrera,ve VEN,MF,Real Sociedad,es La Liga,28.0,1998,6,5,378,4.2,1,0,1,1,0,0,3,0,0.24,4,2,50.0,0.95,0.48,0.25,0.50,0,0,0,4,1,9,3,0,0,8,0,,,,,,,,,,,,,,
830,Alfonso Herrero,es ESP,GK,Málaga,es La Liga,32.0,1994,5,5,450,5.0,0,0,0,0,0,0,0,0,0.00,0,0,,0.00,0.00,,,0,0,0,0,0,1,0,0,0,0,1,8,1.60,27,19,70.4,0,3,2,1,20.0,0,0,0,0
831,Lucas Herrington,au AUS,DF,Hull City,eng Premier League,19.0,2007,4,0,111,1.2,0,0,0,0,0,0,0,0,0.00,0,0,,0.00,0.00,,,0,0,0,0,1,0,0,0,0,1,0,,,,,,,,,,,,,,
832,Reigan Heskey,eng ENG,FW,Köln,de Bundesliga,18.0,2008,1,0,16,0.2,0,0,0,0,0,0,0,0,0.00,1,0,0.0,5.63,0.00,0.00,,0,0,0,0,0,1,0,0,0,0,0,,,,,,,,,,,,,,
833,Daniel Heuer Fernandes,pt POR,GK,Hamburger SV,de Bundesliga,33.0,1992,3,3,270,3.0,0,0,0,0,0,0,0,0,0.00,0,0,,0.00,0.00,,,0,0,0,0,0,0,0,0,0,0,0,12,4.00,21,9,42.9,0,0,3,0,0.0,0,0,0,0
834,Aaron Hickey,sct SCO,DF,Brentford,eng Premier League,24.0,2002,4,1,133,1.5,0,0,0,0,0,0,0,0,0.00,1,0,0.0,0.68,0.00,0.00,,0,0,3,2,2,4,0,0,0,3,0,,,,,,,,,,,,,,
835,Santiago Hidalgo,ar ARG,"MF,FW",Toulouse,fr Ligue 1,21.0,2005,4,3,184,2.0,0,0,0,0,0,0,1,0,0.00,8,5,62.5,3.91,2.45,0.00,0.00,0,0,2,1,1,4,1,0,0,5,0,,,,,,,,,,,,,,
836,Omar El Hilali,ma MAR,DF,Espanyol,es La Liga,23.0,2003,5,5,434,4.8,0,1,1,0,0,0,1,0,0.21,0,0,,0.00,0.00,,,0,0,16,6,6,1,1,0,0,13,0,,,,,,,,,,,,,,
837,James Hill,eng ENG,DF,Bournemouth,eng Premier League,24.0,2002,4,4,360,4.0,0,0,0,0,0,0,1,0,0.00,0,0,,0.00,0.00,,,0,0,0,3,6,3,1,0,0,5,0,,,,,,,,,,,,,,
838,Rémi Himbert,fr FRA,FW,Lyon,fr Ligue 1,18.0,2008,1,1,62,0.7,0,0,0,0,0,0,0,0,0.00,0,0,,0.00,0.00,,,0,0,0,0,1,1,0,0,0,3,0,,,,,,,,,,,,,,
839,Piero Hincapié,ec ECU,DF,Arsenal,eng Premier League,24.0,2002,2,0,33,0.4,0,0,0,0,0,0,0,0,0.00,0,0,,0.00,0.00,,,0,0,1,0,0,0,0,0,0,0,0,,,,,,,,,,,,,,
840,Roger Hinojo,es ESP,DF,Espanyol,es La Liga,21.0,2005,5,5,445,4.9,0,0,0,0,0,0,2,0,0.00,0,0,,0.00,0.00,,,0,0,2,9,5,2,2,0,0,4,0,,,,,,,,,,,,,,
841,Jack Hinshelwood,eng ENG,MF,Brighton,eng Premier League,21.0,2005,1,1,63,0.7,2,0,2,2,0,0,0,0,2.86,3,2,66.7,4.29,2.86,0.67,1.00,0,0,0,2,0,2,0,0,0,0,0,,,,,,,,,,,,,,
842,Jens Hjertø-Dahl,no NOR,MF,Hull City,eng Premier League,20.0,2005,1,0,9,0.1,0,0,0,0,0,0,0,0,0.00,0,0,,0.00,0.00,,,0,0,0,0,0,1,0,0,0,0,0,,,,,,,,,,,,,,
843,Morten Hjulmand,dk DEN,MF,Atlético Madrid,es La Liga,27.0,1999,5,4,335,3.7,0,0,0,0,0,0,1,0,0.00,3,0,0.0,0.81,0.00,0.00,,0,0,0,4,8,9,1,0,0,4,0,,,,,,,,,,,,,,
844,Adam Hložek,cz CZE,"FW,MF",Hoffenheim,de Bundesliga,24.0,2002,3,3,205,2.3,2,0,2,2,0,0,0,0,0.88,11,4,36.4,4.83,1.76,0.18,0.50,0,0,2,2,1,1,0,0,0,3,0,,,,,,,,,,,,,,
845,Jonas Hofmann,de GER,MF,Leverkusen,de Bundesliga,34.0,1992,1,0,26,0.3,0,0,0,0,0,0,0,0,0.00,1,1,100.0,3.46,3.46,0.00,0.00,0,0,0,0,0,0,0,0,0,0,0,,,,,,,,,,,,,,
846,Lucas Höler,de GER,"FW,MF",Freiburg,de Bundesliga,32.0,1994,2,0,31,0.3,0,0,0,0,0,0,0,0,0.00,0,0,,0.00,0.00,,,0,0,0,1,0,0,0,0,0,1,0,,,,,,,,,,,,,,
847,Benedict Hollerbach,de GER,"FW,MF",Mainz 05,de Bundesliga,25.0,2001,1,0,17,0.2,0,0,0,0,0,0,0,0,0.00,2,0,0.0,10.59,0.00,0.00,,0,0,2,1,0,1,0,0,0,0,0,,,,,,,,,,,,,,
848,Emil Holm,se SWE,DF,Bologna,it Serie A,26.0,2000,4,3,273,3.0,0,0,0,0,0,0,1,0,0.00,3,0,0.0,0.99,0.00,0.00,,0,0,8,8,2,6,1,0,0,0,0,,,,,,,,,,,,,,
849,Franck Honorat,fr FRA,MF,Gladbach,de Bundesliga,30.0,1996,3,2,161,1.8,0,2,2,0,0,0,0,0,1.12,4,2,50.0,2.24,1.12,0.00,0.00,0,0,15,1,1,0,0,0,0,2,0,,,,,,,,,,,,,,
850,Lukáš Horníček,cz CZE,GK,Newcastle,eng Premier League,24.0,2002,3,3,270,3.0,0,0,0,0,0,0,1,0,0.00,0,0,,0.00,0.00,,,0,0,0,0,0,0,1,0,0,0,0,4,1.33,17,13,76.5,1,2,0,1,33.3,1,1,0,0
851,Ali Houary,ma MAR,MF,Elche,es La Liga,21.0,2005,3,3,188,2.1,0,0,0,0,0,0,1,0,0.00,5,2,40.0,2.39,0.96,0.00,0.00,0,0,2,1,1,1,1,0,0,2,0,,,,,,,,,,,,,,
852,Lukáš Hrádecký,fi FIN,GK,Monaco,fr Ligue 1,36.0,1989,4,4,360,4.0,0,0,0,0,0,0,1,0,0.00,0,0,,0.00,0.00,,,0,0,0,0,0,0,1,0,0,0,0,2,0.50,18,16,88.9,3,1,0,2,50.0,0,0,0,0
853,Robin Hranáč,cz CZE,DF,Hoffenheim,de Bundesliga,26.0,2000,2,0,50,0.6,0,0,0,0,0,0,0,0,0.00,1,0,0.0,1.80,0.00,0.00,,0,0,0,2,1,0,0,0,0,0,0,,,,,,,,,,,,,,
854,Callum Hudson-Odoi,eng ENG,"FW,MF",Nottingham,eng Premier League,25.0,2000,1,0,1,0.0,0,0,0,0,0,0,0,0,0.00,0,0,,0.00,0.00,,,0,0,0,0,0,0,0,0,0,1,0,,,,,,,,,,,,,,
855,Will Hughes,eng ENG,MF,Crystal Palace,eng Premier League,31.0,1995,2,0,31,0.3,0,0,0,0,0,0,0,0,0.00,0,0,,0.00,0.00,,,0,0,2,1,0,0,0,0,0,0,0,,,,,,,,,,,,,,
856,Dean Huijsen,es ESP,DF,Real Madrid,es La Liga,21.0,2005,4,4,360,4.0,0,0,0,0,0,0,0,0,0.00,5,1,20.0,1.25,0.25,0.00,0.00,0,0,1,4,6,2,0,0,0,4,0,,,,,,,,,,,,,,
857,Trai Hume,nir NIR,MF,Sunderland,eng Premier League,24.0,2002,3,2,196,2.2,0,0,0,0,0,0,0,0,0.00,2,0,0.0,0.92,0.00,0.00,,0,0,5,6,1,2,0,0,0,4,0,,,,,,,,,,,,,,
858,Omari Hutchinson,eng ENG,MF,Milan,it Serie A,22.0,2003,1,0,14,0.2,0,0,0,0,0,0,0,0,0.00,1,1,100.0,6.43,6.43,0.00,0.00,0,0,1,0,0,1,0,0,0,0,0,,,,,,,,,,,,,,
859,Lucas Høgsberg,dk DEN,DF,Strasbourg,fr Ligue 1,20.0,2006,3,2,184,2.0,0,0,0,0,0,0,0,0,0.00,0,0,,0.00,0.00,,,0,0,0,3,1,0,0,0,0,2,0,,,,,,,,,,,,,,
860,Pierre Højbjerg,dk DEN,MF,Marseille,fr Ligue 1,31.0,1995,4,4,360,4.0,1,0,1,1,0,0,0,0,0.25,7,2,28.6,1.75,0.50,0.14,0.50,0,0,3,6,9,2,0,0,0,4,0,,,,,,,,,,,,,,
861,Oscar Højlund,dk DEN,MF,Frankfurt,de Bundesliga,21.0,2005,1,0,12,0.1,0,0,0,0,0,0,0,0,0.00,0,0,,0.00,0.00,,,0,0,0,0,0,0,0,0,0,0,0,,,,,,,,,,,,,,
862,Rasmus Højlund,dk DEN,FW,Napoli,it Serie A,23.0,2003,4,4,301,3.3,2,0,2,2,0,0,0,0,0.60,7,4,57.1,2.09,1.20,0.29,0.50,0,0,1,0,0,2,0,0,0,2,0,,,,,,,,,,,,,,
863,Pablo Ibáñez,es ESP,MF,Alavés,es La Liga,27.0,1998,5,5,405,4.5,1,0,1,1,0,0,1,0,0.22,6,2,33.3,1.33,0.44,0.17,0.50,0,0,4,2,5,9,1,0,0,9,0,,,,,,,,,,,,,,
864,Arijon Ibrahimović,de GER,"MF,FW",Augsburg,de Bundesliga,20.0,2005,2,2,118,1.3,0,0,0,0,0,0,0,0,0.00,6,2,33.3,4.58,1.53,0.00,0.00,0,0,7,0,0,3,0,0,0,2,0,,,,,,,,,,,,,,
865,Stanis Idumbo,be BEL,MF,Monaco,fr Ligue 1,21.0,2005,4,4,321,3.6,1,0,1,1,0,0,0,0,0.28,10,3,30.0,2.80,0.84,0.10,0.33,0,0,5,4,1,4,0,0,0,2,0,,,,,,,,,,,,,,
866,Jay Idzes,id IDN,DF,Sassuolo,it Serie A,26.0,2000,3,3,260,2.9,0,0,0,0,0,0,1,0,0.00,1,0,0.0,0.35,0.00,0.00,,0,0,1,0,2,3,1,0,0,4,0,,,,,,,,,,,,,,
867,Merwan Ifnaoui,fr FRA,"MF,FW",Troyes,fr Ligue 1,27.0,1998,3,3,235,2.6,0,0,0,0,0,0,0,0,0.00,1,0,0.0,0.38,0.00,0.00,,0,0,11,0,1,2,0,0,0,1,0,,,,,,,,,,,,,,
868,Iglesias,es ESP,DF,Sevilla,es La Liga,28.0,1998,5,5,450,5.0,1,0,1,1,0,0,0,0,0.20,4,3,75.0,0.80,0.60,0.25,0.33,0,0,16,6,4,9,0,0,0,3,0,,,,,,,,,,,,,,
869,Borja Iglesias,es ESP,FW,Celta Vigo,es La Liga,33.0,1993,1,0,22,0.2,0,0,0,0,0,0,0,0,0.00,2,0,0.0,8.18,0.00,0.00,,0,0,0,0,0,0,0,0,0,0,0,,,,,,,,,,,,,,
870,Jonathan Ikone,fr FRA,"FW,MF",Paris FC,fr Ligue 1,28.0,1998,1,0,4,0.0,0,0,0,0,0,0,0,0,0.00,0,0,,0.00,0.00,,,0,0,0,0,0,0,0,0,0,2,0,,,,,,,,,,,,,,
871,Ivan Ilić,rs SRB,MF,Lecce,it Serie A,25.0,2001,3,2,149,1.7,0,2,2,0,0,0,1,0,1.21,1,0,0.0,0.60,0.00,0.00,,0,0,9,1,2,0,1,0,0,2,0,,,,,,,,,,,,,,
872,Emirhan İlkhan,tr TUR,MF,Torino,it Serie A,22.0,2004,1,0,24,0.3,0,0,0,0,0,0,0,0,0.00,0,0,,0.00,0.00,,,0,0,0,1,0,0,0,0,0,0,0,,,,,,,,,,,,,,
873,Samuele Inácio,it ITA,FW,Dortmund,de Bundesliga,18.0,2008,1,0,3,0.0,0,0,0,0,0,0,0,1,0.00,0,0,,0.00,0.00,,,0,0,0,0,0,0,0,1,0,1,0,,,,,,,,,,,,,,
874,Christ Inao Oulaï,ci CIV,MF,Fiorentina,it Serie A,20.0,2006,3,2,122,1.4,0,0,0,0,0,0,0,0,0.00,1,0,0.0,0.74,0.00,0.00,,0,0,0,5,3,5,0,0,0,2,0,,,,,,,,,,,,,,
875,Cyriaque Irié,bf BFA,MF,Freiburg,de Bundesliga,21.0,2005,2,0,54,0.6,0,0,0,0,0,0,1,0,0.00,2,0,0.0,3.33,0.00,0.00,,0,0,1,1,0,0,1,0,0,2,0,,,,,,,,,,,,,,
876,Tim Iroegbunam,eng ENG,MF,Hull City,eng Premier League,23.0,2003,1,0,22,0.2,0,0,0,0,0,0,1,0,0.00,0,0,,0.00,0.00,,,0,0,0,1,1,0,1,0,0,1,0,,,,,,,,,,,,,,
877,Tim Iroegbunam,eng ENG,MF,Everton,eng Premier League,23.0,2003,1,0,5,0.1,0,0,0,0,0,0,0,0,0.00,0,0,,0.00,0.00,,,0,0,0,0,0,0,0,0,0,1,0,,,,,,,,,,,,,,
878,Alexander Isak,se SWE,FW,Liverpool,eng Premier League,26.0,1999,4,4,333,3.7,3,0,3,3,0,0,0,0,0.81,12,6,50.0,3.24,1.62,0.25,0.50,0,0,0,0,0,3,0,0,0,1,0,,,,,,,,,,,,,,
879,Gustav Isaksen,dk DEN,FW,Lazio,it Serie A,25.0,2001,4,1,158,1.8,0,0,0,0,0,0,1,0,0.00,3,0,0.0,1.71,0.00,0.00,,0,0,2,0,0,7,1,0,0,3,0,,,,,,,,,,,,,,
880,Isco,es ESP,MF,Real Betis,es La Liga,34.0,1992,4,2,180,2.0,0,0,0,0,0,0,0,0,0.00,4,3,75.0,2.00,1.50,0.00,0.00,0,0,9,0,1,4,0,0,0,4,0,,,,,,,,,,,,,,
881,Wilson Isidor,ht HAI,"FW,MF",Sunderland,eng Premier League,26.0,2000,4,0,98,1.1,1,0,1,1,0,0,0,0,0.92,5,2,40.0,4.59,1.84,0.20,0.50,0,0,0,0,1,5,0,0,0,3,0,,,,,,,,,,,,,,
882,Ardian Ismajli,al ALB,DF,Torino,it Serie A,29.0,1996,3,1,165,1.8,0,0,0,0,0,0,0,0,0.00,0,0,,0.00,0.00,,,0,0,0,1,4,2,0,0,0,0,0,,,,,,,,,,,,,,
883,Ko Itakura,jp JPN,DF,Gladbach,de Bundesliga,29.0,1997,3,3,270,3.0,0,0,0,0,0,0,0,0,0.00,4,1,25.0,1.33,0.33,0.00,0.00,0,0,2,1,2,2,0,0,0,2,0,,,,,,,,,,,,,,
884,Cedric Itten,ch SUI,"FW,MF",Werder Bremen,de Bundesliga,29.0,1996,3,0,57,0.6,0,0,0,0,0,0,0,0,0.00,1,0,0.0,1.58,0.00,0.00,,0,0,0,0,0,0,0,0,0,2,0,,,,,,,,,,,,,,
885,Franjo Ivanović,hr CRO,MF,Lens,fr Ligue 1,22.0,2003,3,2,178,2.0,2,0,2,2,0,0,1,0,1.01,5,4,80.0,2.53,2.02,0.40,0.50,0,0,0,3,2,4,1,0,0,4,0,,,,,,,,,,,,,,
886,Alex Iwobi,ng NGA,MF,Fulham,eng Premier League,30.0,1996,4,4,338,3.8,0,0,0,0,0,0,0,0,0.00,4,0,0.0,1.07,0.00,0.00,,0,0,14,3,3,2,0,0,0,2,0,,,,,,,,,,,,,,
887,Nicolas Jackson,sn SEN,FW,Aston Villa,eng Premier League,25.0,2001,3,3,199,2.2,0,0,0,0,0,0,1,0,0.00,2,0,0.0,0.90,0.00,0.00,,0,0,2,0,0,1,1,0,0,1,0,,,,,,,,,,,,,,
888,Jérémy Jacquet,fr FRA,DF,Liverpool,eng Premier League,21.0,2005,4,4,325,3.6,0,0,0,0,0,0,1,0,0.00,0,0,,0.00,0.00,,,0,0,0,5,6,5,1,0,0,4,0,,,,,,,,,,,,,,
889,Lee Jae-sung,kr KOR,MF,Mainz 05,de Bundesliga,34.0,1992,3,3,199,2.2,0,1,1,0,0,0,0,0,0.45,4,0,0.0,1.81,0.00,0.00,,0,0,3,1,7,2,0,0,0,1,0,,,,,,,,,,,,,,
890,Karl Jakob Hein,ee EST,GK,Werder Bremen,de Bundesliga,24.0,2002,3,3,270,3.0,0,0,0,0,0,0,0,0,0.00,0,0,,0.00,0.00,,,0,0,0,1,0,0,0,0,0,0,0,6,2.00,14,8,57.1,1,1,1,0,0.0,1,0,1,0
891,Daniel James,wls WAL,"FW,MF",Leeds United,eng Premier League,28.0,1997,1,0,23,0.3,0,0,0,0,0,0,0,0,0.00,4,0,0.0,15.65,0.00,0.00,,0,0,2,0,0,0,0,0,0,0,0,,,,,,,,,,,,,,
892,Reece James,eng ENG,MF,Chelsea,eng Premier League,26.0,1999,4,3,293,3.3,0,0,0,0,0,0,1,0,0.00,8,4,50.0,2.46,1.23,0.00,0.00,0,0,15,1,3,2,1,0,0,3,0,,,,,,,,,,,,,,
893,Vitaly Janelt,de GER,MF,Brentford,eng Premier League,28.0,1998,4,4,360,4.0,2,0,2,2,0,0,3,0,0.50,3,2,66.7,0.75,0.50,0.67,1.00,0,0,10,10,16,1,3,0,0,9,0,,,,,,,,,,,,,,
894,Isak Jansson,se SWE,"FW,MF",Nice,fr Ligue 1,24.0,2002,2,0,23,0.3,0,0,0,0,0,0,0,0,0.00,0,0,,0.00,0.00,,,0,0,1,1,0,2,0,0,0,0,0,,,,,,,,,,,,,,
895,Ardon Jashari,ch SUI,MF,Milan,it Serie A,24.0,2002,3,1,81,0.9,0,0,0,0,0,0,0,0,0.00,1,1,100.0,1.11,1.11,0.00,0.00,0,0,1,0,0,0,0,0,0,2,0,,,,,,,,,,,,,,
896,Bakery Jatta,gm GAM,MF,Hamburger SV,de Bundesliga,28.0,1998,2,1,83,0.9,0,0,0,0,0,0,0,0,0.00,0,0,,0.00,0.00,,,0,0,0,0,1,1,0,0,0,2,0,,,,,,,,,,,,,,
897,Eneko Jauregi,es ESP,FW,Málaga,es La Liga,30.0,1996,1,0,11,0.1,0,0,0,0,0,0,0,0,0.00,0,0,,0.00,0.00,,,0,0,0,1,0,1,0,0,0,1,0,,,,,,,,,,,,,,
898,Mikel Jauregizar,es ESP,MF,Athletic Club,es La Liga,22.0,2003,4,1,152,1.7,0,0,0,0,0,0,0,0,0.00,1,1,100.0,0.59,0.59,0.00,0.00,0,0,0,4,4,2,0,0,0,3,0,,,,,,,,,,,,,,
899,Daniel Jebbison,ca CAN,FW,Bournemouth,eng Premier League,23.0,2003,2,0,18,0.2,0,0,0,0,0,0,0,0,0.00,1,1,100.0,5.00,5.00,0.00,0.00,0,0,0,0,0,2,0,0,0,0,0,,,,,,,,,,,,,,
900,Elias Jelert,dk DEN,"MF,DF",Le Havre,fr Ligue 1,23.0,2003,3,2,189,2.1,0,0,0,0,0,0,0,0,0.00,0,0,,0.00,0.00,,,0,0,10,2,2,0,0,0,0,2,0,,,,,,,,,,,,,,
901,Finn Jeltsch,de GER,DF,Stuttgart,de Bundesliga,20.0,2006,3,3,270,3.0,0,1,1,0,0,0,1,0,0.33,6,1,16.7,2.00,0.33,0.00,0.00,0,0,0,3,2,3,1,0,0,3,0,,,,,,,,,,,,,,
902,Isak Jensen,dk DEN,"FW,MF",Lorient,fr Ligue 1,22.0,2003,3,0,74,0.8,0,0,0,0,0,0,0,0,0.00,2,0,0.0,2.43,0.00,0.00,,0,0,5,0,0,2,0,0,0,0,0,,,,,,,,,,,,,,
903,Mathias Jensen,dk DEN,MF,Brentford,eng Premier League,30.0,1996,1,1,66,0.7,0,0,0,0,0,0,0,0,0.00,2,1,50.0,2.73,1.36,0.00,0.00,0,0,5,1,0,0,0,0,0,3,0,,,,,,,,,,,,,,
904,Gabriel Jesus,br BRA,"FW,MF",Barcelona,es La Liga,29.0,1997,1,0,10,0.1,0,0,0,0,0,0,0,0,0.00,2,0,0.0,18.00,0.00,0.00,,0,0,0,0,0,0,0,0,0,0,0,,,,,,,,,,,,,,
905,Igor Jesus,br BRA,FW,Nottingham,eng Premier League,25.0,2001,4,2,227,2.5,1,0,1,1,0,0,1,0,0.40,7,3,42.9,2.78,1.19,0.14,0.33,0,0,0,1,0,5,1,0,0,6,0,,,,,,,,,,,,,,
906,Juan Jesus,br BRA,DF,Venezia,it Serie A,35.0,1991,1,0,22,0.2,0,0,0,0,0,0,0,0,0.00,0,0,,0.00,0.00,,,0,0,0,1,1,0,0,0,0,1,0,,,,,,,,,,,,,,
907,Álex Jiménez,es ESP,DF,Fiorentina,it Serie A,21.0,2005,3,2,202,2.2,0,1,1,0,0,0,1,0,0.45,2,0,0.0,0.89,0.00,0.00,,0,0,7,5,2,1,1,0,0,1,0,,,,,,,,,,,,,,
908,João Pedro,br BRA,FW,Chelsea,eng Premier League,24.0,2001,4,4,360,4.0,3,3,6,3,0,0,1,0,1.50,11,4,36.4,2.75,1.00,0.27,0.75,0,0,3,1,0,12,1,0,0,5,1,,,,,,,,,,,,,,
909,Jofre,es ESP,MF,Espanyol,es La Liga,25.0,2001,3,0,21,0.2,0,0,0,0,0,0,0,0,0.00,2,0,0.0,8.57,0.00,0.00,,0,0,1,0,0,1,0,0,0,0,0,,,,,,,,,,,,,,
910,Þórir Jóhann Helgason,is ISL,MF,Venezia,it Serie A,25.0,2000,1,0,47,0.5,0,0,0,0,0,0,0,0,0.00,1,1,100.0,1.91,1.91,0.00,0.00,0,0,0,0,0,0,0,0,0,2,0,,,,,,,,,,,,,,
911,Ísak Jóhannesson,is ISL,MF,Köln,de Bundesliga,23.0,2003,3,2,206,2.3,0,0,0,0,0,0,0,0,0.00,3,1,33.3,1.31,0.44,0.00,0.00,0,0,17,4,0,2,0,0,0,0,0,,,,,,,,,,,,,,
912,Brennan Johnson,wls WAL,MF,Everton,eng Premier League,25.0,2001,4,2,175,1.9,0,0,0,0,0,0,1,0,0.00,2,0,0.0,1.03,0.00,0.00,,0,0,6,2,3,1,1,0,0,4,0,,,,,,,,,,,,,,
913,Curtis Jones,eng ENG,"FW,MF",Inter,it Serie A,25.0,2001,2,0,71,0.8,0,0,0,0,0,0,0,0,0.00,2,0,0.0,2.54,0.00,0.00,,0,0,1,2,0,2,0,0,0,1,0,,,,,,,,,,,,,,
914,Josan,es ESP,"DF,MF",Elche,es La Liga,36.0,1989,2,0,17,0.2,0,0,0,0,0,0,0,0,0.00,0,0,,0.00,0.00,,,0,0,11,0,0,0,0,0,0,0,0,,,,,,,,,,,,,,
915,Luiz Lúcio Reis Júnior,br BRA,GK,Villarreal,es La Liga,25.0,2001,4,4,360,4.0,0,0,0,0,0,0,0,0,0.00,0,0,,0.00,0.00,,,0,0,0,0,0,0,0,0,0,0,0,8,2.00,14,6,42.9,0,2,2,0,0.0,1,1,0,0
916,Vinicius Júnior,br BRA,MF,Real Madrid,es La Liga,26.0,2000,5,5,441,4.9,1,3,4,1,0,0,2,0,0.82,15,5,33.3,3.06,1.02,0.07,0.20,0,0,16,3,0,19,2,0,0,4,0,,,,,,,,,,,,,,
917,Josip Juranović,hr CRO,DF,Union Berlin,de Bundesliga,31.0,1995,3,3,253,2.8,0,2,2,0,0,0,0,0,0.71,4,2,50.0,1.42,0.71,0.00,0.00,0,0,30,6,4,0,0,0,0,0,0,,,,,,,,,,,,,,
918,James Justin,eng ENG,"MF,DF",Leeds United,eng Premier League,28.0,1998,3,3,270,3.0,0,0,0,0,0,0,0,0,0.00,3,2,66.7,1.00,0.67,0.00,0.00,0,0,5,7,4,3,0,0,0,3,0,,,,,,,,,,,,,,
919,Ferran Jutglà,es ESP,FW,Celta Vigo,es La Liga,27.0,1999,6,4,324,3.6,1,0,1,1,0,0,0,0,0.28,4,2,50.0,1.11,0.56,0.25,0.50,0,0,2,0,0,8,0,0,0,5,0,,,,,,,,,,,,,,
920,Filip Jørgensen,dk DEN,GK,Strasbourg,fr Ligue 1,24.0,2002,4,4,360,4.0,0,0,0,0,0,0,1,0,0.00,0,0,,0.00,0.00,,,0,0,0,1,0,2,1,0,0,0,0,8,2.00,24,16,66.7,2,1,1,0,0.0,2,2,0,0
921,Thomas Jørgensen,dk DEN,MF,Toulouse,fr Ligue 1,20.0,2005,4,4,347,3.9,1,0,1,1,0,0,0,0,0.26,9,3,33.3,2.33,0.78,0.11,0.33,0,0,11,4,3,1,0,0,0,5,0,,,,,,,,,,,,,,
922,Mohamed Kaba,gn GUI,MF,Lecce,it Serie A,24.0,2001,1,0,6,0.1,0,0,0,0,0,0,0,0,0.00,0,0,,0.00,0.00,,,0,0,0,0,0,0,0,0,0,1,0,,,,,,,,,,,,,,
923,Ozan Kabak,tr TUR,DF,Hoffenheim,de Bundesliga,26.0,2000,3,3,258,2.9,1,0,1,1,0,0,2,0,0.35,5,2,40.0,1.74,0.70,0.20,0.50,0,0,3,2,3,0,2,0,0,8,0,,,,,,,,,,,,,,
924,Christian Kabasele,be BEL,DF,Udinese,it Serie A,35.0,1991,1,0,53,0.6,0,0,0,0,0,0,0,0,0.00,0,0,,0.00,0.00,,,0,0,0,1,0,0,0,0,0,1,0,,,,,,,,,,,,,,
925,Anton Kade,de GER,MF,Augsburg,de Bundesliga,22.0,2004,1,1,90,1.0,1,1,2,1,0,0,0,0,2.00,6,4,66.7,6.00,4.00,0.17,0.25,0,0,1,0,0,1,0,0,0,1,0,,,,,,,,,,,,,,
926,Ferdi Kadioglu,tr TUR,DF,Brighton,eng Premier League,26.0,1999,3,3,257,2.9,0,0,0,0,0,0,0,0,0.00,3,1,33.3,1.05,0.35,0.00,0.00,0,0,3,1,1,4,0,0,0,2,0,,,,,,,,,,,,,,
927,Arnaud Kalimuendo,fr FRA,FW,Nottingham,eng Premier League,24.0,2002,1,0,1,0.0,0,0,0,0,0,0,0,0,0.00,0,0,,0.00,0.00,,,0,0,0,0,0,0,0,0,0,0,0,,,,,,,,,,,,,,
928,Joseph Kalulu,fr FRA,DF,Angers,fr Ligue 1,21.0,2004,3,3,270,3.0,0,0,0,0,0,0,1,0,0.00,1,0,0.0,0.33,0.00,0.00,,0,0,7,4,4,5,1,0,0,0,0,,,,,,,,,,,,,,
929,Pierre Kalulu,fr FRA,DF,Juventus,it Serie A,26.0,2000,4,4,360,4.0,0,0,0,0,0,0,0,0,0.00,1,1,100.0,0.25,0.25,0.00,0.00,0,0,10,4,4,3,0,0,0,1,0,,,,,,,,,,,,,,
930,Daichi Kamada,jp JPN,MF,Crystal Palace,eng Premier League,30.0,1996,4,4,351,3.9,0,3,3,0,0,0,1,0,0.77,1,0,0.0,0.26,0.00,0.00,,0,0,5,8,2,6,1,0,0,1,0,,,,,,,,,,,,,,
931,Boubacar Kamara,fr FRA,MF,Aston Villa,eng Premier League,26.0,1999,4,4,360,4.0,0,0,0,0,0,0,0,0,0.00,0,0,,0.00,0.00,,,0,0,1,5,2,7,0,0,0,7,0,,,,,,,,,,,,,,
932,Hassane Kamara,ci CIV,MF,Udinese,it Serie A,32.0,1994,3,3,270,3.0,2,1,3,2,0,0,0,0,1.00,7,5,71.4,2.33,1.67,0.29,0.40,0,0,11,7,3,0,0,0,0,2,0,,,,,,,,,,,,,,
933,Harry Kane,eng ENG,FW,Bayern Munich,de Bundesliga,33.0,1993,3,2,218,2.4,1,1,2,1,0,0,0,0,0.83,11,2,18.2,4.54,0.83,0.09,0.50,0,0,2,0,1,6,0,0,0,1,0,,,,,,,,,,,,,,
934,Lee Kang-in,kr KOR,"FW,MF",Atlético Madrid,es La Liga,25.0,2001,5,4,287,3.2,1,1,2,1,0,0,1,0,0.63,12,1,8.3,3.76,0.31,0.08,1.00,0,0,3,5,1,8,1,0,0,5,0,,,,,,,,,,,,,,
935,Kenan Karaman,tr TUR,MF,Schalke 04,de Bundesliga,32.0,1994,2,1,86,1.0,0,0,0,0,0,0,0,0,0.00,2,0,0.0,2.09,0.00,0.00,,0,0,0,0,1,1,0,0,0,0,0,,,,,,,,,,,,,,
936,Kos Karetsas,gr GRE,"MF,FW",Dortmund,de Bundesliga,18.0,2007,2,2,134,1.5,0,1,1,0,0,0,0,0,0.67,6,3,50.0,4.03,2.01,0.00,0.00,0,0,6,0,0,6,0,0,0,2,0,,,,,,,,,,,,,,
937,Dermane Karim,tg TOG,MF,Troyes,fr Ligue 1,22.0,2003,3,2,186,2.1,0,0,0,0,0,0,0,0,0.00,4,1,25.0,1.94,0.48,0.00,0.00,0,0,2,1,2,1,0,0,0,4,0,,,,,,,,,,,,,,
938,Loris Karius,de GER,GK,Schalke 04,de Bundesliga,33.0,1993,3,3,270,3.0,0,0,0,0,0,0,1,0,0.00,0,0,,0.00,0.00,,,0,0,0,0,0,1,1,0,0,0,0,4,1.33,26,22,84.6,1,1,1,1,33.3,0,0,0,0
939,Lennart Karl,de GER,MF,Bayern Munich,de Bundesliga,18.0,2008,3,2,127,1.4,1,0,1,1,0,0,0,0,0.71,4,3,75.0,2.83,2.13,0.25,0.33,0,0,3,1,0,0,0,0,0,0,0,,,,,,,,,,,,,,
940,Jesper Karlström,se SWE,MF,Udinese,it Serie A,31.0,1995,3,3,270,3.0,1,0,1,1,0,0,1,0,0.33,1,1,100.0,0.33,0.33,1.00,1.00,0,0,5,4,1,1,1,0,0,4,0,,,,,,,,,,,,,,
941,Nikola Katić,ba BIH,DF,Schalke 04,de Bundesliga,29.0,1996,3,3,255,2.8,0,0,0,0,0,0,1,0,0.00,0,0,,0.00,0.00,,,0,0,1,4,1,2,1,0,0,1,0,,,,,,,,,,,,,,
942,Panos Katseris,gr GRE,MF,Lorient,fr Ligue 1,25.0,2001,4,2,160,1.8,0,3,3,0,0,0,1,0,1.69,1,1,100.0,0.56,0.56,0.00,0.00,0,0,14,3,4,2,1,0,0,1,0,,,,,,,,,,,,,,
943,Michael Kayode,it ITA,DF,Brentford,eng Premier League,22.0,2004,4,3,227,2.5,1,0,1,1,0,0,0,0,0.40,6,1,16.7,2.38,0.40,0.17,1.00,0,0,7,1,4,4,0,0,0,4,0,,,,,,,,,,,,,,
944,Moise Kean,it ITA,FW,Como,it Serie A,26.0,2000,1,0,25,0.3,0,1,1,0,0,0,0,0,3.60,0,0,,0.00,0.00,,,0,0,1,0,0,0,0,0,0,0,0,,,,,,,,,,,,,,
945,Moise Kean,it ITA,FW,Fiorentina,it Serie A,26.0,2000,1,0,28,0.3,0,0,0,0,0,0,0,0,0.00,2,2,100.0,6.43,6.43,0.00,0.00,0,0,0,0,0,2,0,0,0,0,0,,,,,,,,,,,,,,
946,Ilan Kebbal,dz ALG,MF,Paris FC,fr Ligue 1,28.0,1998,4,4,334,3.7,0,1,1,0,0,0,0,0,0.27,9,3,33.3,2.43,0.81,0.00,0.00,0,0,12,2,2,7,0,0,0,7,0,,,,,,,,,,,,,,
947,Thilo Kehrer,de GER,DF,Monaco,fr Ligue 1,29.0,1996,1,0,2,0.0,0,0,0,0,0,0,0,0,0.00,0,0,,0.00,0.00,,,0,0,0,0,0,0,0,0,0,0,0,,,,,,,,,,,,,,
948,Felix Keidel,de GER,MF,Elversberg,de Bundesliga,23.0,2003,3,3,252,2.8,1,0,1,1,0,0,1,0,0.36,2,1,50.0,0.71,0.36,0.50,1.00,0,0,12,3,6,2,1,0,0,4,0,,,,,,,,,,,,,,
949,Mandela Keita,be BEL,"MF,FW",Parma,it Serie A,24.0,2002,3,3,254,2.8,0,0,0,0,0,0,1,0,0.00,0,0,,0.00,0.00,,,0,0,0,0,4,10,1,0,0,2,0,,,,,,,,,,,,,,
950,Yannik Keitel,de GER,MF,Augsburg,de Bundesliga,26.0,2000,2,0,14,0.2,0,0,0,0,0,0,0,0,0.00,0,0,,0.00,0.00,,,0,0,0,0,0,0,0,0,0,0,0,,,,,,,,,,,,,,
951,Caoimhín Kelleher,ie IRL,GK,Brentford,eng Premier League,27.0,1998,4,4,360,4.0,0,0,0,0,0,0,0,0,0.00,0,0,,0.00,0.00,,,0,0,0,0,0,0,0,0,0,0,0,4,1.00,19,15,78.9,1,3,0,1,25.0,1,1,0,0
952,Lloyd Kelly,eng ENG,DF,Juventus,it Serie A,27.0,1998,3,1,151,1.7,0,0,0,0,0,0,0,0,0.00,1,0,0.0,0.60,0.00,0.00,,0,0,1,0,0,1,0,0,0,2,0,,,,,,,,,,,,,,
953,Aljoscha Kemlein,de GER,MF,Union Berlin,de Bundesliga,22.0,2004,3,3,181,2.0,0,0,0,0,0,0,1,0,0.00,0,0,,0.00,0.00,,,0,0,2,3,1,0,1,0,0,1,0,,,,,,,,,,,,,,
954,Marc-Oliver Kempf,de GER,DF,Como,it Serie A,31.0,1995,1,0,26,0.3,0,0,0,0,0,0,0,0,0.00,0,0,,0.00,0.00,,,0,0,0,0,0,1,0,0,0,0,0,,,,,,,,,,,,,,
955,Milos Kerkez,hu HUN,DF,Liverpool,eng Premier League,22.0,2003,4,3,295,3.3,0,0,0,0,0,0,2,0,0.00,2,1,50.0,0.61,0.31,0.00,0.00,0,0,11,3,2,5,2,0,0,5,0,,,,,,,,,,,,,,
956,Franck Kessié,ci CIV,MF,Atalanta,it Serie A,29.0,1996,2,1,97,1.1,0,0,0,0,0,0,0,0,0.00,3,1,33.3,2.78,0.93,0.00,0.00,0,0,1,1,0,1,0,0,0,2,0,,,,,,,,,,,,,,
957,Kevin,br BRA,MF,Fulham,eng Premier League,23.0,2003,3,0,45,0.5,0,0,0,0,0,0,0,0,0.00,1,0,0.0,2.00,0.00,0.00,,0,0,5,1,0,0,0,0,0,3,0,,,,,,,,,,,,,,
958,Anan Khalaili,il ISR,MF,Crystal Palace,eng Premier League,22.0,2004,4,3,290,3.2,1,0,1,1,0,0,1,0,0.31,7,1,14.3,2.17,0.31,0.14,1.00,0,0,11,11,5,1,1,0,0,3,0,,,,,,,,,,,,,,
959,Bilal El Khannouss,ma MAR,MF,Stuttgart,de Bundesliga,22.0,2004,3,1,120,1.3,1,0,1,1,0,0,0,0,0.75,3,1,33.3,2.25,0.75,0.33,1.00,0,0,7,4,0,1,0,0,0,0,0,,,,,,,,,,,,,,
960,Rani Khedira,tn TUN,"FW,MF",Union Berlin,de Bundesliga,32.0,1994,3,3,270,3.0,0,0,0,0,0,0,0,0,0.00,0,0,,0.00,0.00,,,0,0,2,5,2,2,0,0,0,3,0,,,,,,,,,,,,,,
961,Abdukodir Khusanov,uz UZB,DF,Manchester City,eng Premier League,22.0,2004,3,3,268,3.0,0,0,0,0,0,0,1,0,0.00,0,0,,0.00,0.00,,,0,0,2,5,3,1,1,0,0,2,0,,,,,,,,,,,,,,
962,Kialonda,ao ANG,DF,Lecce,it Serie A,28.0,1997,3,3,245,2.7,0,0,0,0,0,0,2,0,0.00,1,1,100.0,0.37,0.37,0.00,0.00,0,0,1,5,2,3,2,0,0,4,0,,,,,,,,,,,,,,
963,Joshua Kimmich,de GER,MF,Bayern Munich,de Bundesliga,31.0,1995,3,2,206,2.3,0,2,2,0,0,0,0,0,0.87,1,1,100.0,0.44,0.44,0.00,0.00,0,0,16,2,4,4,0,0,0,0,0,,,,,,,,,,,,,,
964,Joshua King,eng ENG,MF,Fulham,eng Premier League,19.0,2007,4,4,346,3.8,2,0,2,2,0,0,0,0,0.52,11,5,45.5,2.86,1.30,0.18,0.40,0,0,4,4,1,5,0,0,0,3,0,,,,,,,,,,,,,,
965,Antonín Kinský,cz CZE,GK,Tottenham,eng Premier League,23.0,2003,4,4,360,4.0,0,0,0,0,0,0,0,0,0.00,0,0,,0.00,0.00,,,0,0,0,0,0,1,0,0,0,0,0,5,1.25,14,9,64.3,0,2,2,2,50.0,1,0,0,1
966,Maurits Kjærgaard,dk DEN,MF,Lille,fr Ligue 1,23.0,2003,1,0,30,0.3,0,1,1,0,0,0,0,0,3.00,1,1,100.0,3.00,3.00,0.00,0.00,0,0,0,0,0,0,0,0,0,0,0,,,,,,,,,,,,,,
967,Tim Kleindienst,de GER,FW,Gladbach,de Bundesliga,31.0,1995,3,3,217,2.4,0,0,0,0,0,0,2,1,0.00,6,1,16.7,2.49,0.41,0.00,0.00,0,0,2,0,0,1,2,1,1,8,0,,,,,,,,,,,,,,
968,Justin Kluivert,nl NED,MF,Bournemouth,eng Premier League,27.0,1999,4,4,294,3.3,1,0,1,1,0,0,1,0,0.31,10,6,60.0,3.06,1.84,0.10,0.17,0,0,4,3,2,5,1,0,0,5,0,,,,,,,,,,,,,,
969,Ruben Kluivert,nl NED,DF,Lyon,fr Ligue 1,25.0,2001,1,0,5,0.1,0,0,0,0,0,0,0,0,0.00,0,0,,0.00,0.00,,,0,0,0,0,0,0,0,0,0,0,0,,,,,,,,,,,,,,
970,Gregor Kobel,ch SUI,GK,Dortmund,de Bundesliga,28.0,1997,3,3,270,3.0,0,0,0,0,0,0,0,0,0.00,0,0,,0.00,0.00,,,0,0,0,0,0,1,0,0,0,0,0,2,0.67,9,7,77.8,3,0,0,2,66.7,0,0,0,0
971,Robin Koch,de GER,DF,Frankfurt,de Bundesliga,30.0,1996,3,3,270,3.0,0,0,0,0,0,0,0,0,0.00,4,2,50.0,1.33,0.67,0.00,0.00,0,0,1,1,8,0,0,0,0,1,0,,,,,,,,,,,,,,
972,Giorgi Kochorashvili,ge GEO,MF,Sevilla,es La Liga,27.0,1999,3,1,109,1.2,0,1,1,0,0,0,1,0,0.83,3,0,0.0,2.48,0.00,0.00,,0,0,11,2,1,2,1,0,0,3,0,,,,,,,,,,,,,,
973,Nicolas Kocik,fr FRA,GK,Le Mans,fr Ligue 1,28.0,1998,2,2,170,1.9,0,0,0,0,0,0,0,0,0.00,0,0,,0.00,0.00,,,0,0,0,0,0,1,0,0,0,0,0,4,2.12,13,9,69.2,0,1,1,0,0.0,0,0,0,0
974,Christian Kofane,cm CMR,FW,Leverkusen,de Bundesliga,20.0,2006,3,1,122,1.4,2,0,2,2,0,0,0,0,1.48,8,2,25.0,5.90,1.48,0.25,1.00,0,0,0,1,1,1,0,0,0,6,0,,,,,,,,,,,,,,
975,Enzo Koffi Vinette,fr FRA,FW,Le Havre,fr Ligue 1,20.0,2006,4,0,106,1.2,0,0,0,0,0,0,0,0,0.00,3,2,66.7,2.55,1.70,0.00,0.00,0,0,11,3,2,5,0,0,0,1,0,,,,,,,,,,,,,,
976,Raphael Kofler,it ITA,DF,Cagliari,it Serie A,21.0,2005,3,0,71,0.8,0,0,0,0,0,0,0,0,0.00,1,0,0.0,1.27,0.00,0.00,,0,0,0,1,1,0,0,0,0,0,0,,,,,,,,,,,,,,
977,Derrick Köhn,gh GHA,"DF,MF",Union Berlin,de Bundesliga,27.0,1999,1,0,9,0.1,0,0,0,0,0,0,0,0,0.00,1,1,100.0,10.00,10.00,0.00,0.00,0,0,0,0,0,1,0,0,0,0,0,,,,,,,,,,,,,,
978,Dominik Kohr,de GER,DF,Mainz 05,de Bundesliga,32.0,1994,1,1,79,0.9,0,0,0,0,0,0,0,0,0.00,1,1,100.0,1.14,1.14,0.00,0.00,0,0,0,1,0,0,0,0,0,1,0,,,,,,,,,,,,,,
979,Koke,es ESP,MF,Atlético Madrid,es La Liga,34.0,1992,5,2,224,2.5,0,0,0,0,0,0,0,0,0.00,1,0,0.0,0.40,0.00,0.00,,0,0,7,4,1,4,0,0,0,1,0,,,,,,,,,,,,,,
980,Sead Kolašinac,ba BIH,DF,Atalanta,it Serie A,33.0,1993,4,3,236,2.6,0,0,0,0,0,0,0,0,0.00,1,0,0.0,0.38,0.00,0.00,,0,0,0,2,1,2,0,0,0,2,0,,,,,,,,,,,,,,
981,Luca Koleosho,it ITA,MF,Paris FC,fr Ligue 1,21.0,2004,3,3,199,2.2,0,1,1,0,0,0,0,0,0.45,6,1,16.7,2.71,0.45,0.00,0.00,0,0,2,2,2,2,0,0,0,6,0,,,,,,,,,,,,,,
982,Randal Kolo Muani,fr FRA,FW,Juventus,it Serie A,27.0,1998,4,4,360,4.0,0,1,1,0,0,0,0,0,0.25,9,2,22.2,2.25,0.50,0.00,0.00,0,0,1,0,0,6,0,0,0,10,0,,,,,,,,,,,,,,
983,Mert Kömür,de GER,MF,Augsburg,de Bundesliga,21.0,2005,3,0,58,0.6,0,0,0,0,0,0,0,0,0.00,4,2,50.0,6.21,3.10,0.00,0.00,0,0,1,0,0,3,0,0,0,0,0,,,,,,,,,,,,,,
984,Umaru Konare,es ESP,FW,Elche,es La Liga,22.0,2004,1,0,22,0.2,0,0,0,0,0,0,1,0,0.00,0,0,,0.00,0.00,,,0,0,0,0,0,0,1,0,0,2,0,,,,,,,,,,,,,,
985,Abdou-Salam Konaté,sn SEN,MF,Parma,it Serie A,19.0,2006,2,1,94,1.0,0,0,0,0,0,0,1,0,0.00,1,0,0.0,0.96,0.00,0.00,,0,0,0,2,2,2,1,0,0,3,0,,,,,,,,,,,,,,
986,Ibrahima Konaté,fr FRA,DF,Real Madrid,es La Liga,27.0,1999,4,4,360,4.0,0,0,0,0,0,0,2,0,0.00,3,1,33.3,0.75,0.25,0.00,0.00,0,0,0,5,1,1,2,0,0,5,0,,,,,,,,,,,,,,
987,Oumar Konaté,ci CIV,FW,Monaco,fr Ligue 1,19.0,2007,1,0,10,0.1,0,0,0,0,0,0,0,0,0.00,0,0,,0.00,0.00,,,0,0,0,0,0,1,0,0,0,1,0,,,,,,,,,,,,,,
988,Samba Konaté,fr FRA,FW,RB Leipzig,de Bundesliga,17.0,2009,1,0,7,0.1,0,0,0,0,0,0,0,0,0.00,1,0,0.0,12.86,0.00,0.00,,0,0,1,0,0,1,0,0,0,1,0,,,,,,,,,,,,,,
989,Geoffrey Kondogbia,cf CTA,DF,Marseille,fr Ligue 1,33.0,1993,2,2,139,1.5,0,0,0,0,0,0,0,0,0.00,0,0,,0.00,0.00,,,0,0,0,5,3,1,0,0,0,1,0,,,,,,,,,,,,,,
990,Mamadou Koné,ci CIV,FW,Lorient,fr Ligue 1,19.0,2006,4,3,222,2.5,1,0,1,1,0,0,0,0,0.41,7,5,71.4,2.84,2.03,0.14,0.20,0,0,0,1,2,3,0,0,0,5,0,,,,,,,,,,,,,,
991,Manu Koné,fr FRA,MF,Roma,it Serie A,25.0,2001,3,3,234,2.6,0,0,0,0,0,0,1,0,0.00,4,1,25.0,1.54,0.38,0.00,0.00,0,0,0,6,2,2,1,0,0,2,0,,,,,,,,,,,,,,
992,Yacouba Koné,ci CIV,FW,Troyes,fr Ligue 1,19.0,2007,4,0,28,0.3,0,0,0,0,0,0,0,0,0.00,1,1,100.0,3.21,3.21,0.00,0.00,0,0,0,0,0,0,0,0,0,1,0,,,,,,,,,,,,,,
993,Ransford Königsdörffer,gh GHA,"FW,MF",Mainz 05,de Bundesliga,25.0,2001,3,0,91,1.0,1,0,1,1,0,0,0,0,0.99,4,2,50.0,3.96,1.98,0.25,0.50,0,0,3,1,0,2,0,0,0,3,0,,,,,,,,,,,,,,
994,Ezri Konsa,eng ENG,DF,Arsenal,eng Premier League,28.0,1997,3,2,192,2.1,0,0,0,0,0,0,0,0,0.00,0,0,,0.00,0.00,,,0,0,0,2,3,4,0,0,0,3,0,,,,,,,,,,,,,,
995,Giannis Konstantelias,gr GRE,FW,Dortmund,de Bundesliga,23.0,2003,1,1,53,0.6,1,0,1,1,0,0,0,0,1.70,2,0,0.0,3.40,0.00,0.50,,0,0,0,0,2,1,0,0,0,1,0,,,,,,,,,,,,,,
996,Teun Koopmeiners,nl NED,MF,Juventus,it Serie A,28.0,1998,4,1,114,1.3,1,1,2,1,0,0,0,0,1.58,4,2,50.0,3.16,1.58,0.25,0.50,0,0,5,0,1,0,0,0,0,4,0,,,,,,,,,,,,,,
997,Ville Koski,fi FIN,DF,Alavés,es La Liga,24.0,2002,5,5,439,4.9,1,0,1,1,0,0,0,0,0.21,1,1,100.0,0.21,0.21,1.00,1.00,0,0,0,1,6,0,0,0,0,6,0,,,,,,,,,,,,,,
998,Odilon Kossounou,ci CIV,DF,Atalanta,it Serie A,25.0,2001,4,4,360,4.0,0,0,0,0,0,0,0,0,0.00,1,0,0.0,0.25,0.00,0.00,,0,0,0,2,4,1,0,0,0,1,0,,,,,,,,,,,,,,
999,Charalampos Kostoulas,gr GRE,FW,Brighton,eng Premier League,19.0,2007,4,3,279,3.1,1,0,1,1,0,0,0,0,0.32,9,3,33.3,2.90,0.97,0.11,0.33,0,0,2,0,0,5,0,0,0,4,0,,,,,,,,,,,,,,
1000,Keita Kosugi,jp JPN,"DF,MF",Frankfurt,de Bundesliga,20.0,2006,3,3,270,3.0,0,0,0,0,0,0,1,0,0.00,2,1,50.0,0.67,0.33,0.00,0.00,0,0,11,4,7,9,1,0,0,4,0,,,,,,,,,,,,,,
1001,Eddy Kouadio,ci CIV,DF,Monza,it Serie A,20.0,2006,4,4,350,3.9,0,0,0,0,0,0,1,0,0.00,1,1,100.0,0.26,0.26,0.00,0.00,0,0,1,5,13,0,1,0,0,4,0,,,,,,,,,,,,,,
1002,Arsène Kouassi,bf BFA,MF,Lorient,fr Ligue 1,22.0,2004,4,4,360,4.0,0,0,0,0,0,0,0,0,0.00,1,0,0.0,0.25,0.00,0.00,,0,0,9,2,3,6,0,0,0,3,0,,,,,,,,,,,,,,
1003,Rachid Kouda,it ITA,MF,Parma,it Serie A,24.0,2002,1,0,16,0.2,0,0,0,0,0,0,0,0,0.00,0,0,,0.00,0.00,,,0,0,2,1,0,0,0,0,0,1,0,,,,,,,,,,,,,,
1004,Konstantinos Koulierakis,gr GRE,DF,Roma,it Serie A,22.0,2003,1,0,23,0.3,0,0,0,0,0,0,0,0,0.00,0,0,,0.00,0.00,,,0,0,1,1,0,0,0,0,0,0,0,,,,,,,,,,,,,,
1005,Lewis Koumas,wls WAL,MF,Liverpool,eng Premier League,20.0,2005,2,0,14,0.2,0,0,0,0,0,0,0,0,0.00,1,0,0.0,6.43,0.00,0.00,,0,0,0,0,0,0,0,0,0,0,0,,,,,,,,,,,,,,
1006,Seny Koumbassa,fr FRA,DF,Toulouse,fr Ligue 1,19.0,2007,2,1,103,1.1,0,0,0,0,0,0,0,0,0.00,0,0,,0.00,0.00,,,0,0,0,1,2,1,0,0,0,3,0,,,,,,,,,,,,,,
1007,Jules Koundé,fr FRA,DF,Barcelona,es La Liga,27.0,1998,4,1,174,1.9,0,0,0,0,0,0,0,0,0.00,0,0,,0.00,0.00,,,0,0,0,1,1,2,0,0,0,1,0,,,,,,,,,,,,,,
1008,Hamza Koutoune,ma MAR,DF,Nice,fr Ligue 1,19.0,2006,2,0,19,0.2,0,0,0,0,0,0,0,0,0.00,1,0,0.0,4.74,0.00,0.00,,0,0,1,0,0,0,0,0,0,3,0,,,,,,,,,,,,,,
1009,Mateo Kovačić,hr CRO,MF,Manchester City,eng Premier League,32.0,1994,2,0,44,0.5,0,0,0,0,0,0,0,0,0.00,0,0,,0.00,0.00,,,0,0,0,0,0,0,0,0,0,0,0,,,,,,,,,,,,,,
1010,Andrej Kramarić,hr CRO,"FW,MF",Hoffenheim,de Bundesliga,35.0,1991,3,0,31,0.3,0,0,0,0,0,0,1,0,0.00,1,0,0.0,2.90,0.00,0.00,,0,0,0,0,0,0,1,0,0,1,0,,,,,,,,,,,,,,
1011,Maurice Krattenmacher,de GER,MF,Elversberg,de Bundesliga,21.0,2005,3,0,98,1.1,3,0,3,3,0,0,0,0,2.76,8,5,62.5,7.35,4.59,0.38,0.60,0,0,0,1,2,5,0,0,0,1,0,,,,,,,,,,,,,,
1012,Tom Krauß,de GER,MF,Köln,de Bundesliga,25.0,2001,3,3,267,3.0,0,0,0,0,0,0,1,0,0.00,5,2,40.0,1.69,0.67,0.00,0.00,0,0,4,2,6,3,1,0,0,4,0,,,,,,,,,,,,,,
1013,Nicolas Kristof,at AUT,GK,Elversberg,de Bundesliga,26.0,1999,3,3,270,3.0,0,0,0,0,0,0,1,0,0.00,0,0,,0.00,0.00,,,0,0,0,0,0,2,1,0,0,0,0,7,2.33,14,7,50.0,2,0,1,0,0.0,0,0,0,0
1014,Nikola Krstović,me MNE,FW,Atalanta,it Serie A,26.0,2000,4,0,122,1.4,1,0,1,1,0,0,1,0,0.74,5,3,60.0,3.69,2.21,0.20,0.33,0,0,0,0,0,1,1,0,0,2,0,,,,,,,,,,,,,,
1015,Lukas Kübler,de GER,DF,Freiburg,de Bundesliga,34.0,1992,3,1,94,1.0,0,0,0,0,0,0,0,0,0.00,1,0,0.0,0.96,0.00,0.00,,0,0,3,1,0,4,0,0,0,1,0,,,,,,,,,,,,,,
1016,Takefusa Kubo,jp JPN,MF,Real Sociedad,es La Liga,25.0,2001,5,3,222,2.5,0,0,0,0,0,0,0,0,0.00,2,0,0.0,0.81,0.00,0.00,,0,0,4,2,1,5,0,0,0,3,0,,,,,,,,,,,,,,
1017,Mohammed Kudus,gh GHA,"FW,MF",Tottenham,eng Premier League,26.0,2000,3,0,81,0.9,0,0,0,0,0,0,0,0,0.00,1,0,0.0,1.11,0.00,0.00,,0,0,12,1,0,4,0,0,0,2,0,,,,,,,,,,,,,,
1018,Nicolas-Gerrit Kühn,de GER,"FW,MF",Gladbach,de Bundesliga,26.0,2000,1,0,22,0.2,0,0,0,0,0,0,0,0,0.00,1,0,0.0,4.09,0.00,0.00,,0,0,3,1,0,0,0,0,0,0,0,,,,,,,,,,,,,,
1019,Sandro Kulenović,hr CRO,FW,Torino,it Serie A,26.0,1999,2,0,24,0.3,0,0,0,0,0,0,0,0,0.00,0,0,,0.00,0.00,,,0,0,0,0,0,0,0,0,0,1,0,,,,,,,,,,,,,,
1020,Gabriel Kulla,al ALB,FW,Sassuolo,it Serie A,18.0,2008,1,0,3,0.0,0,0,0,0,0,0,0,0,0.00,0,0,,0.00,0.00,,,0,0,0,0,0,0,0,0,0,0,0,,,,,,,,,,,,,,
1021,Hasan Kuruçay,,DF,Schalke 04,de Bundesliga,29.0,1997,3,3,224,2.5,0,0,0,0,0,0,0,0,0.00,0,0,,0.00,0.00,,,0,0,0,7,1,0,0,0,0,1,0,,,,,,,,,,,,,,
1022,Khvicha Kvaratskhelia,ge GEO,FW,Paris SG,fr Ligue 1,25.0,2001,4,3,222,2.5,0,1,1,0,0,0,0,0,0.41,10,4,40.0,4.05,1.62,0.00,0.00,0,0,10,1,2,3,0,0,0,1,0,,,,,,,,,,,,,,
1023,Giorgi Kvernadze,ge GEO,MF,Frosinone,it Serie A,23.0,2003,4,4,356,4.0,2,1,3,2,0,0,0,0,0.76,10,4,40.0,2.53,1.01,0.20,0.50,0,0,5,4,0,6,0,0,0,2,0,,,,,,,,,,,,,,
1024,Rayan Kwedi Mandengue,cm CMR,FW,Auxerre,fr Ligue 1,20.0,2006,3,0,53,0.6,0,1,1,0,0,0,1,0,1.70,1,0,0.0,1.70,0.00,0.00,,0,0,2,0,2,2,1,0,0,6,0,,,,,,,,,,,,,,
1025,Adrián de la Fuente,es ESP,DF,Levante,es La Liga,27.0,1999,5,5,430,4.8,1,0,1,1,0,0,1,0,0.21,7,2,28.6,1.47,0.42,0.14,0.50,0,0,8,2,4,6,1,0,0,6,0,,,,,,,,,,,,,,
1026,Rémy Labeau Lascary,gp GLP,"FW,MF",Auxerre,fr Ligue 1,23.0,2003,3,3,195,2.2,1,0,1,1,0,0,0,0,0.46,9,6,66.7,4.15,2.77,0.11,0.17,0,0,1,3,2,2,0,0,0,1,0,,,,,,,,,,,,,,
1027,Shea Lacey,eng ENG,FW,Manchester Utd,eng Premier League,19.0,2007,1,0,11,0.1,0,0,0,0,0,0,0,0,0.00,0,0,,0.00,0.00,,,0,0,1,0,0,0,0,0,0,0,0,,,,,,,,,,,,,,
1028,Maxence Lacroix,fr FRA,DF,Chelsea,eng Premier League,26.0,2000,4,3,275,3.1,0,1,1,0,0,0,1,0,0.33,1,0,0.0,0.33,0.00,0.00,,0,0,0,5,5,1,1,0,0,3,0,,,,,,,,,,,,,,
1029,Yoel Lago,es ESP,DF,Celta Vigo,es La Liga,22.0,2004,6,5,495,5.5,0,0,0,0,0,0,2,0,0.00,0,0,,0.00,0.00,,,0,0,1,2,11,6,2,0,0,8,0,,,,,,,,,,,,,,
1030,Konrad Laimer,at AUT,DF,Bayern Munich,de Bundesliga,29.0,1997,2,2,180,2.0,0,0,0,0,0,0,0,0,0.00,2,1,50.0,1.00,0.50,0.00,0.00,0,0,3,1,2,2,0,0,0,5,0,,,,,,,,,,,,,,
1031,Mathis Lainé,fr FRA,DF,Brest,fr Ligue 1,19.0,2007,2,0,10,0.1,0,0,0,0,0,0,0,0,0.00,0,0,,0.00,0.00,,,0,0,0,0,0,2,0,0,0,0,0,,,,,,,,,,,,,,
1032,Kenny Lala,mg MAD,DF,Brest,fr Ligue 1,34.0,1991,4,4,291,3.2,0,0,0,0,0,0,0,0,0.00,2,0,0.0,0.62,0.00,0.00,,0,0,17,3,1,4,0,0,0,1,0,,,,,,,,,,,,,,
1033,Senne Lammens,be BEL,GK,Manchester Utd,eng Premier League,24.0,2002,4,4,360,4.0,0,0,0,0,0,0,0,0,0.00,0,0,,0.00,0.00,,,0,0,0,0,0,0,0,0,0,0,0,7,1.75,17,10,58.8,1,1,2,0,0.0,0,0,0,0
1034,Noa Lang,nl NED,FW,Napoli,it Serie A,27.0,1999,3,1,125,1.4,0,0,0,0,0,0,0,0,0.00,2,0,0.0,1.44,0.00,0.00,,0,0,8,2,0,0,0,0,0,0,0,,,,,,,,,,,,,,
1035,Aymeric Laporte,es ESP,DF,Athletic Club,es La Liga,32.0,1994,5,4,393,4.4,0,0,0,0,0,0,0,0,0.00,2,0,0.0,0.46,0.00,0.00,,0,0,1,3,2,3,0,0,0,2,0,,,,,,,,,,,,,,
1036,Yasser Larouci,dz ALG,MF,Le Mans,fr Ligue 1,25.0,2001,2,1,93,1.0,0,0,0,0,0,0,0,0,0.00,2,1,50.0,1.94,0.97,0.00,0.00,0,0,5,0,1,1,0,0,0,1,0,,,,,,,,,,,,,,
1037,David Larrubia,es ESP,"MF,FW",Málaga,es La Liga,24.0,2002,5,4,395,4.4,0,0,0,0,0,0,1,0,0.00,11,2,18.2,2.51,0.46,0.00,0.00,0,0,2,8,3,4,1,0,0,1,0,,,,,,,,,,,,,,
1038,Hugo Larsson,se SWE,MF,Fulham,eng Premier League,22.0,2004,2,0,26,0.3,0,0,0,0,0,0,0,0,0.00,1,0,0.0,3.46,0.00,0.00,,0,0,0,0,0,0,0,0,0,0,0,,,,,,,,,,,,,,
1039,Emmanuel Latte Lath,ci CIV,FW,Union Berlin,de Bundesliga,27.0,1999,3,3,197,2.2,1,0,1,1,0,0,0,0,0.46,4,2,50.0,1.83,0.91,0.25,0.50,0,0,1,1,1,1,0,0,0,2,0,,,,,,,,,,,,,,
1040,Lion Lauberbach,de GER,"FW,MF",Venezia,it Serie A,28.0,1998,3,0,43,0.5,0,0,0,0,0,0,0,0,0.00,0,0,,0.00,0.00,,,0,0,1,1,0,1,0,0,0,0,0,,,,,,,,,,,,,,
1041,Alexandre Lauray,fr FRA,MF,Le Mans,fr Ligue 1,29.0,1997,4,3,268,3.0,0,0,0,0,0,0,3,0,0.00,4,2,50.0,1.34,0.67,0.00,0.00,0,0,8,1,7,2,3,0,0,7,0,,,,,,,,,,,,,,
1042,Armand Lauriente,fr FRA,"FW,MF",Sassuolo,it Serie A,27.0,1998,4,4,360,4.0,0,1,1,0,0,0,1,0,0.25,16,4,25.0,4.00,1.00,0.00,0.00,0,0,14,0,0,3,1,0,0,2,0,,,,,,,,,,,,,,
1043,Roméo Lavia,be BEL,MF,Chelsea,eng Premier League,22.0,2004,4,4,258,2.9,1,0,1,1,0,0,1,0,0.35,2,2,100.0,0.70,0.70,0.50,0.50,0,0,0,4,6,5,1,0,0,2,0,,,,,,,,,,,,,,
1044,Manuel Lazzari,it ITA,"DF,MF",Lazio,it Serie A,32.0,1993,2,0,18,0.2,0,0,0,0,0,0,0,0,0.00,0,0,,0.00,0.00,,,0,0,1,0,1,1,0,0,0,1,0,,,,,,,,,,,,,,
1045,Théo Le Bris,fr FRA,MF,Lorient,fr Ligue 1,23.0,2002,4,2,200,2.2,0,0,0,0,0,0,0,0,0.00,3,1,33.3,1.35,0.45,0.00,0.00,0,0,10,5,5,2,0,0,0,2,0,,,,,,,,,,,,,,
1046,Jérémy Le Douaron,fr FRA,FW,Troyes,fr Ligue 1,28.0,1998,2,1,125,1.4,1,0,1,1,0,0,0,0,0.72,5,1,20.0,3.60,0.72,0.20,1.00,0,0,1,2,0,2,0,0,0,3,0,,,,,,,,,,,,,,
1047,Enzo Le Fée,fr FRA,MF,Sunderland,eng Premier League,26.0,2000,4,4,348,3.9,1,0,1,0,1,2,0,0,0.00,10,3,30.0,2.59,0.78,0.10,0.33,1,2,9,4,1,6,0,0,0,1,0,,,,,,,,,,,,,,
1048,Raphael Le Guen,fr FRA,DF,Brest,fr Ligue 1,20.0,2006,4,4,360,4.0,0,0,0,0,0,0,0,0,0.00,8,0,0.0,2.00,0.00,0.00,,0,0,0,2,4,1,0,0,0,1,0,,,,,,,,,,,,,,
1049,Florian Le Joncour,fr FRA,DF,Elversberg,de Bundesliga,31.0,1995,1,0,9,0.1,0,0,0,0,0,0,0,0,0.00,0,0,,0.00,0.00,,,0,0,0,0,0,0,0,0,0,0,0,,,,,,,,,,,,,,
1050,Robin Le Normand,es ESP,DF,Atlético Madrid,es La Liga,29.0,1996,2,2,165,1.8,0,0,0,0,0,0,0,1,0.00,0,0,,0.00,0.00,,,0,0,0,2,4,1,0,1,0,2,0,,,,,,,,,,,,,,
1051,Pierre Lees-Melou,fr FRA,MF,Paris FC,fr Ligue 1,33.0,1993,4,4,360,4.0,0,0,0,0,0,0,0,0,0.00,4,0,0.0,1.00,0.00,0.00,,0,0,1,8,7,5,0,0,0,3,0,,,,,,,,,,,,,,
1052,Jordan Lefort,mr MTN,DF,Angers,fr Ligue 1,33.0,1993,4,4,360,4.0,0,0,0,0,0,0,1,0,0.00,0,0,,0.00,0.00,,,0,0,7,2,1,5,1,0,0,8,1,,,,,,,,,,,,,,
1053,Elikya Legros,fr FRA,DF,Auxerre,fr Ligue 1,18.0,2008,3,2,140,1.6,0,0,0,0,0,0,1,0,0.00,0,0,,0.00,0.00,,,0,0,0,1,3,0,1,0,0,3,0,,,,,,,,,,,,,,
1054,Diogo Leite,pt POR,DF,Lazio,it Serie A,27.0,1999,1,0,7,0.1,0,0,0,0,0,0,0,0,0.00,0,0,,0.00,0.00,,,0,0,0,0,0,0,0,0,0,0,0,,,,,,,,,,,,,,
1055,Florian Lejeune,fr FRA,DF,Rayo Vallecano,es La Liga,35.0,1991,5,5,450,5.0,0,0,0,0,0,0,1,0,0.00,8,2,25.0,1.60,0.40,0.00,0.00,0,0,0,6,9,6,1,0,0,7,1,,,,,,,,,,,,,,
1056,Youssef Lekhedim,es ESP,DF,Alavés,es La Liga,20.0,2005,4,0,104,1.2,0,0,0,0,0,0,0,0,0.00,0,0,,0.00,0.00,,,0,0,6,4,0,3,0,0,0,1,0,,,,,,,,,,,,,,
1057,Nicolas Lemaître,fr FRA,GK,Rennes,fr Ligue 1,29.0,1997,1,1,90,1.0,0,0,0,0,0,0,0,0,0.00,0,0,,0.00,0.00,,,0,0,0,0,0,0,0,0,0,0,0,2,2.00,5,3,60.0,1,0,0,0,0.0,1,1,0,0
1058,Thomas Lemar,fr FRA,MF,Elche,es La Liga,30.0,1995,2,0,58,0.6,1,0,1,1,0,0,1,0,1.55,3,1,33.3,4.66,1.55,0.33,1.00,0,0,4,1,0,0,1,0,0,3,0,,,,,,,,,,,,,,
1059,Louis Lemke,de GER,MF,Hamburger SV,de Bundesliga,16.0,2009,2,1,95,1.1,0,0,0,0,0,0,0,0,0.00,0,0,,0.00,0.00,,,0,0,3,2,3,0,0,0,0,3,0,,,,,,,,,,,,,,
1060,Tim Lemperle,de GER,FW,Hoffenheim,de Bundesliga,24.0,2002,2,2,164,1.8,1,0,1,1,0,0,0,0,0.55,7,3,42.9,3.84,1.65,0.14,0.33,0,0,2,1,0,0,0,0,0,3,0,,,,,,,,,,,,,,
1061,Bernd Leno,de GER,GK,Fulham,eng Premier League,34.0,1992,4,4,360,4.0,0,0,0,0,0,0,0,0,0.00,0,0,,0.00,0.00,,,0,0,0,0,0,0,0,0,0,0,0,7,1.75,18,11,61.1,0,1,3,1,25.0,0,0,0,0
1062,Esteban Lepaul,fr FRA,FW,Rennes,fr Ligue 1,26.0,2000,4,4,345,3.8,3,0,3,2,1,1,1,0,0.52,16,8,50.0,4.17,2.09,0.19,0.38,1,1,0,0,2,3,1,0,0,2,0,,,,,,,,,,,,,,
1063,Jefferson Lerma,co COL,"DF,MF",Crystal Palace,eng Premier League,31.0,1994,1,0,7,0.1,0,0,0,0,0,0,0,0,0.00,0,0,,0.00,0.00,,,0,0,0,0,0,0,0,0,0,0,0,,,,,,,,,,,,,,
1064,Jan Leszczyński,pl POL,DF,Gladbach,de Bundesliga,19.0,2007,1,0,14,0.2,0,0,0,0,0,0,0,0,0.00,0,0,,0.00,0.00,,,0,0,0,0,0,0,0,0,0,1,0,,,,,,,,,,,,,,
1065,Jamie Leweling,de GER,"FW,MF",Stuttgart,de Bundesliga,25.0,2001,3,0,60,0.7,0,0,0,0,0,0,0,0,0.00,0,0,,0.00,0.00,,,0,0,2,0,1,0,0,0,0,1,0,,,,,,,,,,,,,,
1066,Rico Lewis,eng ENG,DF,Manchester City,eng Premier League,21.0,2004,1,1,56,0.6,0,0,0,0,0,0,0,0,0.00,1,1,100.0,1.61,1.61,0.00,0.00,0,0,2,0,2,2,0,0,0,1,0,,,,,,,,,,,,,,
1067,Keane Lewis-Potter,eng ENG,DF,Brentford,eng Premier League,25.0,2001,4,4,326,3.6,1,1,2,1,0,0,0,0,0.55,7,1,14.3,1.93,0.28,0.14,1.00,0,0,19,2,2,1,0,0,0,8,0,,,,,,,,,,,,,,
1068,Myles Lewis-Skelly,eng ENG,MF,Arsenal,eng Premier League,19.0,2006,4,4,271,3.0,0,0,0,0,0,0,0,0,0.00,3,0,0.0,1.00,0.00,0.00,,0,0,0,0,2,7,0,0,0,8,0,,,,,,,,,,,,,,
1069,Fedde Leysen,be BEL,DF,Sassuolo,it Serie A,23.0,2003,4,3,287,3.2,0,1,1,0,0,0,1,0,0.31,0,0,,0.00,0.00,,,0,0,0,5,4,0,1,0,0,3,0,,,,,,,,,,,,,,
1070,Mattia Liberali,it ITA,MF,Como,it Serie A,19.0,2007,2,0,27,0.3,0,0,0,0,0,0,0,0,0.00,2,1,50.0,6.67,3.33,0.00,0.00,0,0,0,0,1,1,0,0,0,0,0,,,,,,,,,,,,,,
1071,Marco Libra,ve VEN,MF,Bologna,it Serie A,18.0,2008,2,0,78,0.9,0,0,0,0,0,0,0,0,0.00,1,1,100.0,1.15,1.15,0.00,0.00,0,0,0,1,0,0,0,0,0,1,0,,,,,,,,,,,,,,
1072,Isac Lidberg,se SWE,"FW,MF",Gladbach,de Bundesliga,28.0,1998,3,0,65,0.7,0,0,0,0,0,0,0,0,0.00,1,0,0.0,1.38,0.00,0.00,,0,0,1,0,0,1,0,0,0,0,0,,,,,,,,,,,,,,
1073,Philipp Lienhart,at AUT,DF,Freiburg,de Bundesliga,30.0,1996,3,3,248,2.8,0,0,0,0,0,0,1,0,0.00,0,0,,0.00,0.00,,,0,0,1,1,3,5,1,0,0,2,0,,,,,,,,,,,,,,
1074,Victor Lindelöf,se SWE,DF,Aston Villa,eng Premier League,32.0,1994,4,4,360,4.0,0,0,0,0,0,0,0,0,0.00,1,1,100.0,0.25,0.25,0.00,0.00,0,0,0,0,0,0,0,0,0,1,1,,,,,,,,,,,,,,
1075,Luca Lipani,it ITA,MF,Sassuolo,it Serie A,21.0,2005,3,2,114,1.3,0,0,0,0,0,0,1,0,0.00,0,0,,0.00,0.00,,,0,0,0,1,2,0,1,0,0,2,0,,,,,,,,,,,,,,
1076,Clemens Lippmann,at AUT,DF,Paderborn 07,de Bundesliga,20.0,2006,2,0,25,0.3,0,0,0,0,0,0,0,0,0.00,1,0,0.0,3.60,0.00,0.00,,0,0,2,0,0,0,0,0,0,1,0,,,,,,,,,,,,,,
1077,Tino Livramento,eng ENG,"DF,MF",Newcastle,eng Premier League,23.0,2002,1,0,1,0.0,0,0,0,0,0,0,0,0,0.00,0,0,,0.00,0.00,,,0,0,0,0,0,0,0,0,0,0,0,,,,,,,,,,,,,,
1078,Dejan Ljubičić,at AUT,MF,Schalke 04,de Bundesliga,28.0,1997,3,3,183,2.0,0,0,0,0,0,0,0,0,0.00,2,1,50.0,0.98,0.49,0.00,0.00,0,0,0,1,1,0,0,0,0,0,0,,,,,,,,,,,,,,
1079,Marin Ljubicic,hr CRO,FW,Union Berlin,de Bundesliga,24.0,2002,3,2,216,2.4,0,0,0,0,0,0,1,0,0.00,4,2,50.0,1.67,0.83,0.00,0.00,0,0,1,0,0,2,1,0,0,4,0,,,,,,,,,,,,,,
1080,Diego Llorente,es ESP,DF,Real Betis,es La Liga,33.0,1993,2,2,128,1.4,0,0,0,0,0,0,0,0,0.00,0,0,,0.00,0.00,,,0,0,0,1,6,0,0,0,0,1,0,,,,,,,,,,,,,,
1081,Marcos Llorente,es ESP,"DF,MF",Atlético Madrid,es La Liga,31.0,1995,5,3,284,3.2,0,1,1,0,0,0,1,0,0.32,3,2,66.7,0.95,0.63,0.00,0.00,0,0,3,2,6,2,1,0,0,7,0,,,,,,,,,,,,,,
1082,Gautier Lloris,fr FRA,DF,Brest,fr Ligue 1,31.0,1995,3,3,262,2.9,0,0,0,0,0,0,0,0,0.00,1,0,0.0,0.34,0.00,0.00,,0,0,0,2,6,2,0,0,0,1,0,,,,,,,,,,,,,,
1083,Danny Loader,cm CMR,"FW,MF",Auxerre,fr Ligue 1,26.0,2000,4,4,316,3.5,1,0,1,0,1,1,0,0,0.00,8,5,62.5,2.28,1.42,0.13,0.20,1,1,1,7,0,3,0,0,0,4,0,,,,,,,,,,,,,,
1084,Diogo Lobão,pt POR,MF,Strasbourg,fr Ligue 1,20.0,2006,4,4,293,3.3,1,1,2,1,0,0,0,0,0.61,5,4,80.0,1.54,1.23,0.20,0.25,0,0,3,2,2,0,0,0,0,6,0,,,,,,,,,,,,,,
1085,Julen Lobete,es ESP,"FW,MF",Málaga,es La Liga,25.0,2000,1,0,6,0.1,0,0,0,0,0,0,0,0,0.00,0,0,,0.00,0.00,,,0,0,0,0,0,0,0,0,0,0,0,,,,,,,,,,,,,,
1086,Stanislav Lobotka,sk SVK,MF,Napoli,it Serie A,31.0,1994,4,4,348,3.9,1,0,1,1,0,0,0,0,0.26,4,2,50.0,1.03,0.52,0.25,0.50,0,0,1,2,2,8,0,0,0,1,0,,,,,,,,,,,,,,
1087,Manuel Locatelli,it ITA,MF,Juventus,it Serie A,28.0,1998,3,3,270,3.0,0,1,1,0,0,0,1,0,0.33,2,0,0.0,0.67,0.00,0.00,,0,0,2,4,7,8,1,0,0,8,0,,,,,,,,,,,,,,
1088,Luka Lochoshvili,ge GEO,DF,Köln,de Bundesliga,28.0,1998,3,3,270,3.0,0,0,0,0,0,0,0,0,0.00,3,0,0.0,1.00,0.00,0.00,,0,0,0,1,1,2,0,0,0,2,0,,,,,,,,,,,,,,
1089,Bradley Locko,fr FRA,DF,Brest,fr Ligue 1,24.0,2002,4,4,357,4.0,0,0,0,0,0,0,1,0,0.00,0,0,,0.00,0.00,,,0,0,15,9,6,9,1,0,0,3,0,,,,,,,,,,,,,,
1090,Ruben Loftus-Cheek,eng ENG,MF,Milan,it Serie A,30.0,1996,4,3,188,2.1,0,0,0,0,0,0,1,0,0.00,5,0,0.0,2.39,0.00,0.00,,0,0,4,0,1,2,1,0,0,2,0,,,,,,,,,,,,,,
1091,Sean Longstaff,eng ENG,MF,Leeds United,eng Premier League,28.0,1997,1,0,9,0.1,0,0,0,0,0,0,0,0,0.00,0,0,,0.00,0.00,,,0,0,0,0,0,0,0,0,0,0,0,,,,,,,,,,,,,,
1092,Simone Lontani,it ITA,FW,Parma,it Serie A,18.0,2008,3,2,171,1.9,1,0,1,1,0,0,0,0,0.53,3,2,66.7,1.58,1.05,0.33,0.50,0,0,7,1,1,6,0,0,0,0,0,,,,,,,,,,,,,,
1093,Ademola Lookman,ng NGA,"FW,MF",Atlético Madrid,es La Liga,28.0,1997,5,5,365,4.1,1,0,1,1,0,0,0,0,0.25,7,3,42.9,1.73,0.74,0.14,0.33,0,0,2,1,1,6,0,0,0,6,0,,,,,,,,,,,,,,
1094,Anthony Lopes,pt POR,GK,Angers,fr Ligue 1,35.0,1990,4,4,360,4.0,0,0,0,0,0,0,0,0,0.00,0,0,,0.00,0.00,,,0,0,0,1,0,0,0,0,0,0,0,5,1.25,28,23,82.1,1,1,2,1,25.0,0,0,0,0
1095,Fermin López,es ESP,MF,Barcelona,es La Liga,23.0,2003,5,4,371,4.1,4,2,6,4,0,0,1,0,1.46,11,8,72.7,2.67,1.94,0.36,0.50,0,0,7,4,2,6,1,0,0,6,0,,,,,,,,,,,,,,
1096,Maxime Lopez,fr FRA,MF,Paris FC,fr Ligue 1,28.0,1997,4,3,297,3.3,0,0,0,0,0,0,0,0,0.00,1,1,100.0,0.30,0.30,0.00,0.00,0,0,1,2,5,1,0,0,0,4,0,,,,,,,,,,,,,,
1097,Oscar Lopez,bo BOL,MF,Getafe,es La Liga,20.0,2006,1,0,1,0.0,0,0,0,0,0,0,0,0,0.00,0,0,,0.00,0.00,,,0,0,0,0,0,0,0,0,0,0,0,,,,,,,,,,,,,,
1098,Unai López,es ESP,MF,Rayo Vallecano,es La Liga,30.0,1995,5,5,405,4.5,0,3,3,0,0,0,1,0,0.67,3,1,33.3,0.67,0.22,0.00,0.00,0,0,30,7,3,2,1,0,0,8,0,,,,,,,,,,,,,,
1099,Dani Lorenzo,es ESP,MF,Málaga,es La Liga,23.0,2003,4,4,295,3.3,0,0,0,0,0,0,1,0,0.00,1,0,0.0,0.31,0.00,0.00,,0,0,0,2,3,6,1,0,0,2,0,,,,,,,,,,,,,,
1100,Marius Louer,fr FRA,MF,Angers,fr Ligue 1,19.0,2007,1,0,4,0.0,0,0,0,0,0,0,0,0,0.00,0,0,,0.00,0.00,,,0,0,0,0,1,0,0,0,0,0,0,,,,,,,,,,,,,,
1101,Johaneko Louisjean,fr FRA,DF,Athletic Club,es La Liga,22.0,2004,4,1,125,1.4,0,0,0,0,0,0,1,0,0.00,0,0,,0.00,0.00,,,0,0,3,3,6,3,1,0,0,2,0,,,,,,,,,,,,,,
1102,Miguel Loureiro,es ESP,DF,Dep. A Coruña,es La Liga,29.0,1996,3,1,106,1.2,0,0,0,0,0,0,0,0,0.00,0,0,,0.00,0.00,,,0,0,0,2,3,1,0,0,0,2,0,,,,,,,,,,,,,,
1103,Pol Lozano,es ESP,MF,Espanyol,es La Liga,26.0,1999,2,0,35,0.4,0,0,0,0,0,0,1,0,0.00,1,0,0.0,2.57,0.00,0.00,,0,0,0,2,0,0,1,0,0,1,0,,,,,,,,,,,,,,
1104,Lorenzo Lucca,it ITA,FW,Napoli,it Serie A,26.0,2000,4,0,59,0.7,0,0,0,0,0,0,0,0,0.00,2,1,50.0,3.05,1.53,0.00,0.00,0,0,0,0,2,0,0,0,0,3,0,,,,,,,,,,,,,,
1105,Lorenzo Lucchesi,it ITA,DF,Monza,it Serie A,23.0,2003,4,4,327,3.6,0,0,0,0,0,0,2,0,0.00,3,2,66.7,0.83,0.55,0.00,0.00,0,0,0,2,12,2,2,0,0,8,0,,,,,,,,,,,,,,
1106,Jhon Lucumí,co COL,DF,Juventus,it Serie A,28.0,1998,3,3,209,2.3,0,0,0,0,0,0,2,0,0.00,1,0,0.0,0.43,0.00,0.00,,0,0,0,3,1,0,2,0,0,2,0,,,,,,,,,,,,,,
1107,Florentino Luís,pt POR,MF,Ipswich Town,eng Premier League,27.0,1999,1,0,14,0.2,0,0,0,0,0,0,0,0,0.00,0,0,,0.00,0.00,,,0,0,1,1,1,0,0,0,0,0,0,,,,,,,,,,,,,,
1108,José Luis Gayà,es ESP,DF,Valencia,es La Liga,31.0,1995,3,2,187,2.1,0,0,0,0,0,0,0,0,0.00,0,0,,0.00,0.00,,,0,0,5,6,0,4,0,0,0,4,0,,,,,,,,,,,,,,
1109,Luismi,es ESP,MF,Dep. A Coruña,es La Liga,25.0,2001,5,4,310,3.4,1,1,2,1,0,0,0,0,0.58,4,2,50.0,1.16,0.58,0.25,0.50,0,0,10,2,1,7,0,0,0,11,0,,,,,,,,,,,,,,
1110,Douglas Luiz,br BRA,MF,Juventus,it Serie A,28.0,1998,4,4,333,3.7,0,0,0,0,0,0,1,0,0.00,11,3,27.3,2.97,0.81,0.00,0.00,0,0,15,3,1,6,1,0,0,13,0,,,,,,,,,,,,,,
1111,Castello Lukeba,fr FRA,DF,RB Leipzig,de Bundesliga,23.0,2002,2,2,162,1.8,0,0,0,0,0,0,1,0,0.00,1,0,0.0,0.56,0.00,0.00,,0,0,0,0,3,1,1,0,0,2,0,,,,,,,,,,,,,,
1112,Saša Lukić,rs SRB,MF,Ipswich Town,eng Premier League,30.0,1996,4,4,328,3.6,0,1,1,0,0,0,2,0,0.27,1,0,0.0,0.27,0.00,0.00,,0,0,7,3,5,1,2,0,0,8,0,,,,,,,,,,,,,,
1113,Emanuele Lulli,it ITA,MF,Roma,it Serie A,19.0,2007,3,3,233,2.6,0,0,0,0,0,0,0,0,0.00,1,0,0.0,0.39,0.00,0.00,,0,0,9,5,2,3,0,0,0,2,0,,,,,,,,,,,,,,
1114,Iker Luque,es ESP,DF,Racing Sant,es La Liga,21.0,2005,1,0,17,0.2,0,0,0,0,0,0,0,0,0.00,1,0,0.0,5.29,0.00,0.00,,0,0,0,0,0,0,0,0,0,0,0,,,,,,,,,,,,,,
1115,Senne Lynen,be BEL,MF,Werder Bremen,de Bundesliga,27.0,1999,1,1,45,0.5,0,0,0,0,0,0,0,0,0.00,0,0,,0.00,0.00,,,0,0,0,0,1,0,0,0,0,1,0,,,,,,,,,,,,,,
1116,Ian Maatsen,nl NED,DF,Aston Villa,eng Premier League,24.0,2002,4,4,335,3.7,0,0,0,0,0,0,1,0,0.00,5,1,20.0,1.34,0.27,0.00,0.00,0,0,6,2,6,0,1,0,0,5,0,,,,,,,,,,,,,,
1117,Alexis Mac Allister,ar ARG,MF,Liverpool,eng Premier League,27.0,1998,4,2,218,2.4,0,0,0,0,0,0,1,0,0.00,3,1,33.3,1.24,0.41,0.00,0.00,0,0,0,5,2,3,1,0,0,4,0,,,,,,,,,,,,,,
1118,Tommaso Macchioni,it ITA,DF,Sassuolo,it Serie A,20.0,2006,1,1,73,0.8,0,0,0,0,0,0,0,0,0.00,0,0,,0.00,0.00,,,0,0,0,0,0,0,0,0,0,0,0,,,,,,,,,,,,,,
1119,Koki Machida,jp JPN,DF,Hoffenheim,de Bundesliga,29.0,1997,1,0,22,0.2,0,0,0,0,0,0,0,0,0.00,0,0,,0.00,0.00,,,0,0,0,0,1,0,0,0,0,0,0,,,,,,,,,,,,,,
1120,Shuto Machino,jp JPN,FW,Gladbach,de Bundesliga,26.0,1999,1,0,45,0.5,0,0,0,0,0,0,0,0,0.00,1,0,0.0,2.00,0.00,0.00,,0,0,0,0,0,1,0,0,0,0,0,,,,,,,,,,,,,,
1121,Carlos Macià,es ESP,MF,Villarreal,es La Liga,18.0,2008,2,0,47,0.5,0,0,0,0,0,0,0,0,0.00,0,0,,0.00,0.00,,,0,0,0,3,1,0,0,0,0,1,0,,,,,,,,,,,,,,
1122,James Maddison,eng ENG,"FW,MF",Tottenham,eng Premier League,29.0,1996,2,0,37,0.4,0,0,0,0,0,0,0,0,0.00,0,0,,0.00,0.00,,,0,0,2,0,1,2,0,0,0,0,0,,,,,,,,,,,,,,
1123,Noni Madueke,eng ENG,"FW,MF",Arsenal,eng Premier League,24.0,2002,2,0,24,0.3,0,0,0,0,0,0,0,0,0.00,0,0,,0.00,0.00,,,0,0,1,0,0,0,0,0,0,0,0,,,,,,,,,,,,,,
1124,Daizen Maeda,jp JPN,MF,Ipswich Town,eng Premier League,28.0,1997,4,3,244,2.7,0,0,0,0,0,0,0,0,0.00,3,2,66.7,1.11,0.74,0.00,0.00,0,0,3,5,0,0,0,0,0,6,0,,,,,,,,,,,,,,
1125,Pablo Maffeo,es ESP,DF,Valencia,es La Liga,29.0,1997,4,2,158,1.8,0,0,0,0,0,0,1,0,0.00,0,0,,0.00,0.00,,,0,0,6,1,3,2,1,0,0,3,0,,,,,,,,,,,,,,
1126,Louis Mafouta,cf CTA,FW,Le Mans,fr Ligue 1,32.0,1994,4,4,332,3.7,3,1,4,2,1,1,0,0,0.81,10,6,60.0,2.71,1.63,0.30,0.50,1,1,0,1,0,3,0,0,0,5,0,,,,,,,,,,,,,,
1127,Gabriel Magalhães,br BRA,DF,Arsenal,eng Premier League,28.0,1997,4,4,360,4.0,0,0,0,0,0,0,2,0,0.00,5,2,40.0,1.25,0.50,0.00,0.00,0,0,1,0,6,4,2,0,0,4,0,,,,,,,,,,,,,,
1128,Hugo Magnetti,fr FRA,MF,Brest,fr Ligue 1,28.0,1998,3,2,180,2.0,0,1,1,0,0,0,0,0,0.50,3,1,33.3,1.50,0.50,0.00,0.00,0,0,1,4,7,3,0,0,0,3,0,,,,,,,,,,,,,,
1129,Harry Maguire,eng ENG,DF,Manchester Utd,eng Premier League,33.0,1993,4,4,360,4.0,0,0,0,0,0,0,2,0,0.00,5,1,20.0,1.25,0.25,0.00,0.00,0,0,2,1,5,1,2,0,0,7,0,,,,,,,,,,,,,,
1130,Mike Maignan,fr FRA,GK,Milan,it Serie A,31.0,1995,4,4,360,4.0,0,0,0,0,0,0,0,0,0.00,0,0,,0.00,0.00,,,0,0,0,0,0,2,0,0,0,0,0,4,1.00,14,10,71.4,2,2,0,1,25.0,0,0,0,0
1131,Linton Maina,de GER,"MF,FW",Köln,de Bundesliga,27.0,1999,3,2,164,1.8,1,1,2,1,0,0,0,0,1.10,2,1,50.0,1.10,0.55,0.50,1.00,0,0,5,1,0,4,0,0,0,0,0,,,,,,,,,,,,,,
1132,Kobbie Mainoo,eng ENG,MF,Manchester Utd,eng Premier League,21.0,2005,4,3,276,3.1,0,1,1,0,0,0,0,0,0.33,5,0,0.0,1.63,0.00,0.00,,0,0,1,3,5,5,0,0,0,3,0,,,,,,,,,,,,,,
1133,Ainsley Maitland-Niles,eng ENG,DF,Everton,eng Premier League,29.0,1997,2,1,88,1.0,1,0,1,1,0,0,0,0,1.02,2,1,50.0,2.05,1.02,0.50,1.00,0,0,2,1,1,0,0,0,0,0,0,,,,,,,,,,,,,,
1134,Josh Maja,ng NGA,FW,Le Havre,fr Ligue 1,27.0,1998,4,2,187,2.1,0,0,0,0,0,0,0,0,0.00,3,1,33.3,1.44,0.48,0.00,0.00,0,0,0,0,0,2,0,0,0,4,0,,,,,,,,,,,,,,
1135,Jean-Victor Makengo,fr FRA,MF,Lorient,fr Ligue 1,28.0,1998,4,4,342,3.8,1,0,1,1,0,0,0,0,0.26,7,2,28.6,1.84,0.53,0.14,0.50,0,0,2,5,1,13,0,0,0,4,0,,,,,,,,,,,,,,
1136,Jordy Makengo,fr FRA,DF,Freiburg,de Bundesliga,25.0,2001,3,3,270,3.0,0,1,1,0,0,0,0,0,0.33,1,1,100.0,0.33,0.33,0.00,0.00,0,0,4,1,5,8,0,0,0,3,0,,,,,,,,,,,,,,
1137,Christ Makosso,cg CGO,DF,Auxerre,fr Ligue 1,22.0,2004,3,3,214,2.4,0,1,1,0,0,0,0,1,0.42,0,0,,0.00,0.00,,,0,0,3,3,7,1,0,1,0,2,0,,,,,,,,,,,,,,
1138,Andrija Maksimović,rs SRB,FW,RB Leipzig,de Bundesliga,19.0,2007,1,0,7,0.1,0,1,1,0,0,0,0,0,12.86,0,0,,0.00,0.00,,,0,0,1,1,0,0,0,0,0,0,0,,,,,,,,,,,,,,
1139,Said El Mala,de GER,FW,Köln,de Bundesliga,20.0,2006,2,1,81,0.9,1,0,1,1,0,0,0,0,1.11,6,3,50.0,6.67,3.33,0.17,0.33,0,0,2,1,0,1,0,0,0,1,0,,,,,,,,,,,,,,
1140,Daniel Maldini,it ITA,MF,Cagliari,it Serie A,24.0,2001,4,4,306,3.4,2,0,2,1,1,1,0,0,0.29,9,3,33.3,2.65,0.88,0.22,0.67,1,1,2,2,4,7,0,0,0,4,0,,,,,,,,,,,,,,
1141,Youssef Maleh,ma MAR,MF,Lecce,it Serie A,28.0,1998,4,1,184,2.0,0,0,0,0,0,0,0,0,0.00,4,1,25.0,1.96,0.49,0.00,0.00,0,0,7,2,3,2,0,0,0,3,0,,,,,,,,,,,,,,
1142,Donyell Malen,nl NED,FW,Roma,it Serie A,27.0,1999,3,3,195,2.2,5,0,5,5,0,0,1,0,2.31,13,7,53.8,6.00,3.23,0.38,0.71,0,0,1,1,2,3,1,0,0,2,0,,,,,,,,,,,,,,
1143,Lennard Maloney,us USA,"DF,MF",Mainz 05,de Bundesliga,26.0,1999,1,0,3,0.0,0,0,0,0,0,0,0,0,0.00,0,0,,0.00,0.00,,,0,0,0,0,0,0,0,0,0,0,0,,,,,,,,,,,,,,
1144,Jeremiaha Maluze,de GER,DF,Frankfurt,de Bundesliga,21.0,2004,2,2,180,2.0,0,1,1,0,0,0,1,0,0.50,0,0,,0.00,0.00,,,0,0,0,4,6,1,1,0,0,0,0,,,,,,,,,,,,,,
1145,Aitor Mañas,es ESP,FW,Alavés,es La Liga,23.0,2003,4,1,89,1.0,0,0,0,0,0,0,0,0,0.00,0,0,,0.00,0.00,,,0,0,0,0,1,3,0,0,0,3,0,,,,,,,,,,,,,,
1146,Gianluca Mancini,it ITA,DF,Roma,it Serie A,30.0,1996,3,3,241,2.7,0,1,1,0,0,0,0,0,0.37,2,1,50.0,0.75,0.37,0.00,0.00,0,0,0,2,3,3,0,0,0,4,0,,,,,,,,,,,,,,
1147,Christos Mandas,gr GRE,GK,Lazio,it Serie A,24.0,2001,4,4,360,4.0,0,0,0,0,0,0,0,0,0.00,0,0,,0.00,0.00,,,0,0,0,0,0,0,0,0,0,0,0,3,0.75,17,14,82.4,3,1,0,2,50.0,0,0,0,0
1148,Reinildo Mandava,mz MOZ,DF,Sunderland,eng Premier League,32.0,1994,4,4,359,4.0,0,0,0,0,0,0,2,1,0.00,0,0,,0.00,0.00,,,0,0,3,4,9,5,2,1,1,8,0,,,,,,,,,,,,,,
1149,Aïssa Mandi,dz ALG,DF,Levante,es La Liga,34.0,1991,5,5,450,5.0,0,0,0,0,0,0,1,0,0.00,1,0,0.0,0.20,0.00,0.00,,0,0,0,6,7,2,1,0,0,1,0,,,,,,,,,,,,,,
1150,Rolando Mandragora,it ITA,MF,Torino,it Serie A,29.0,1997,1,1,90,1.0,1,0,1,1,0,0,0,0,1.00,3,2,66.7,3.00,2.00,0.33,0.50,0,0,5,0,3,1,0,0,0,2,0,,,,,,,,,,,,,,
1151,Rolando Mandragora,it ITA,MF,Fiorentina,it Serie A,29.0,1997,2,0,37,0.4,0,0,0,0,0,0,0,0,0.00,1,1,100.0,2.43,2.43,0.00,0.00,0,0,0,0,0,1,0,0,0,1,0,,,,,,,,,,,,,,
1152,Xavier Mandza Tsiendi,fr FRA,DF,Nice,fr Ligue 1,17.0,2009,4,4,357,4.0,0,0,0,0,0,0,0,0,0.00,4,1,25.0,1.01,0.25,0.00,0.00,0,0,4,5,9,2,0,0,0,1,0,,,,,,,,,,,,,,
1153,Filippo Mane,it ITA,DF,Dortmund,de Bundesliga,21.0,2005,2,1,48,0.5,0,0,0,0,0,0,0,0,0.00,0,0,,0.00,0.00,,,0,0,0,0,2,1,0,0,0,2,0,,,,,,,,,,,,,,
1154,Orel Mangala,be BEL,MF,Getafe,es La Liga,28.0,1998,5,5,448,5.0,0,0,0,0,0,0,1,0,0.00,3,0,0.0,0.60,0.00,0.00,,0,0,1,2,10,5,1,0,0,7,0,,,,,,,,,,,,,,
1155,Ricardo Mangas,pt POR,"MF,FW",Monza,it Serie A,28.0,1998,4,4,315,3.5,1,2,3,1,0,0,0,0,0.86,2,2,100.0,0.57,0.57,0.50,0.50,0,0,14,3,4,6,0,0,0,3,0,,,,,,,,,,,,,,
1156,Mantilla,es ESP,DF,Racing Sant,es La Liga,26.0,2000,5,5,449,5.0,0,0,0,0,0,0,2,0,0.00,2,0,0.0,0.40,0.00,0.00,,0,0,4,6,5,1,2,0,0,6,0,,,,,,,,,,,,,,
1157,Johan Manzambi,ch SUI,MF,Aston Villa,eng Premier League,20.0,2005,1,0,28,0.3,0,0,0,0,0,0,0,0,0.00,0,0,,0.00,0.00,,,0,0,0,0,0,0,0,0,0,0,0,,,,,,,,,,,,,,
1158,Sekou Mara,fr FRA,FW,Strasbourg,fr Ligue 1,24.0,2002,2,1,76,0.8,0,0,0,0,0,0,1,0,0.00,0,0,,0.00,0.00,,,0,0,0,1,0,1,1,0,0,1,0,,,,,,,,,,,,,,
1159,Alessandro Marcandalli,it ITA,DF,Genoa,it Serie A,23.0,2002,4,4,350,3.9,0,0,0,0,0,0,0,0,0.00,0,0,,0.00,0.00,,,0,0,4,2,0,2,0,0,0,2,0,,,,,,,,,,,,,,
1160,Alex Marchal,es ESP,MF,Real Sociedad,es La Liga,18.0,2007,4,0,104,1.2,0,0,0,0,0,0,0,0,0.00,3,1,33.3,2.60,0.87,0.00,0.00,0,0,3,1,0,0,0,0,0,1,0,,,,,,,,,,,,,,
1161,Vincent Marchetti,fr FRA,"DF,MF",Paris FC,fr Ligue 1,29.0,1997,1,0,8,0.1,1,0,1,1,0,0,0,0,11.25,2,1,50.0,22.50,11.25,0.50,1.00,0,0,0,0,0,0,0,0,0,0,0,,,,,,,,,,,,,,
1162,José María Giménez,uy URU,DF,Dep. A Coruña,es La Liga,31.0,1995,2,2,155,1.7,0,0,0,0,0,0,0,0,0.00,2,0,0.0,1.16,0.00,0.00,,0,0,0,0,3,0,0,0,0,0,0,,,,,,,,,,,,,,
1163,José María Giménez,uy URU,DF,Atlético Madrid,es La Liga,31.0,1995,2,0,37,0.4,0,0,0,0,0,0,1,0,0.00,0,0,,0.00,0.00,,,0,0,0,0,0,0,1,0,0,2,0,,,,,,,,,,,,,,
1164,Mariano,do DOM,FW,Alavés,es La Liga,33.0,1993,5,2,236,2.6,3,3,6,3,0,0,2,0,2.29,9,8,88.9,3.43,3.05,0.33,0.38,0,0,2,0,0,1,2,0,0,4,0,,,,,,,,,,,,,,
1165,Rafa Marín,es ESP,DF,Napoli,it Serie A,24.0,2002,4,4,350,3.9,0,0,0,0,0,0,1,0,0.00,2,0,0.0,0.51,0.00,0.00,,0,0,0,5,3,3,1,0,0,9,0,,,,,,,,,,,,,,
1166,Stefano Marino,de GER,FW,Paderborn 07,de Bundesliga,22.0,2004,3,2,141,1.6,0,0,0,0,0,0,0,0,0.00,4,0,0.0,2.55,0.00,0.00,,0,0,1,0,0,1,0,0,0,1,0,,,,,,,,,,,,,,
1167,João Mário Lopes,pt POR,DF,Fiorentina,it Serie A,26.0,2000,3,2,176,2.0,0,0,0,0,0,0,0,0,0.00,0,0,,0.00,0.00,,,0,0,9,3,2,7,0,0,0,3,0,,,,,,,,,,,,,,
1168,Omar Marmoush,eg EGY,"FW,MF",Tottenham,eng Premier League,27.0,1999,3,3,249,2.8,0,0,0,0,0,0,0,0,0.00,6,1,16.7,2.17,0.36,0.00,0.00,0,0,0,1,0,3,0,0,0,7,0,,,,,,,,,,,,,,
1169,Lucas Maronnier,fr FRA,DF,Troyes,fr Ligue 1,26.0,2000,3,3,213,2.4,1,0,1,1,0,0,0,0,0.42,3,1,33.3,1.27,0.42,0.33,1.00,0,0,11,5,2,3,0,0,0,3,0,,,,,,,,,,,,,,
1170,Marquinhos,br BRA,DF,Paris SG,fr Ligue 1,32.0,1994,4,4,360,4.0,2,0,2,2,0,0,1,0,0.50,2,2,100.0,0.50,0.50,1.00,1.00,0,0,0,2,1,2,1,0,0,4,0,,,,,,,,,,,,,,
1171,Unai Marrero,es ESP,GK,Real Sociedad,es La Liga,24.0,2001,1,1,90,1.0,0,0,0,0,0,0,0,0,0.00,0,0,,0.00,0.00,,,0,0,0,0,0,0,0,0,0,0,0,2,2.00,10,8,80.0,1,0,0,0,0.0,0,0,0,0
1172,Aarón Martín,es ESP,"DF,MF",Racing Sant,es La Liga,29.0,1997,1,0,1,0.0,0,0,0,0,0,0,0,0,0.00,0,0,,0.00,0.00,,,0,0,1,0,0,0,0,0,0,0,0,,,,,,,,,,,,,,
1173,Andrés Martín,es ESP,MF,Racing Sant,es La Liga,27.0,1999,3,3,238,2.6,1,0,1,0,1,2,0,0,0.00,9,3,33.3,3.40,1.13,0.11,0.33,1,2,12,1,4,5,0,0,0,3,0,,,,,,,,,,,,,,
1174,Carlos Martín,es ESP,MF,Atlético Madrid,es La Liga,24.0,2002,1,1,56,0.6,0,0,0,0,0,0,0,0,0.00,2,0,0.0,3.21,0.00,0.00,,0,0,1,0,0,0,0,0,0,4,0,,,,,,,,,,,,,,
1175,Gerard Martín,es ESP,DF,Barcelona,es La Liga,24.0,2002,4,4,315,3.5,0,0,0,0,0,0,1,0,0.00,1,0,0.0,0.29,0.00,0.00,,0,0,0,1,7,2,1,0,0,4,0,,,,,,,,,,,,,,
1176,Iván Martín,es ESP,MF,Racing Sant,es La Liga,27.0,1999,4,3,315,3.5,0,0,0,0,0,0,0,0,0.00,1,0,0.0,0.29,0.00,0.00,,0,0,3,9,0,4,0,0,0,4,0,,,,,,,,,,,,,,
1177,Jon Martin,es ESP,DF,Real Sociedad,es La Liga,20.0,2006,5,4,366,4.1,0,0,0,0,0,0,0,1,0.00,2,1,50.0,0.49,0.25,0.00,0.00,0,0,0,6,1,3,0,1,0,5,0,,,,,,,,,,,,,,
1178,Mario Martín,es ESP,MF,Getafe,es La Liga,22.0,2004,3,3,245,2.7,0,0,0,0,0,0,2,0,0.00,4,1,25.0,1.47,0.37,0.00,0.00,0,0,4,0,2,8,2,0,0,5,0,,,,,,,,,,,,,,
1179,Arnau Martinez,es ESP,DF,Valencia,es La Liga,23.0,2003,3,3,232,2.6,0,0,0,0,0,0,1,0,0.00,1,0,0.0,0.39,0.00,0.00,,0,0,3,2,2,0,1,0,0,1,0,,,,,,,,,,,,,,
1180,Daniel Martinez,es ESP,DF,Atlético Madrid,es La Liga,22.0,2004,1,1,90,1.0,0,0,0,0,0,0,0,0,0.00,1,0,0.0,1.00,0.00,0.00,,0,0,2,1,0,0,0,0,0,0,0,,,,,,,,,,,,,,
1181,Emiliano Martínez,ar ARG,GK,Chelsea,eng Premier League,34.0,1992,3,3,270,3.0,0,0,0,0,0,0,0,0,0.00,0,0,,0.00,0.00,,,0,0,0,0,0,2,0,0,0,0,0,7,2.33,22,15,68.2,1,1,1,0,0.0,0,0,0,0
1182,Joaquín Martínez Gauna,es ESP,MF,Sevilla,es La Liga,23.0,2003,2,2,154,1.7,1,1,2,1,0,0,0,0,1.17,4,1,25.0,2.34,0.58,0.25,1.00,0,0,9,3,2,2,0,0,0,1,0,,,,,,,,,,,,,,
1183,Joaquín Martínez Gauna,es ESP,DF,Strasbourg,fr Ligue 1,23.0,2003,2,2,180,2.0,0,0,0,0,0,0,0,0,0.00,4,0,0.0,2.00,0.00,0.00,,0,0,5,1,5,3,0,0,0,0,0,,,,,,,,,,,,,,
1184,Josep Martinez,es ESP,GK,Inter,it Serie A,28.0,1998,3,3,270,3.0,0,0,0,0,0,0,0,0,0.00,0,0,,0.00,0.00,,,0,0,0,0,0,1,0,0,0,0,0,3,1.00,11,8,72.7,3,0,0,1,33.3,0,0,0,0
1185,Lautaro Martínez,ar ARG,FW,Inter,it Serie A,29.0,1997,3,3,233,2.6,2,0,2,2,0,0,2,0,0.77,16,4,25.0,6.18,1.55,0.13,0.50,0,0,2,2,1,4,2,0,0,4,0,,,,,,,,,,,,,,
1186,Lisandro Martínez,ar ARG,DF,Manchester Utd,eng Premier League,28.0,1998,3,3,270,3.0,0,0,0,0,0,0,0,0,0.00,2,1,50.0,0.67,0.33,0.00,0.00,0,0,0,3,1,0,0,0,0,2,0,,,,,,,,,,,,,,
1187,Pablo Martínez,es ESP,MF,Málaga,es La Liga,28.0,1998,3,2,193,2.1,0,1,1,0,0,0,1,0,0.47,3,1,33.3,1.40,0.47,0.00,0.00,0,0,13,0,5,0,1,0,0,3,0,,,,,,,,,,,,,,
1188,Sergio Martínez,es ESP,MF,Racing Sant,es La Liga,19.0,2007,2,2,113,1.3,1,0,1,1,0,0,0,0,0.80,1,1,100.0,0.80,0.80,1.00,1.00,0,0,0,3,1,1,0,0,0,3,0,,,,,,,,,,,,,,
1189,Toni Martínez,es ESP,FW,Alavés,es La Liga,29.0,1997,4,3,257,2.9,0,0,0,0,0,0,0,0,0.00,8,0,0.0,2.80,0.00,0.00,,0,0,0,3,0,7,0,0,0,2,0,,,,,,,,,,,,,,
1190,Adam Marušić,me MNE,DF,Lazio,it Serie A,33.0,1992,1,1,18,0.2,0,0,0,0,0,0,0,0,0.00,0,0,,0.00,0.00,,,0,0,0,1,0,1,0,0,0,1,0,,,,,,,,,,,,,,
1191,Diego Mascardi,it ITA,GK,Torino,it Serie A,19.0,2006,2,2,180,2.0,0,0,0,0,0,0,0,0,0.00,0,0,,0.00,0.00,,,0,0,0,0,0,0,0,0,0,0,0,4,2.00,11,7,63.6,0,0,2,0,0.0,0,0,0,0
1192,Patrizio Masini,it ITA,MF,Frosinone,it Serie A,25.0,2001,4,3,302,3.4,0,1,1,0,0,0,0,0,0.30,3,0,0.0,0.89,0.00,0.00,,0,0,2,10,7,5,0,0,0,5,0,,,,,,,,,,,,,,
1193,Ephron Mason-Clark,jm JAM,MF,Coventry City,eng Premier League,27.0,1999,3,3,187,2.1,0,0,0,0,0,0,0,0,0.00,3,2,66.7,1.44,0.96,0.00,0.00,0,0,8,0,0,3,0,0,0,7,0,,,,,,,,,,,,,,
1194,Han-Noah Massengo,fr FRA,MF,Augsburg,de Bundesliga,25.0,2001,3,3,264,2.9,0,1,1,0,0,0,0,0,0.34,1,0,0.0,0.34,0.00,0.00,,0,0,7,2,5,1,0,0,0,1,0,,,,,,,,,,,,,,
1195,Franco Mastantuono,ar ARG,"MF,FW",Fiorentina,it Serie A,19.0,2007,4,4,285,3.2,3,0,3,3,0,0,0,0,0.95,18,7,38.9,5.68,2.21,0.17,0.43,0,0,9,1,2,8,0,0,0,2,0,,,,,,,,,,,,,,
1196,Clinton Mata,ao ANG,DF,Lyon,fr Ligue 1,33.0,1992,1,1,90,1.0,0,0,0,0,0,0,0,0,0.00,0,0,,0.00,0.00,,,0,0,0,1,1,3,0,0,0,0,0,,,,,,,,,,,,,,
1197,Igor Matanović,hr CRO,FW,Freiburg,de Bundesliga,23.0,2003,3,3,239,2.7,3,1,4,3,0,0,0,0,1.51,13,7,53.8,4.90,2.64,0.23,0.43,0,0,0,1,0,5,0,0,0,1,0,,,,,,,,,,,,,,
1198,Pape Matar Sarr,sn SEN,MF,Juventus,it Serie A,24.0,2002,1,0,20,0.2,0,0,0,0,0,0,0,0,0.00,0,0,,0.00,0.00,,,0,0,0,0,0,0,0,0,0,0,0,,,,,,,,,,,,,,
1199,Jean-Philippe Mateta,fr FRA,FW,Crystal Palace,eng Premier League,29.0,1997,1,1,62,0.7,0,0,0,0,0,0,0,0,0.00,2,0,0.0,2.90,0.00,0.00,,0,0,0,0,0,0,0,0,0,2,0,,,,,,,,,,,,,,
1200,Nemanja Matić,rs SRB,MF,Sassuolo,it Serie A,38.0,1988,4,4,331,3.7,0,1,1,0,0,0,1,0,0.27,3,0,0.0,0.82,0.00,0.00,,0,0,3,4,5,1,1,0,0,3,0,,,,,,,,,,,,,,
1201,Rudy Matondo,fr FRA,MF,Paris FC,fr Ligue 1,18.0,2008,4,1,129,1.4,0,0,0,0,0,0,1,0,0.00,1,1,100.0,0.70,0.70,0.00,0.00,0,0,0,3,0,0,1,0,0,2,0,,,,,,,,,,,,,,
1202,Chrislain Matsima,fr FRA,DF,Augsburg,de Bundesliga,24.0,2002,3,3,270,3.0,0,0,0,0,0,0,0,0,0.00,1,1,100.0,0.33,0.33,0.00,0.00,0,0,0,1,6,0,0,0,0,0,0,,,,,,,,,,,,,,
1203,Neal Maupay,fr FRA,"FW,MF",Marseille,fr Ligue 1,30.0,1996,3,0,32,0.4,0,0,0,0,0,0,0,0,0.00,1,0,0.0,2.81,0.00,0.00,,0,0,1,0,1,0,0,0,0,0,0,,,,,,,,,,,,,,
1204,Christian Mawissa,fr FRA,DF,Monaco,fr Ligue 1,21.0,2005,1,0,4,0.0,0,0,0,0,0,0,0,0,0.00,0,0,,0.00,0.00,,,0,0,0,0,1,0,0,0,0,0,0,,,,,,,,,,,,,,
1205,Yvan Maye,fr FRA,DF,Monza,it Serie A,20.0,2006,1,0,10,0.1,0,0,0,0,0,0,0,0,0.00,1,0,0.0,9.00,0.00,0.00,,0,0,0,0,0,1,0,0,0,0,0,,,,,,,,,,,,,,
1206,Eliezer Mayenda,es ESP,FW,Rennes,fr Ligue 1,21.0,2005,3,0,36,0.4,0,0,0,0,0,0,0,0,0.00,4,0,0.0,10.00,0.00,0.00,,0,0,1,0,0,3,0,0,0,1,0,,,,,,,,,,,,,,
1207,Borja Mayoral,es ESP,FW,Getafe,es La Liga,29.0,1997,2,0,6,0.1,0,0,0,0,0,0,0,0,0.00,0,0,,0.00,0.00,,,0,0,1,0,0,1,0,0,0,0,0,,,,,,,,,,,,,,
1208,Senny Mayulu,fr FRA,MF,Paris SG,fr Ligue 1,20.0,2006,1,0,19,0.2,0,0,0,0,0,0,0,0,0.00,0,0,,0.00,0.00,,,0,0,1,0,0,0,0,0,0,1,0,,,,,,,,,,,,,,
1209,Ibrahim Maza,dz ALG,MF,Leverkusen,de Bundesliga,20.0,2005,3,3,270,3.0,1,1,2,1,0,0,2,0,0.67,13,2,15.4,4.33,0.67,0.08,0.50,0,0,13,1,3,3,2,0,0,4,0,,,,,,,,,,,,,,
1210,Noussair Mazraoui,ma MAR,DF,Manchester Utd,eng Premier League,28.0,1997,3,1,98,1.1,0,0,0,0,0,0,0,0,0.00,1,0,0.0,0.92,0.00,0.00,,0,0,5,1,0,0,0,0,0,1,0,,,,,,,,,,,,,,
1211,Noah Mbamba,be BEL,MF,Lorient,fr Ligue 1,21.0,2005,3,2,141,1.6,1,0,1,1,0,0,0,0,0.64,1,1,100.0,0.64,0.64,1.00,1.00,0,0,0,1,3,5,0,0,0,3,0,,,,,,,,,,,,,,
1212,Samuel Mbangula,be BEL,MF,Bologna,it Serie A,22.0,2004,2,0,14,0.2,0,0,0,0,0,0,0,0,0.00,1,1,100.0,6.43,6.43,0.00,0.00,0,0,2,0,0,0,0,0,0,0,0,,,,,,,,,,,,,,
1213,Ethan Mbappé,fr FRA,MF,Lille,fr Ligue 1,19.0,2006,4,3,206,2.3,1,0,1,1,0,0,0,0,0.44,8,6,75.0,3.50,2.62,0.13,0.17,0,0,3,0,1,4,0,0,0,2,0,,,,,,,,,,,,,,
1214,Kylian Mbappé,fr FRA,FW,Real Madrid,es La Liga,27.0,1998,5,5,450,5.0,6,1,7,5,1,2,0,0,1.20,36,21,58.3,7.20,4.20,0.17,0.29,1,2,4,1,1,3,0,0,0,6,0,,,,,,,,,,,,,,
1215,Ibrahim Mbaye,sn SEN,FW,Aston Villa,eng Premier League,18.0,2008,1,0,28,0.3,0,0,0,0,0,0,0,0,0.00,1,1,100.0,3.21,3.21,0.00,0.00,0,0,1,0,0,0,0,0,0,1,0,,,,,,,,,,,,,,
1216,Bryan Mbeumo,cm CMR,MF,Manchester Utd,eng Premier League,27.0,1999,4,4,360,4.0,2,0,2,2,0,0,1,0,0.50,14,5,35.7,3.50,1.25,0.14,0.40,0,0,19,3,3,4,1,0,0,3,0,,,,,,,,,,,,,,
1217,Pathé Mboup,sn SEN,MF,Brest,fr Ligue 1,22.0,2003,4,4,316,3.5,0,0,0,0,0,0,1,0,0.00,14,7,50.0,3.99,1.99,0.00,0.00,0,0,4,4,4,4,1,0,0,17,0,,,,,,,,,,,,,,
1218,Moustapha Mbow,sn SEN,DF,Paris FC,fr Ligue 1,26.0,2000,2,1,91,1.0,0,0,0,0,0,0,0,0,0.00,0,0,,0.00,0.00,,,0,0,0,1,0,0,0,0,0,1,0,,,,,,,,,,,,,,
1219,Ryan Mcaidoo,eng ENG,FW,Manchester City,eng Premier League,18.0,2008,2,0,13,0.1,0,0,0,0,0,0,0,0,0.00,1,0,0.0,6.92,0.00,0.00,,0,0,1,0,0,1,0,0,0,0,0,,,,,,,,,,,,,,
1220,James Mcatee,eng ENG,MF,Nottingham,eng Premier League,23.0,2002,4,4,333,3.7,0,0,0,0,0,0,2,0,0.00,5,2,40.0,1.35,0.54,0.00,0.00,0,0,11,8,1,9,2,0,0,7,0,,,,,,,,,,,,,,
1221,Kasey McAteer,ie IRL,MF,Ipswich Town,eng Premier League,24.0,2001,3,0,45,0.5,0,0,0,0,0,0,0,0,0.00,1,1,100.0,2.00,2.00,0.00,0.00,0,0,0,1,0,0,0,0,0,1,0,,,,,,,,,,,,,,
1222,Oliver McBurnie,sct SCO,FW,Hull City,eng Premier League,30.0,1996,4,4,351,3.9,0,1,1,0,0,0,2,0,0.26,6,3,50.0,1.54,0.77,0.00,0.00,0,0,0,1,0,9,2,0,0,5,0,,,,,,,,,,,,,,
1223,John McGinn,sct SCO,MF,Aston Villa,eng Premier League,31.0,1994,4,4,351,3.9,0,1,1,0,0,0,2,0,0.26,4,0,0.0,1.03,0.00,0.00,,0,0,17,2,4,13,2,0,0,5,0,,,,,,,,,,,,,,
1224,Weston McKennie,us USA,MF,Juventus,it Serie A,28.0,1998,1,1,90,1.0,0,0,0,0,0,0,0,0,0.00,2,0,0.0,2.00,0.00,0.00,,0,0,0,0,0,1,0,0,0,0,0,,,,,,,,,,,,,,
1225,Mark McKenzie,us USA,DF,Toulouse,fr Ligue 1,27.0,1999,4,4,360,4.0,0,0,0,0,0,0,0,0,0.00,0,0,,0.00,0.00,,,0,0,0,2,5,3,0,0,0,5,0,,,,,,,,,,,,,,
1226,Paddy McNair,nir NIR,"DF,MF",Hull City,eng Premier League,31.0,1995,1,0,27,0.3,0,0,0,0,0,0,0,0,0.00,0,0,,0.00,0.00,,,0,0,0,0,0,0,0,0,0,0,0,,,,,,,,,,,,,,
1227,Dwight McNeil,eng ENG,MF,Crystal Palace,eng Premier League,26.0,1999,2,1,85,0.9,0,0,0,0,0,0,0,0,0.00,1,0,0.0,1.06,0.00,0.00,,0,0,0,0,1,0,0,0,0,1,0,,,,,,,,,,,,,,
1228,Scott McTominay,sct SCO,MF,Napoli,it Serie A,29.0,1996,2,2,145,1.6,0,0,0,0,0,0,0,0,0.00,2,1,50.0,1.24,0.62,0.00,0.00,0,0,1,0,2,0,0,0,0,3,0,,,,,,,,,,,,,,
1229,Facundo Medina,ar ARG,DF,Leverkusen,de Bundesliga,27.0,1999,3,2,190,2.1,1,0,1,1,0,0,1,0,0.47,1,1,100.0,0.47,0.47,1.00,1.00,0,0,0,0,2,2,1,0,0,4,0,,,,,,,,,,,,,,
1230,Franz-Ethan Meichtry,ch SUI,MF,Genoa,it Serie A,21.0,2005,4,0,51,0.6,0,0,0,0,0,0,0,0,0.00,2,0,0.0,3.53,0.00,0.00,,0,0,1,0,0,1,0,0,0,1,0,,,,,,,,,,,,,,
1231,David Mella,es ESP,MF,Dep. A Coruña,es La Liga,21.0,2005,2,0,49,0.5,0,0,0,0,0,0,0,0,0.00,0,0,,0.00,0.00,,,0,0,3,1,1,1,0,0,0,1,0,,,,,,,,,,,,,,
1232,Nuno Mendes,pt POR,DF,Paris SG,fr Ligue 1,24.0,2002,1,1,90,1.0,0,0,0,0,0,0,0,0,0.00,1,0,0.0,1.00,0.00,0.00,,0,0,2,2,0,2,0,0,0,0,0,,,,,,,,,,,,,,
1233,Rodrigo Mendoza,es ESP,MF,Atlético Madrid,es La Liga,21.0,2005,3,2,107,1.2,0,0,0,0,0,0,0,0,0.00,5,3,60.0,4.21,2.52,0.00,0.00,0,0,1,2,0,1,0,0,0,1,0,,,,,,,,,,,,,,
1234,Antoine Mendy,sn SEN,DF,Nice,fr Ligue 1,22.0,2004,3,1,126,1.4,0,0,0,0,0,0,0,0,0.00,3,0,0.0,2.14,0.00,0.00,,0,0,0,4,2,2,0,0,0,1,0,,,,,,,,,,,,,,
1235,Nobel Mendy,sn SEN,DF,Hull City,eng Premier League,22.0,2004,4,4,249,2.8,1,0,1,1,0,0,0,0,0.36,4,3,75.0,1.45,1.08,0.25,0.33,0,0,1,3,3,1,0,0,0,3,0,,,,,,,,,,,,,,
1236,Paul Mendy,sn SEN,FW,Cagliari,it Serie A,19.0,2007,4,4,272,3.0,1,0,1,1,0,0,0,0,0.33,7,3,42.9,2.32,0.99,0.14,0.33,0,0,1,1,0,4,0,0,0,6,0,,,,,,,,,,,,,,
1237,Gideon Mensah,gh GHA,DF,Köln,de Bundesliga,28.0,1998,3,3,270,3.0,0,0,0,0,0,0,1,0,0.00,4,0,0.0,1.33,0.00,0.00,,0,0,11,2,4,2,1,0,0,5,0,,,,,,,,,,,,,,
1238,Khalis Merah,fr FRA,MF,Lyon,fr Ligue 1,19.0,2007,1,0,24,0.3,0,0,0,0,0,0,0,0,0.00,0,0,,0.00,0.00,,,0,0,0,2,0,0,0,0,0,0,0,,,,,,,,,,,,,,
1239,Alex Meret,it ITA,GK,Napoli,it Serie A,29.0,1997,3,3,270,3.0,0,0,0,0,0,0,0,0,0.00,0,0,,0.00,0.00,,,0,0,0,0,0,1,0,0,0,0,0,5,1.67,16,11,68.8,1,0,2,1,33.3,0,0,0,0
1240,Izan Merino,es ESP,MF,Málaga,es La Liga,20.0,2006,5,4,358,4.0,0,0,0,0,0,0,0,0,0.00,1,0,0.0,0.25,0.00,0.00,,0,0,0,3,3,1,0,0,0,5,0,,,,,,,,,,,,,,
1241,Mikel Merino,es ESP,MF,Arsenal,eng Premier League,30.0,1996,4,0,54,0.6,0,0,0,0,0,0,1,0,0.00,2,1,50.0,3.33,1.67,0.00,0.00,0,0,0,0,0,2,1,0,0,3,0,,,,,,,,,,,,,,
1242,Quentin Merlin,fr FRA,DF,Rennes,fr Ligue 1,24.0,2002,3,2,157,1.7,0,0,0,0,0,0,0,0,0.00,0,0,,0.00,0.00,,,0,0,7,0,4,1,0,0,0,5,0,,,,,,,,,,,,,,
1243,Rafik Messali,fr FRA,DF,Toulouse,fr Ligue 1,23.0,2003,4,2,175,1.9,0,0,0,0,0,0,0,0,0.00,0,0,,0.00,0.00,,,0,0,6,3,4,4,0,0,0,5,0,,,,,,,,,,,,,,
1244,Junior Messias,br BRA,"FW,MF",Genoa,it Serie A,35.0,1991,4,0,128,1.4,0,0,0,0,0,0,0,0,0.00,6,0,0.0,4.22,0.00,0.00,,0,0,4,5,1,4,0,0,0,0,0,,,,,,,,,,,,,,
1245,Thomas Meunier,be BEL,"MF,DF",Sunderland,eng Premier League,35.0,1991,4,4,318,3.5,0,0,0,0,0,0,0,0,0.00,7,4,57.1,1.98,1.13,0.00,0.00,0,0,8,1,4,0,0,0,0,2,0,,,,,,,,,,,,,,
1246,Nicholas Mickelson,th THA,DF,Elversberg,de Bundesliga,27.0,1999,1,0,16,0.2,0,0,0,0,0,0,0,0,0.00,0,0,,0.00,0.00,,,0,0,0,0,1,0,0,0,0,0,0,,,,,,,,,,,,,,
1247,Georges Mikautadze,ge GEO,FW,Villarreal,es La Liga,25.0,2000,4,3,278,3.1,1,1,2,0,1,1,0,0,0.32,12,4,33.3,3.88,1.29,0.08,0.25,1,1,3,0,0,4,0,0,0,2,0,,,,,,,,,,,,,,
1248,Nikola Milenković,rs SRB,DF,Nottingham,eng Premier League,28.0,1997,3,3,270,3.0,0,0,0,0,0,0,1,0,0.00,2,0,0.0,0.67,0.00,0.00,,0,0,0,2,3,2,1,0,0,5,0,,,,,,,,,,,,,,
1249,Lewis Miley,eng ENG,MF,Newcastle,eng Premier League,20.0,2006,3,3,227,2.5,0,0,0,0,0,0,1,0,0.00,1,0,0.0,0.40,0.00,0.00,,0,0,0,1,2,2,1,0,0,2,0,,,,,,,,,,,,,,
1250,Vanja Milinković-Savić,rs SRB,GK,Napoli,it Serie A,29.0,1997,1,1,90,1.0,0,0,0,0,0,0,0,0,0.00,0,0,,0.00,0.00,,,0,0,0,0,0,0,0,0,0,0,0,0,0.00,2,2,100.0,1,0,0,1,100.0,0,0,0,0
1251,Luis Milla,es ESP,MF,Como,it Serie A,31.0,1994,3,2,191,2.1,0,0,0,0,0,0,0,0,0.00,0,0,,0.00,0.00,,,0,0,17,2,8,3,0,0,0,1,0,,,,,,,,,,,,,,
1252,Pere Milla,es ESP,"FW,MF",Espanyol,es La Liga,33.0,1992,4,0,44,0.5,0,0,0,0,0,0,1,0,0.00,1,0,0.0,2.05,0.00,0.00,,0,0,1,1,0,1,1,0,0,1,0,,,,,,,,,,,,,,
1253,Liam Millar,ca CAN,"FW,MF",Hull City,eng Premier League,26.0,1999,2,0,52,0.6,1,0,1,1,0,0,1,0,1.73,3,1,33.3,5.19,1.73,0.33,1.00,0,0,0,1,0,1,1,0,0,1,0,,,,,,,,,,,,,,
1254,Antoine Mille,fr FRA,MF,Troyes,fr Ligue 1,29.0,1997,4,3,262,2.9,1,1,2,1,0,0,0,0,0.69,6,1,16.7,2.06,0.34,0.17,1.00,0,0,8,5,2,2,0,0,0,8,0,,,,,,,,,,,,,,
1255,Lennon Miller,sct SCO,MF,Udinese,it Serie A,20.0,2006,3,0,127,1.4,0,0,0,0,0,0,1,0,0.00,1,1,100.0,0.71,0.71,0.00,0.00,0,0,1,1,6,2,1,0,0,8,0,,,,,,,,,,,,,,
1256,Kim Min-jae,kr KOR,DF,Bayern Munich,de Bundesliga,29.0,1996,2,2,173,1.9,0,0,0,0,0,0,1,0,0.00,0,0,,0.00,0.00,,,0,0,1,2,3,0,1,0,0,2,0,,,,,,,,,,,,,,
1257,Tyrone Mings,eng ENG,DF,Aston Villa,eng Premier League,33.0,1993,3,1,173,1.9,0,0,0,0,0,0,1,0,0.00,4,0,0.0,2.08,0.00,0.00,,0,0,0,2,0,2,1,0,0,1,0,,,,,,,,,,,,,,
1258,Óscar Mingueza,es ESP,"DF,MF",Crystal Palace,eng Premier League,27.0,1999,2,0,18,0.2,0,0,0,0,0,0,0,0,0.00,0,0,,0.00,0.00,,,0,0,0,2,0,0,0,0,0,1,0,,,,,,,,,,,,,,
1259,Juan Miranda,es ESP,DF,Bologna,it Serie A,26.0,2000,3,2,225,2.5,0,1,1,0,0,0,0,0,0.40,0,0,,0.00,0.00,,,0,0,15,3,2,1,0,0,0,1,0,,,,,,,,,,,,,,
1260,Jeyland Mitchell,cr CRC,DF,Strasbourg,fr Ligue 1,21.0,2004,3,3,270,3.0,0,0,0,0,0,0,1,0,0.00,1,0,0.0,0.33,0.00,0.00,,0,0,0,3,5,0,1,0,0,2,0,,,,,,,,,,,,,,
1261,Tyrick Mitchell,eng ENG,MF,Crystal Palace,eng Premier League,27.0,1999,4,4,329,3.7,2,0,2,2,0,0,0,0,0.55,5,2,40.0,1.37,0.55,0.40,1.00,0,0,10,3,2,0,0,0,0,2,0,,,,,,,,,,,,,,
1262,Maximilian Mittelstädt,de GER,"MF,DF",Stuttgart,de Bundesliga,29.0,1997,3,3,257,2.9,1,1,2,1,0,0,1,0,0.70,3,1,33.3,1.05,0.35,0.33,1.00,0,0,29,5,5,1,1,0,0,2,0,,,,,,,,,,,,,,
1263,Kaito Mizuta,jp JPN,MF,Le Havre,fr Ligue 1,26.0,2000,3,2,151,1.7,0,0,0,0,0,0,0,0,0.00,3,0,0.0,1.79,0.00,0.00,,0,0,15,3,0,2,0,0,0,4,0,,,,,,,,,,,,,,
1264,Tadjidine Mmadi,fr FRA,FW,Marseille,fr Ligue 1,19.0,2007,2,0,22,0.2,0,0,0,0,0,0,0,0,0.00,1,0,0.0,4.09,0.00,0.00,,0,0,3,1,1,1,0,0,0,1,0,,,,,,,,,,,,,,
1265,Luka Modrić,hr CRO,MF,Milan,it Serie A,41.0,1985,4,3,234,2.6,0,0,0,0,0,0,0,0,0.00,0,0,,0.00,0.00,,,0,0,10,1,4,3,0,0,0,0,0,,,,,,,,,,,,,,
1266,Max Moerstedt,de GER,FW,Hoffenheim,de Bundesliga,20.0,2006,2,0,45,0.5,0,0,0,0,0,1,1,0,0.00,3,2,66.7,6.00,4.00,0.00,0.00,0,1,0,1,0,1,1,0,0,0,0,,,,,,,,,,,,,,
1267,Terem Moffi,ng NGA,FW,Hamburger SV,de Bundesliga,27.0,1999,3,1,132,1.5,0,0,0,0,0,0,0,0,0.00,3,2,66.7,2.05,1.36,0.00,0.00,0,0,1,1,1,0,0,0,0,1,0,,,,,,,,,,,,,,
1268,Niklas Mohr,de GER,DF,Paderborn 07,de Bundesliga,22.0,2004,1,0,2,0.0,0,0,0,0,0,0,0,0,0.00,0,0,,0.00,0.00,,,0,0,0,0,0,0,0,0,0,1,0,,,,,,,,,,,,,,
1269,Wael Mohya,de GER,MF,Gladbach,de Bundesliga,17.0,2008,3,2,155,1.7,0,0,0,0,0,0,0,0,0.00,3,1,33.3,1.74,0.58,0.00,0.00,0,0,1,1,1,1,0,0,0,3,0,,,,,,,,,,,,,,
1270,Johan Mojica,co COL,"DF,MF",Getafe,es La Liga,34.0,1992,4,4,360,4.0,0,0,0,0,0,0,2,0,0.00,2,0,0.0,0.50,0.00,0.00,,0,0,32,3,1,10,2,0,0,3,0,,,,,,,,,,,,,,
1271,David Mokwa,fr FRA,FW,Elversberg,de Bundesliga,22.0,2004,3,3,233,2.6,2,0,2,2,0,0,0,0,0.77,4,2,50.0,1.55,0.77,0.50,1.00,0,0,0,0,1,2,0,0,0,2,0,,,,,,,,,,,,,,
1272,Alberto Moleiro,es ESP,MF,Villarreal,es La Liga,22.0,2003,4,3,203,2.3,0,1,1,0,0,0,0,0,0.44,2,2,100.0,0.89,0.89,0.00,0.00,0,0,9,3,0,2,0,0,0,2,0,,,,,,,,,,,,,,
1273,Nahuel Molina,ar ARG,"DF,MF",Roma,it Serie A,28.0,1998,2,0,68,0.8,0,0,0,0,0,0,0,0,0.00,0,0,,0.00,0.00,,,0,0,7,2,0,0,0,0,0,0,0,,,,,,,,,,,,,,
1274,Jon Moncayola,es ESP,MF,Osasuna,es La Liga,28.0,1998,5,5,405,4.5,0,0,0,0,0,0,1,0,0.00,2,1,50.0,0.44,0.22,0.00,0.00,0,0,9,7,5,0,1,0,0,4,0,,,,,,,,,,,,,,
1275,Adrien Monfray,fr FRA,DF,Troyes,fr Ligue 1,35.0,1990,4,4,360,4.0,0,0,0,0,0,0,0,0,0.00,6,1,16.7,1.50,0.25,0.00,0.00,0,0,1,10,5,3,0,0,0,0,0,,,,,,,,,,,,,,
1276,Joel Monteiro,ch SUI,"MF,FW",Lecce,it Serie A,27.0,1999,2,2,138,1.5,0,0,0,0,0,0,0,0,0.00,1,0,0.0,0.65,0.00,0.00,,0,0,0,4,1,0,0,0,0,4,0,,,,,,,,,,,,,,
1277,Ilario Monterisi,it ITA,DF,Frosinone,it Serie A,24.0,2001,4,2,213,2.4,0,0,0,0,0,0,0,0,0.00,4,1,25.0,1.69,0.42,0.00,0.00,0,0,0,4,3,1,0,0,0,5,0,,,,,,,,,,,,,,
1278,Mikey Moore,eng ENG,MF,Tottenham,eng Premier League,19.0,2007,2,1,90,1.0,0,0,0,0,0,0,0,0,0.00,4,3,75.0,4.00,3.00,0.00,0.00,0,0,2,0,0,1,0,0,0,0,0,,,,,,,,,,,,,,
1279,Mikey Moore,eng ENG,MF,Köln,de Bundesliga,19.0,2007,2,1,118,1.3,0,0,0,0,0,0,0,0,0.00,5,3,60.0,3.81,2.29,0.00,0.00,0,0,1,0,0,1,0,0,0,0,0,,,,,,,,,,,,,,
1280,Rodrigo Mora,pt POR,MF,Roma,it Serie A,19.0,2007,3,2,137,1.5,1,0,1,1,0,0,0,0,0.66,9,3,33.3,5.91,1.97,0.11,0.33,0,0,4,2,0,1,0,0,0,0,0,,,,,,,,,,,,,,
1281,Djelan Morana,fr FRA,FW,Nice,fr Ligue 1,18.0,2008,1,0,9,0.1,0,0,0,0,0,0,0,0,0.00,0,0,,0.00,0.00,,,0,0,0,0,0,0,0,0,0,0,0,,,,,,,,,,,,,,
1282,Javi Morcillo,es ESP,MF,Elche,es La Liga,20.0,2006,4,2,219,2.4,0,0,0,0,0,0,0,0,0.00,0,0,,0.00,0.00,,,0,0,0,6,4,0,0,0,0,3,0,,,,,,,,,,,,,,
1283,Afonso Moreira,pt POR,MF,Leverkusen,de Bundesliga,21.0,2005,3,3,248,2.8,0,0,0,0,0,0,0,0,0.00,7,3,42.9,2.54,1.09,0.00,0.00,0,0,8,1,0,7,0,0,0,5,0,,,,,,,,,,,,,,
1284,Diego Moreira,be BEL,MF,Milan,it Serie A,22.0,2004,2,1,105,1.2,2,0,2,2,0,0,0,0,1.71,4,2,50.0,3.43,1.71,0.50,1.00,0,0,7,1,1,1,0,0,0,1,0,,,,,,,,,,,,,,
1285,Gerard Moreno,es ESP,FW,Villarreal,es La Liga,34.0,1992,4,2,211,2.3,1,0,1,0,1,1,0,0,0.00,5,2,40.0,2.13,0.85,0.20,0.50,1,1,4,1,0,1,0,0,0,3,0,,,,,,,,,,,,,,
1286,Matias Moreno,ar ARG,DF,Venezia,it Serie A,22.0,2003,2,1,84,0.9,0,0,0,0,0,0,1,0,0.00,1,0,0.0,1.07,0.00,0.00,,0,0,0,0,1,0,1,0,0,1,0,,,,,,,,,,,,,,
1287,Tete Morente,es ESP,MF,Elche,es La Liga,29.0,1996,5,3,304,3.4,0,2,2,0,0,0,1,0,0.59,2,0,0.0,0.59,0.00,0.00,,0,0,19,1,4,4,1,0,0,7,0,,,,,,,,,,,,,,
1288,Ilaix Moriba,gn GUI,MF,Celta Vigo,es La Liga,23.0,2003,6,5,402,4.5,0,0,0,0,0,0,0,0,0.00,4,0,0.0,0.90,0.00,0.00,,0,0,1,4,2,5,0,0,0,2,0,,,,,,,,,,,,,,
1289,Hidemasa Morita,jp JPN,MF,Hull City,eng Premier League,31.0,1995,1,1,45,0.5,0,0,0,0,0,0,0,0,0.00,0,0,,0.00,0.00,,,0,0,1,0,0,0,0,0,0,0,0,,,,,,,,,,,,,,
1290,Nikola Moro,hr CRO,MF,Bologna,it Serie A,28.0,1998,3,0,81,0.9,0,0,0,0,0,0,0,0,0.00,0,0,,0.00,0.00,,,0,0,4,1,0,2,0,0,0,1,0,,,,,,,,,,,,,,
1291,Raúl Moro,es ESP,MF,Osasuna,es La Liga,23.0,2002,3,0,81,0.9,0,0,0,0,0,0,0,0,0.00,3,1,33.3,3.33,1.11,0.00,0.00,0,0,7,0,0,1,0,0,0,0,0,,,,,,,,,,,,,,
1292,Tyler Morton,eng ENG,MF,Lyon,fr Ligue 1,23.0,2002,4,3,287,3.2,0,0,0,0,0,0,1,0,0.00,2,0,0.0,0.63,0.00,0.00,,0,0,9,0,2,0,1,0,0,5,0,,,,,,,,,,,,,,
1293,Gabriel Moscardo,br BRA,MF,Espanyol,es La Liga,20.0,2005,3,1,128,1.4,0,0,0,0,0,0,1,0,0.00,1,1,100.0,0.70,0.70,0.00,0.00,0,0,0,3,1,1,1,0,0,2,0,,,,,,,,,,,,,,
1294,Daren Mosengo,fr FRA,MF,Le Havre,fr Ligue 1,20.0,2006,1,0,6,0.1,0,0,0,0,0,0,0,0,0.00,0,0,,0.00,0.00,,,0,0,0,0,0,2,0,0,0,0,0,,,,,,,,,,,,,,
1295,Cristhian Mosquera,es ESP,DF,Arsenal,eng Premier League,22.0,2004,2,2,168,1.9,0,0,0,0,0,0,0,0,0.00,0,0,,0.00,0.00,,,0,0,0,0,2,0,0,0,0,1,0,,,,,,,,,,,,,,
1296,Dany Mota,pt POR,FW,Monza,it Serie A,28.0,1998,2,1,68,0.8,0,0,0,0,0,0,0,0,0.00,4,1,25.0,5.29,1.32,0.00,0.00,0,0,1,1,0,1,0,0,0,1,0,,,,,,,,,,,,,,
1297,Samir El Mourabet,ma MAR,MF,Strasbourg,fr Ligue 1,20.0,2005,2,1,68,0.8,0,0,0,0,0,0,0,1,0.00,0,0,,0.00,0.00,,,0,0,3,0,1,0,0,1,0,2,0,,,,,,,,,,,,,,
1298,Santiago Mouriño,uy URU,DF,Villarreal,es La Liga,24.0,2002,3,3,238,2.6,0,0,0,0,0,0,2,0,0.00,2,1,50.0,0.76,0.38,0.00,0.00,0,0,2,8,1,3,2,0,0,6,0,,,,,,,,,,,,,,
1299,Mathis Mout,it ITA,MF,Monza,it Serie A,19.0,2007,4,2,139,1.5,0,1,1,0,0,0,0,0,0.65,2,0,0.0,1.29,0.00,0.00,,0,0,2,3,3,2,0,0,0,0,0,,,,,,,,,,,,,,
1300,Louis Mouton,fr FRA,MF,Angers,fr Ligue 1,24.0,2002,1,0,3,0.0,0,0,0,0,0,0,0,0,0.00,0,0,,0.00,0.00,,,0,0,0,0,0,0,0,0,0,0,0,,,,,,,,,,,,,,
1301,Lionel Mpasi,cd COD,GK,Le Havre,fr Ligue 1,32.0,1994,3,3,269,3.0,0,0,0,0,0,0,1,0,0.00,0,0,,0.00,0.00,,,0,0,0,0,0,0,1,0,0,1,0,4,1.34,23,19,82.6,0,1,2,0,0.0,1,1,0,0
1302,Mykhailo Mudryk,ua UKR,MF,Tottenham,eng Premier League,25.0,2001,1,0,17,0.2,0,0,0,0,0,0,0,0,0.00,0,0,,0.00,0.00,,,0,0,1,0,0,1,0,0,0,1,0,,,,,,,,,,,,,,
1303,Tarik Muharemovic,ba BIH,DF,Leeds United,eng Premier League,23.0,2003,3,3,270,3.0,0,0,0,0,0,0,0,0,0.00,1,1,100.0,0.33,0.33,0.00,0.00,0,0,1,1,6,3,0,0,0,1,0,,,,,,,,,,,,,,
1304,Ngal'Ayel Mukau,cd COD,MF,Lille,fr Ligue 1,21.0,2004,4,2,238,2.6,0,0,0,0,0,0,0,0,0.00,1,1,100.0,0.38,0.38,0.00,0.00,0,0,0,3,3,0,0,0,0,3,0,,,,,,,,,,,,,,
1305,Nordi Mukiele,fr FRA,DF,Sunderland,eng Premier League,28.0,1997,3,3,270,3.0,0,0,0,0,0,0,1,0,0.00,4,1,25.0,1.33,0.33,0.00,0.00,0,0,4,6,2,2,1,0,0,4,0,,,,,,,,,,,,,,
1306,Romaine Mundle,eng ENG,MF,Sunderland,eng Premier League,23.0,2003,1,0,1,0.0,0,0,0,0,0,0,0,0,0.00,1,1,100.0,90.00,90.00,0.00,0.00,0,0,0,0,0,0,0,0,0,0,0,,,,,,,,,,,,,,
1307,Rodrigo Muniz,br BRA,FW,Fulham,eng Premier League,25.0,2001,3,0,31,0.3,0,0,0,0,0,0,0,0,0.00,3,2,66.7,8.71,5.81,0.00,0.00,0,0,0,0,0,1,0,0,0,0,0,,,,,,,,,,,,,,
1308,Aihen Muñoz,es ESP,DF,Real Sociedad,es La Liga,29.0,1997,1,0,19,0.2,0,0,0,0,0,0,0,0,0.00,0,0,,0.00,0.00,,,0,0,2,1,0,0,0,0,0,0,0,,,,,,,,,,,,,,
1309,Daniel Muñoz,co COL,MF,Crystal Palace,eng Premier League,30.0,1996,1,1,54,0.6,0,0,0,0,0,0,0,0,0.00,2,1,50.0,3.33,1.67,0.00,0.00,0,0,0,1,1,0,0,0,0,1,0,,,,,,,,,,,,,,
1310,Daniel Muñoz,co COL,MF,Nottingham,eng Premier League,30.0,1996,2,1,122,1.4,0,0,0,0,0,0,0,0,0.00,2,1,50.0,1.48,0.74,0.00,0.00,0,0,6,4,0,1,0,0,0,1,0,,,,,,,,,,,,,,
1311,Iker Muñoz,es ESP,MF,Osasuna,es La Liga,23.0,2002,5,4,385,4.3,0,0,0,0,0,0,1,0,0.00,2,1,50.0,0.47,0.23,0.00,0.00,0,0,3,1,6,7,1,0,0,8,0,,,,,,,,,,,,,,
1312,Joaquín Muñoz,es ESP,MF,Málaga,es La Liga,27.0,1999,5,4,290,3.2,0,0,0,0,0,0,0,0,0.00,3,0,0.0,0.93,0.00,0.00,,0,0,4,2,1,10,0,0,0,4,0,,,,,,,,,,,,,,
1313,Víctor Muñoz,es ESP,MF,Liverpool,eng Premier League,23.0,2003,4,3,240,2.7,1,0,1,1,0,0,1,0,0.37,7,2,28.6,2.62,0.75,0.14,0.50,0,0,8,0,3,7,1,0,0,5,0,,,,,,,,,,,,,,
1314,Arijanet Muric,xk KVX,GK,Sassuolo,it Serie A,27.0,1998,4,4,360,4.0,0,0,0,0,0,0,0,0,0.00,0,0,,0.00,0.00,,,0,0,0,0,0,2,0,0,0,0,0,7,1.75,24,17,70.8,2,1,1,0,0.0,0,0,0,0
1315,Murillo,br BRA,DF,Nottingham,eng Premier League,24.0,2002,4,4,358,4.0,0,1,1,0,0,0,1,0,0.25,3,0,0.0,0.75,0.00,0.00,,0,0,0,6,4,1,1,0,0,9,0,,,,,,,,,,,,,,
1316,Jacob Murphy,eng ENG,"DF,FW",Newcastle,eng Premier League,31.0,1995,3,0,38,0.4,0,0,0,0,0,0,1,0,0.00,0,0,,0.00,0.00,,,0,0,2,0,0,2,1,0,0,1,0,,,,,,,,,,,,,,
1317,Salim Musah,de GER,FW,Werder Bremen,de Bundesliga,20.0,2006,2,0,38,0.4,0,0,0,0,0,0,0,0,0.00,0,0,,0.00,0.00,,,0,0,0,0,0,0,0,0,0,0,0,,,,,,,,,,,,,,
1318,Yunus Musah,us USA,MF,Milan,it Serie A,23.0,2002,4,3,315,3.5,0,0,0,0,0,0,0,0,0.00,1,0,0.0,0.29,0.00,0.00,,0,0,1,2,3,6,0,0,0,1,0,,,,,,,,,,,,,,
1319,Jamal Musiala,de GER,MF,Bayern Munich,de Bundesliga,23.0,2003,2,0,60,0.7,0,0,0,0,0,0,0,0,0.00,3,0,0.0,4.50,0.00,0.00,,0,0,1,0,0,0,0,0,0,1,0,,,,,,,,,,,,,,
1320,Yanis Musuayi,be BEL,FW,Levante,es La Liga,19.0,2007,1,0,31,0.3,0,0,0,0,0,0,0,0,0.00,0,0,,0.00,0.00,,,0,0,0,0,0,1,0,0,0,2,0,,,,,,,,,,,,,,
1321,Kingstone Mutandwa,zm ZAM,FW,Cagliari,it Serie A,23.0,2003,1,0,4,0.0,0,0,0,0,0,0,0,0,0.00,0,0,,0.00,0.00,,,0,0,0,0,0,0,0,0,0,2,0,,,,,,,,,,,,,,
1322,Yvon Mvogo,ch SUI,GK,Lorient,fr Ligue 1,32.0,1994,4,4,360,4.0,0,0,0,0,0,0,0,0,0.00,0,0,,0.00,0.00,,,0,0,0,0,0,0,0,0,0,0,0,4,1.00,13,9,69.2,1,2,1,2,50.0,1,1,0,0
1323,Junior Mwanga,fr FRA,"DF,MF",Le Havre,fr Ligue 1,23.0,2003,3,3,224,2.5,0,0,0,0,0,0,0,1,0.00,0,0,,0.00,0.00,,,0,0,1,3,4,1,0,1,0,2,0,,,,,,,,,,,,,,
1324,Phillipp Mwene,at AUT,MF,Mainz 05,de Bundesliga,32.0,1994,3,3,253,2.8,1,1,2,1,0,0,2,0,0.71,3,2,66.7,1.07,0.71,0.33,0.50,0,0,6,5,2,7,2,0,0,5,0,,,,,,,,,,,,,,
1325,Vitaliy Mykolenko,ua UKR,DF,Everton,eng Premier League,27.0,1999,4,4,360,4.0,0,0,0,0,0,0,0,0,0.00,0,0,,0.00,0.00,,,0,0,9,8,5,3,0,0,0,2,0,,,,,,,,,,,,,,
1326,David Møller Wolfe,no NOR,MF,Hamburger SV,de Bundesliga,24.0,2002,2,2,173,1.9,0,0,0,0,0,0,0,0,0.00,4,1,25.0,2.08,0.52,0.00,0.00,0,0,3,0,2,2,0,0,0,3,0,,,,,,,,,,,,,,
1327,Obite N'Dicka,ci CIV,DF,Roma,it Serie A,27.0,1999,2,2,156,1.7,0,0,0,0,0,0,0,0,0.00,2,0,0.0,1.15,0.00,0.00,,0,0,0,2,3,1,0,0,0,7,0,,,,,,,,,,,,,,
1328,Konan N'dri,ne NIG,FW,Lecce,it Serie A,25.0,2000,4,2,188,2.1,0,0,0,0,0,0,1,0,0.00,3,0,0.0,1.44,0.00,0.00,,0,0,7,5,1,2,1,0,0,4,0,,,,,,,,,,,,,,
1329,Nathan N'Goumou,cm CMR,"MF,FW",Nice,fr Ligue 1,26.0,2000,4,2,141,1.6,0,0,0,0,0,0,0,0,0.00,3,0,0.0,1.91,0.00,0.00,,0,0,3,0,0,2,0,0,0,0,0,,,,,,,,,,,,,,
1330,Djylian N'Guessan,fr FRA,FW,Brest,fr Ligue 1,18.0,2008,1,0,13,0.1,0,0,0,0,0,0,0,0,0.00,1,0,0.0,6.92,0.00,0.00,,0,0,0,0,0,0,0,0,0,1,0,,,,,,,,,,,,,,
1331,Bilal Nadir,ma MAR,MF,Hamburger SV,de Bundesliga,22.0,2003,2,1,54,0.6,0,0,0,0,0,0,0,0,0.00,0,0,,0.00,0.00,,,0,0,0,0,0,3,0,0,0,0,0,,,,,,,,,,,,,,
1332,Mahamadou Nagida,cm CMR,DF,Rennes,fr Ligue 1,21.0,2005,4,2,203,2.3,0,0,0,0,0,0,0,0,0.00,2,0,0.0,0.89,0.00,0.00,,0,0,8,5,8,3,0,0,0,2,0,,,,,,,,,,,,,,
1333,Keito Nakamura,jp JPN,"FW,MF",Lyon,fr Ligue 1,26.0,2000,1,0,16,0.2,0,0,0,0,0,0,0,0,0.00,0,0,,0.00,0.00,,,0,0,0,0,0,0,0,0,0,0,0,,,,,,,,,,,,,,
1334,Sota Nakamura,jp JPN,FW,Le Havre,fr Ligue 1,23.0,2002,4,1,143,1.6,0,0,0,0,0,0,0,0,0.00,3,1,33.3,1.89,0.63,0.00,0.00,0,0,9,2,1,0,0,0,0,2,0,,,,,,,,,,,,,,
1335,Rael-Tshimbela Nakuzola,de GER,DF,Mainz 05,de Bundesliga,19.0,2007,2,0,20,0.2,0,0,0,0,0,0,0,0,0.00,1,1,100.0,4.50,4.50,0.00,0.00,0,0,1,1,0,0,0,0,0,0,0,,,,,,,,,,,,,,
1336,Sebastian Nanasi,se SWE,"FW,MF",Strasbourg,fr Ligue 1,24.0,2002,4,4,310,3.4,0,2,2,0,0,0,0,0,0.58,5,2,40.0,1.45,0.58,0.00,0.00,0,0,7,2,0,0,0,0,0,3,0,,,,,,,,,,,,,,
1337,Shafiq Nandja,de GER,DF,Hamburger SV,de Bundesliga,19.0,2007,2,1,117,1.3,0,0,0,0,0,0,1,0,0.00,0,0,,0.00,0.00,,,0,0,0,1,1,0,1,0,0,2,0,,,,,,,,,,,,,,
1338,Noah Nartey,dk DEN,MF,Lyon,fr Ligue 1,20.0,2005,3,1,102,1.1,1,0,1,1,0,0,1,0,0.88,1,1,100.0,0.88,0.88,1.00,1.00,0,0,1,1,1,1,1,0,0,2,0,,,,,,,,,,,,,,
1339,Natan,br BRA,DF,Real Betis,es La Liga,25.0,2001,3,3,270,3.0,0,0,0,0,0,0,2,0,0.00,1,0,0.0,0.33,0.00,0.00,,0,0,0,5,0,0,2,0,0,2,0,,,,,,,,,,,,,,
1340,Roberto Navarro,es ESP,MF,Athletic Club,es La Liga,24.0,2002,4,3,240,2.7,2,0,2,2,0,0,1,0,0.75,5,3,60.0,1.87,1.13,0.40,0.67,0,0,13,2,6,1,1,0,0,1,0,,,,,,,,,,,,,,
1341,Ximo Navarro,es ESP,DF,Dep. A Coruña,es La Liga,36.0,1990,5,5,442,4.9,0,0,0,0,0,0,2,0,0.00,2,0,0.0,0.41,0.00,0.00,,0,0,9,7,6,5,2,0,0,4,0,,,,,,,,,,,,,,
1342,Maik Nawrocki,pl POL,DF,Lens,fr Ligue 1,25.0,2001,2,2,151,1.7,0,0,0,0,0,0,0,0,0.00,1,1,100.0,0.60,0.60,0.00,0.00,0,0,0,1,3,0,0,0,0,1,0,,,,,,,,,,,,,,
1343,Flávio Nazinho,pt POR,DF,Monaco,fr Ligue 1,23.0,2003,4,4,349,3.9,1,1,2,1,0,0,1,0,0.52,1,1,100.0,0.26,0.26,1.00,1.00,0,0,14,5,7,3,1,0,0,5,0,,,,,,,,,,,,,,
1344,Corrie Ndaba,ie IRL,MF,Lecce,it Serie A,26.0,1999,2,1,135,1.5,0,0,0,0,0,0,0,0,0.00,0,0,,0.00,0.00,,,0,0,1,0,0,0,0,0,0,0,0,,,,,,,,,,,,,,
1345,Michel Ndary Adopo,fr FRA,MF,Cagliari,it Serie A,26.0,2000,4,4,360,4.0,0,2,2,0,0,0,0,0,0.50,4,2,50.0,1.00,0.50,0.00,0.00,0,0,1,1,1,1,0,0,0,3,0,,,,,,,,,,,,,,
1346,Youssouf Ndayishimiye,bi BDI,DF,Nice,fr Ligue 1,27.0,1998,4,4,360,4.0,0,0,0,0,0,0,2,0,0.00,1,0,0.0,0.25,0.00,0.00,,0,0,1,2,8,4,2,0,0,3,0,,,,,,,,,,,,,,
1347,Abdoulaye Ndiaye,sn SEN,DF,Parma,it Serie A,24.0,2002,1,1,90,1.0,0,0,0,0,0,0,0,0,0.00,1,0,0.0,1.00,0.00,0.00,,0,0,0,0,0,2,0,0,0,3,0,,,,,,,,,,,,,,
1348,Iliman Ndiaye,sn SEN,MF,Manchester City,eng Premier League,26.0,2000,2,1,131,1.5,0,0,0,0,0,0,0,0,0.00,1,0,0.0,0.69,0.00,0.00,,0,0,6,2,1,7,0,0,0,1,0,,,,,,,,,,,,,,
1349,Iliman Ndiaye,sn SEN,MF,Everton,eng Premier League,26.0,2000,2,2,180,2.0,0,1,1,0,0,0,0,0,0.50,4,3,75.0,2.00,1.50,0.00,0.00,0,0,2,1,2,1,0,0,0,2,0,,,,,,,,,,,,,,
1350,Rassoul Ndiaye,sn SEN,MF,Le Havre,fr Ligue 1,24.0,2001,3,3,225,2.5,0,0,0,0,0,0,0,0,0.00,6,1,16.7,2.40,0.40,0.00,0.00,0,0,29,2,2,5,0,0,0,2,0,,,,,,,,,,,,,,
1351,Cher Ndour,it ITA,MF,Fiorentina,it Serie A,22.0,2004,4,3,308,3.4,0,0,0,0,0,0,0,0,0.00,5,1,20.0,1.46,0.29,0.00,0.00,0,0,3,3,3,2,0,0,0,5,0,,,,,,,,,,,,,,
1352,Dan Ndoye,ch SUI,MF,Nottingham,eng Premier League,25.0,2000,4,4,258,2.9,1,0,1,1,0,0,1,0,0.35,8,2,25.0,2.79,0.70,0.13,0.50,0,0,0,0,1,5,1,0,0,8,0,,,,,,,,,,,,,,
1353,Ifeanyi Ndukwe,at AUT,DF,Levante,es La Liga,18.0,2008,1,0,20,0.2,0,0,0,0,0,0,0,0,0.00,0,0,,0.00,0.00,,,0,0,0,1,0,0,0,0,0,0,0,,,,,,,,,,,,,,
1354,David Neres,br BRA,"FW,MF",Napoli,it Serie A,29.0,1997,2,0,40,0.4,0,0,0,0,0,0,0,0,0.00,2,0,0.0,4.50,0.00,0.00,,0,0,0,0,0,0,0,0,0,1,0,,,,,,,,,,,,,,
1355,Martim Neto,pt POR,MF,Elche,es La Liga,23.0,2003,3,1,94,1.0,0,0,0,0,0,0,0,0,0.00,1,0,0.0,0.96,0.00,0.00,,0,0,2,0,1,1,0,0,0,1,0,,,,,,,,,,,,,,
1356,Pedro Neto,pt POR,MF,Chelsea,eng Premier League,26.0,2000,4,3,247,2.7,1,0,1,1,0,0,0,0,0.36,5,3,60.0,1.82,1.09,0.20,0.33,0,0,17,2,5,1,0,0,0,3,0,,,,,,,,,,,,,,
1357,Luca Netz,de GER,"DF,MF",Nottingham,eng Premier League,23.0,2003,2,0,22,0.2,0,0,0,0,0,0,0,0,0.00,0,0,,0.00,0.00,,,0,0,0,1,0,0,0,0,0,1,0,,,,,,,,,,,,,,
1358,Manuel Neuer,de GER,GK,Bayern Munich,de Bundesliga,40.0,1986,2,2,180,2.0,0,0,0,0,0,0,0,0,0.00,0,0,,0.00,0.00,,,0,0,0,0,0,0,0,0,0,0,0,1,0.50,5,4,80.0,1,1,0,1,50.0,0,0,0,0
1359,João Neves,pt POR,MF,Paris SG,fr Ligue 1,21.0,2004,3,3,239,2.7,0,0,0,0,0,0,0,0,0.00,7,3,42.9,2.64,1.13,0.00,0.00,0,0,0,3,5,3,0,0,0,4,0,,,,,,,,,,,,,,
1360,Oumar Ngom,mr MTN,MF,Lecce,it Serie A,22.0,2004,4,3,231,2.6,0,0,0,0,0,0,1,0,0.00,3,0,0.0,1.17,0.00,0.00,,0,0,1,7,4,0,1,0,0,3,0,,,,,,,,,,,,,,
1361,Nathan Ngoy,be BEL,DF,Lille,fr Ligue 1,23.0,2003,4,4,360,4.0,0,0,0,0,0,0,0,0,0.00,0,0,,0.00,0.00,,,0,0,0,3,5,5,0,0,0,5,0,,,,,,,,,,,,,,
1362,Mathieu Nguefack,de GER,MF,Gladbach,de Bundesliga,18.0,2008,3,1,125,1.4,0,0,0,0,0,0,1,0,0.00,2,0,0.0,1.44,0.00,0.00,,0,0,3,0,1,1,1,0,0,3,0,,,,,,,,,,,,,,
1363,Rio Ngumoha,eng ENG,MF,Liverpool,eng Premier League,18.0,2008,3,1,101,1.1,0,0,0,0,0,0,0,0,0.00,2,0,0.0,1.78,0.00,0.00,,0,0,6,1,0,2,0,0,0,2,0,,,,,,,,,,,,,,
1364,Moussa Niakhaté,sn SEN,DF,Lyon,fr Ligue 1,30.0,1996,3,3,270,3.0,0,0,0,0,0,0,0,0,0.00,0,0,,0.00,0.00,,,0,0,1,0,5,2,0,0,0,4,0,,,,,,,,,,,,,,
1365,Rasmus Nicolaisen,dk DEN,DF,Toulouse,fr Ligue 1,29.0,1997,3,3,270,3.0,0,0,0,0,0,0,1,0,0.00,4,0,0.0,1.33,0.00,0.00,,0,0,0,0,4,2,1,0,0,4,0,,,,,,,,,,,,,,
1366,Moritz Nicolas,de GER,GK,Gladbach,de Bundesliga,28.0,1997,3,3,270,3.0,0,0,0,0,0,0,0,0,0.00,0,0,,0.00,0.00,,,0,0,0,0,0,0,0,0,0,0,0,12,4.00,30,18,60.0,0,0,3,0,0.0,0,0,0,0
1367,Oliver Nielsen,dk DEN,DF,Lazio,it Serie A,23.0,2003,4,4,360,4.0,0,0,0,0,0,0,1,0,0.00,1,0,0.0,0.25,0.00,0.00,,0,0,0,3,4,1,1,0,0,10,0,,,,,,,,,,,,,,
1368,Mathys Niflore,fr FRA,GK,Toulouse,fr Ligue 1,19.0,2007,2,1,110,1.2,0,0,0,0,0,0,0,0,0.00,0,0,,0.00,0.00,,,0,0,0,0,0,0,0,0,0,0,0,3,2.45,6,3,50.0,0,1,0,0,0.0,0,0,0,0
1369,Adrian Niño,es ESP,FW,Málaga,es La Liga,22.0,2004,1,0,24,0.3,1,0,1,1,0,0,0,0,3.75,3,1,33.3,11.25,3.75,0.33,1.00,0,0,0,0,0,1,0,0,0,1,0,,,,,,,,,,,,,,
1370,Fernando Niño,es ESP,FW,Elche,es La Liga,25.0,2000,5,5,384,4.3,2,0,2,2,0,0,1,0,0.47,8,6,75.0,1.87,1.41,0.25,0.33,0,0,0,5,2,6,1,0,0,3,0,,,,,,,,,,,,,,
1371,Alieu Njie,se SWE,FW,Torino,it Serie A,21.0,2005,1,0,21,0.2,0,0,0,0,0,0,0,0,0.00,1,0,0.0,4.29,0.00,0.00,,0,0,2,0,0,0,0,0,0,0,0,,,,,,,,,,,,,,
1372,Alieu Njie,se SWE,"MF,FW",Fiorentina,it Serie A,21.0,2005,2,2,157,1.7,0,0,0,0,0,0,1,0,0.00,4,3,75.0,2.29,1.72,0.00,0.00,0,0,3,3,0,5,1,0,0,2,0,,,,,,,,,,,,,,
1373,Justin Njinmah,de GER,FW,Werder Bremen,de Bundesliga,25.0,2000,1,1,60,0.7,0,0,0,0,0,0,0,0,0.00,1,0,0.0,1.50,0.00,0.00,,0,0,2,1,0,2,0,0,0,0,0,,,,,,,,,,,,,,
1374,Timothée Nkada,fr FRA,FW,Troyes,fr Ligue 1,27.0,1999,2,0,37,0.4,0,0,0,0,0,0,0,0,0.00,4,1,25.0,9.73,2.43,0.00,0.00,0,0,0,0,0,1,0,0,0,0,0,,,,,,,,,,,,,,
1375,Eddie Nketiah,eng ENG,"MF,FW",Crystal Palace,eng Premier League,27.0,1999,3,3,166,1.8,0,1,1,0,0,0,0,0,0.54,4,2,50.0,2.17,1.08,0.00,0.00,0,0,0,4,1,1,0,0,0,2,0,,,,,,,,,,,,,,
1376,Noel Nkili,de GER,MF,Frankfurt,de Bundesliga,20.0,2005,1,1,58,0.6,0,0,0,0,0,0,0,0,0.00,0,0,,0.00,0.00,,,0,0,0,1,1,1,0,0,0,0,0,,,,,,,,,,,,,,
1377,Niels Nkounkou,fr FRA,MF,Nice,fr Ligue 1,25.0,2000,2,2,143,1.6,0,0,0,0,0,0,0,0,0.00,0,0,,0.00,0.00,,,0,0,6,1,5,1,0,0,0,0,0,,,,,,,,,,,,,,
1378,Christopher Nkunku,fr FRA,FW,RB Leipzig,de Bundesliga,28.0,1997,3,1,166,1.8,1,1,2,1,0,0,0,0,1.08,8,4,50.0,4.34,2.17,0.13,0.25,0,0,0,1,0,3,0,0,0,2,0,,,,,,,,,,,,,,
1379,Felix Nmecha,de GER,MF,Dortmund,de Bundesliga,25.0,2000,3,2,144,1.6,2,0,2,2,0,0,0,0,1.25,5,3,60.0,3.12,1.87,0.40,0.67,0,0,0,3,2,0,0,0,0,2,0,,,,,,,,,,,,,,
1380,Lukas Nmecha,de GER,FW,Leeds United,eng Premier League,27.0,1998,2,0,40,0.4,0,1,1,0,0,0,0,0,2.25,3,0,0.0,6.75,0.00,0.00,,0,0,2,0,0,1,0,0,0,0,0,,,,,,,,,,,,,,
1381,Tochukwu Nnadi,ng NGA,MF,Marseille,fr Ligue 1,23.0,2003,2,0,35,0.4,0,0,0,0,0,0,0,0,0.00,0,0,,0.00,0.00,,,0,0,0,2,0,1,0,0,0,0,0,,,,,,,,,,,,,,
1382,Nahuel Noll,de GER,GK,Paderborn 07,de Bundesliga,23.0,2003,3,3,270,3.0,0,0,0,0,0,0,0,0,0.00,0,0,,0.00,0.00,,,0,0,0,0,0,0,0,0,0,0,0,4,1.33,17,13,76.5,0,1,2,1,33.3,0,0,0,0
1383,Joseph Nonge,be BEL,MF,Brest,fr Ligue 1,21.0,2005,4,1,119,1.3,0,0,0,0,0,0,0,0,0.00,1,0,0.0,0.76,0.00,0.00,,0,0,2,4,1,3,0,0,0,2,0,,,,,,,,,,,,,,
1384,Arnaud Nordin,fr FRA,"FW,MF",Rennes,fr Ligue 1,28.0,1998,2,0,34,0.4,0,0,0,0,0,0,0,0,0.00,2,1,50.0,5.29,2.65,0.00,0.00,0,0,2,0,1,0,0,0,0,0,0,,,,,,,,,,,,,,
1385,Brooke Norton-Cuffy,eng ENG,MF,Genoa,it Serie A,22.0,2004,2,2,180,2.0,0,0,0,0,0,0,0,0,0.00,1,0,0.0,0.50,0.00,0.00,,0,0,8,0,0,1,0,0,0,0,0,,,,,,,,,,,,,,
1386,Brooke Norton-Cuffy,eng ENG,"DF,MF",Hull City,eng Premier League,22.0,2004,2,0,36,0.4,0,0,0,0,0,0,1,0,0.00,1,0,0.0,2.50,0.00,0.00,,0,0,2,0,0,0,1,0,0,1,0,,,,,,,,,,,,,,
1387,Tijjani Noslin,nl NED,FW,Lazio,it Serie A,27.0,1999,3,1,107,1.2,1,0,1,1,0,0,0,0,0.84,3,2,66.7,2.52,1.68,0.33,0.50,0,0,0,0,0,2,0,0,0,1,0,,,,,,,,,,,,,,
1388,Lucas Noubi,be BEL,DF,Dep. A Coruña,es La Liga,21.0,2005,5,5,450,5.0,0,0,0,0,0,0,1,0,0.00,0,0,,0.00,0.00,,,0,0,0,6,7,5,1,0,0,6,0,,,,,,,,,,,,,,
1389,Bil Nsongo,cm CMR,"FW,MF",Dep. A Coruña,es La Liga,21.0,2004,5,4,282,3.1,0,0,0,0,0,0,1,0,0.00,5,1,20.0,1.60,0.32,0.00,0.00,0,0,2,5,0,3,1,0,0,6,0,,,,,,,,,,,,,,
1390,Randy Nteka,ao ANG,FW,Rayo Vallecano,es La Liga,28.0,1997,3,1,154,1.7,0,0,0,0,0,0,0,0,0.00,3,1,33.3,1.75,0.58,0.00,0.00,0,0,1,1,1,2,0,0,0,3,0,,,,,,,,,,,,,,
1391,Ernest Nuamah,gh GHA,MF,Lyon,fr Ligue 1,22.0,2003,3,3,231,2.6,1,1,2,1,0,0,0,0,0.78,8,1,12.5,3.12,0.39,0.13,1.00,0,0,11,0,1,4,0,0,0,4,0,,,,,,,,,,,,,,
1392,Matheus Nunes,pt POR,DF,Manchester City,eng Premier League,28.0,1998,2,1,124,1.4,0,0,0,0,0,0,0,0,0.00,0,0,,0.00,0.00,,,0,0,3,2,2,1,0,0,0,0,0,,,,,,,,,,,,,,
1393,Álvaro Núñez,es ESP,"MF,DF",Celta Vigo,es La Liga,26.0,2000,2,2,173,1.9,0,0,0,0,0,0,0,0,0.00,1,1,100.0,0.52,0.52,0.00,0.00,0,0,2,1,3,1,0,0,0,2,0,,,,,,,,,,,,,,
1394,Marcelino Núñez,cl CHI,MF,Ipswich Town,eng Premier League,26.0,2000,2,2,140,1.6,0,0,0,0,0,0,0,0,0.00,1,0,0.0,0.64,0.00,0.00,,0,0,1,1,1,0,0,0,0,1,0,,,,,,,,,,,,,,
1395,Unai Núñez,es ESP,DF,Espanyol,es La Liga,29.0,1997,4,4,355,3.9,0,0,0,0,0,0,0,0,0.00,1,0,0.0,0.25,0.00,0.00,,0,0,0,3,2,3,0,0,0,0,0,,,,,,,,,,,,,,
1396,Antonio Nusa,no NOR,FW,RB Leipzig,de Bundesliga,21.0,2005,3,3,250,2.8,2,2,4,2,0,0,1,0,1.44,8,5,62.5,2.88,1.80,0.25,0.40,0,0,6,2,0,8,1,0,0,1,0,,,,,,,,,,,,,,
1397,Ethan Nwaneri,eng ENG,MF,Dortmund,de Bundesliga,19.0,2007,2,1,123,1.4,0,0,0,0,0,0,0,0,0.00,2,1,50.0,1.46,0.73,0.00,0.00,0,0,4,1,3,0,0,0,0,1,0,,,,,,,,,,,,,,
1398,Trey Nyoni,eng ENG,MF,Liverpool,eng Premier League,19.0,2007,2,0,21,0.2,0,0,0,0,0,0,0,0,0.00,0,0,,0.00,0.00,,,0,0,0,0,1,0,0,0,0,0,0,,,,,,,,,,,,,,
1399,Jake O'Brien,ie IRL,DF,Everton,eng Premier League,25.0,2001,1,0,16,0.2,0,0,0,0,0,0,0,0,0.00,0,0,,0.00,0.00,,,0,0,0,0,0,0,0,0,0,0,0,,,,,,,,,,,,,,
1400,Luke O'Nien,eng ENG,DF,Sunderland,eng Premier League,31.0,1994,1,1,66,0.7,0,0,0,0,0,0,1,0,0.00,1,0,0.0,1.36,0.00,0.00,,0,0,2,0,0,0,1,0,0,2,0,,,,,,,,,,,,,,
1401,Nico O'Reilly,eng ENG,MF,Manchester City,eng Premier League,21.0,2005,3,2,159,1.8,0,0,0,0,0,0,0,0,0.00,2,0,0.0,1.13,0.00,0.00,,0,0,4,1,0,0,0,0,0,2,0,,,,,,,,,,,,,,
1402,Matt O'Riley,dk DEN,MF,Brighton,eng Premier League,25.0,2000,1,0,7,0.1,0,0,0,0,0,0,0,0,0.00,0,0,,0.00,0.00,,,0,0,0,0,0,0,0,0,0,0,0,,,,,,,,,,,,,,
1403,Dara O'Shea,ie IRL,DF,Ipswich Town,eng Premier League,27.0,1999,4,4,360,4.0,0,0,0,0,0,0,0,0,0.00,1,0,0.0,0.25,0.00,0.00,,0,0,7,2,3,3,0,0,0,3,0,,,,,,,,,,,,,,
1404,Raphael Obermair,ph PHI,MF,Paderborn 07,de Bundesliga,30.0,1996,3,3,270,3.0,0,0,0,0,0,0,0,0,0.00,2,0,0.0,0.67,0.00,0.00,,0,0,21,1,9,0,0,0,0,0,0,,,,,,,,,,,,,,
1405,Adam Obert,sk SVK,DF,Cagliari,it Serie A,24.0,2002,4,4,356,4.0,0,0,0,0,0,0,0,0,0.00,3,2,66.7,0.76,0.51,0.00,0.00,0,0,14,6,4,0,0,0,0,1,0,,,,,,,,,,,,,,
1406,Jan Oblak,si SVN,GK,Atlético Madrid,es La Liga,33.0,1993,5,5,450,5.0,0,0,0,0,0,0,0,0,0.00,0,0,,0.00,0.00,,,0,0,0,0,0,1,0,0,0,0,0,6,1.20,19,13,68.4,3,1,1,2,40.0,2,2,0,0
1407,Justin Oboavwoduo,eng ENG,FW,Juventus,it Serie A,20.0,2006,1,0,4,0.0,0,0,0,0,0,0,0,0,0.00,0,0,,0.00,0.00,,,0,0,0,0,0,0,0,0,0,0,0,,,,,,,,,,,,,,
1408,Rafel Obrador,es ESP,DF,Sassuolo,it Serie A,22.0,2004,2,0,41,0.5,0,0,0,0,0,0,0,0,0.00,0,0,,0.00,0.00,,,0,0,2,2,0,1,0,0,0,0,0,,,,,,,,,,,,,,
1409,Job Ochieng',ke KEN,MF,Real Sociedad,es La Liga,23.0,2003,3,2,174,1.9,1,2,3,1,0,0,0,0,1.55,5,2,40.0,2.59,1.03,0.20,0.50,0,0,5,1,0,1,0,0,0,5,0,,,,,,,,,,,,,,
1410,Cas Odenthal,nl NED,DF,Sassuolo,it Serie A,25.0,2000,1,1,90,1.0,1,0,1,1,0,0,0,0,1.00,1,1,100.0,1.00,1.00,1.00,1.00,0,0,0,0,0,0,0,0,0,2,0,,,,,,,,,,,,,,
1411,Jens Odgaard,dk DEN,MF,Bologna,it Serie A,27.0,1999,4,3,227,2.5,0,0,0,0,0,0,1,0,0.00,6,1,16.7,2.38,0.40,0.00,0.00,0,0,1,0,1,6,1,0,0,5,0,,,,,,,,,,,,,,
1412,Noah Okafor,ch SUI,"MF,FW",Leeds United,eng Premier League,26.0,2000,3,2,154,1.7,0,0,0,0,0,0,0,0,0.00,2,0,0.0,1.17,0.00,0.00,,0,0,5,3,1,2,0,0,0,2,0,,,,,,,,,,,,,,
1413,Paul Okon-Engstler,au AUS,MF,Köln,de Bundesliga,21.0,2005,3,2,110,1.2,0,0,0,0,0,0,1,0,0.00,1,0,0.0,0.82,0.00,0.00,,0,0,0,1,0,0,1,0,0,4,0,,,,,,,,,,,,,,
1414,Maduka Okoye,ng NGA,GK,Udinese,it Serie A,27.0,1999,3,3,270,3.0,0,0,0,0,0,0,0,0,0.00,0,0,,0.00,0.00,,,0,0,0,0,0,1,0,0,0,0,0,5,1.67,17,12,70.6,1,1,1,0,0.0,0,0,0,0
1415,Xanet Olaiz,es ESP,DF,Alavés,es La Liga,21.0,2005,1,0,11,0.1,0,0,0,0,0,0,0,0,0.00,0,0,,0.00,0.00,,,0,0,0,0,0,0,0,0,0,0,0,,,,,,,,,,,,,,
1416,Olasagasti,es ESP,MF,Levante,es La Liga,26.0,2000,5,5,413,4.6,1,1,2,1,0,0,0,0,0.44,6,3,50.0,1.31,0.65,0.17,0.33,0,0,22,7,5,6,0,0,0,2,0,,,,,,,,,,,,,,
1417,Michael Olise,fr FRA,MF,Bayern Munich,de Bundesliga,24.0,2001,3,2,214,2.4,1,0,1,1,0,0,0,0,0.42,11,4,36.4,4.63,1.68,0.09,0.25,0,0,14,0,1,6,0,0,0,1,0,,,,,,,,,,,,,,
1418,Mathías Olivera,uy URU,DF,Napoli,it Serie A,28.0,1997,3,1,68,0.8,0,0,0,0,0,0,0,0,0.00,2,0,0.0,2.65,0.00,0.00,,0,0,1,0,1,0,0,0,0,0,0,,,,,,,,,,,,,,
1419,Dani Olmo,es ESP,MF,Barcelona,es La Liga,28.0,1998,5,1,158,1.8,0,2,2,0,0,0,0,0,1.14,6,1,16.7,3.42,0.57,0.00,0.00,0,0,4,0,1,3,0,0,0,0,0,,,,,,,,,,,,,,
1420,Tani Oluwaseyi,ca CAN,FW,Villarreal,es La Liga,26.0,2000,3,0,30,0.3,0,0,0,0,0,0,0,0,0.00,0,0,,0.00,0.00,,,0,0,0,0,0,0,0,0,0,2,0,,,,,,,,,,,,,,
1421,Warmed Omari,km COM,DF,Hamburger SV,de Bundesliga,26.0,2000,1,0,18,0.2,0,0,0,0,0,0,0,0,0.00,0,0,,0.00,0.00,,,0,0,0,0,1,0,0,0,0,0,0,,,,,,,,,,,,,,
1422,Andrew Omobamidele,ie IRL,DF,Strasbourg,fr Ligue 1,24.0,2002,2,2,180,2.0,0,0,0,0,0,0,0,0,0.00,1,0,0.0,0.50,0.00,0.00,,0,0,0,2,4,0,0,0,0,1,0,,,,,,,,,,,,,,
1423,Basar Onal,tr TUR,MF,Lille,fr Ligue 1,22.0,2004,3,2,146,1.6,0,0,0,0,0,0,0,0,0.00,0,0,,0.00,0.00,,,0,0,2,3,0,4,0,0,0,2,0,,,,,,,,,,,,,,
1424,Raphael Onyedika,ng NGA,MF,Frankfurt,de Bundesliga,25.0,2001,3,3,270,3.0,0,0,0,0,0,0,2,0,0.00,1,1,100.0,0.33,0.33,0.00,0.00,0,0,0,3,3,1,2,0,0,5,0,,,,,,,,,,,,,,
1425,Francis Onyeka,de GER,MF,Elversberg,de Bundesliga,19.0,2007,3,3,148,1.6,0,1,1,0,0,0,1,0,0.61,3,2,66.7,1.82,1.22,0.00,0.00,0,0,1,3,3,2,1,0,0,3,0,,,,,,,,,,,,,,
1426,Frank Onyeka,ng NGA,MF,Coventry City,eng Premier League,28.0,1998,3,3,224,2.5,0,0,0,0,0,0,0,0,0.00,1,1,100.0,0.40,0.40,0.00,0.00,0,0,0,1,4,5,0,0,0,6,0,,,,,,,,,,,,,,
1427,Loïs Openda,be BEL,FW,Lyon,fr Ligue 1,26.0,2000,3,3,254,2.8,1,1,2,1,0,0,1,0,0.71,13,5,38.5,4.61,1.77,0.08,0.20,0,0,2,0,0,7,1,0,0,4,0,,,,,,,,,,,,,,
1428,Fredrik Oppegard,no NOR,MF,Auxerre,fr Ligue 1,24.0,2002,2,1,120,1.3,0,0,0,0,0,0,0,0,0.00,0,0,,0.00,0.00,,,0,0,0,0,2,0,0,0,0,1,0,,,,,,,,,,,,,,
1429,Sion Oppong,se SWE,FW,Toulouse,fr Ligue 1,18.0,2007,3,0,59,0.7,0,0,0,0,0,0,0,0,0.00,0,0,,0.00,0.00,,,0,0,0,2,0,2,0,0,0,0,0,,,,,,,,,,,,,,
1430,Willi Orban,hu HUN,DF,RB Leipzig,de Bundesliga,33.0,1992,3,3,270,3.0,1,0,1,1,0,0,0,0,0.33,7,2,28.6,2.33,0.67,0.14,0.50,0,0,2,0,1,3,0,0,0,1,0,,,,,,,,,,,,,,
1431,Christian Ordoñez,ar ARG,MF,Parma,it Serie A,22.0,2004,3,3,195,2.2,0,0,0,0,0,0,0,0,0.00,3,0,0.0,1.38,0.00,0.00,,0,0,1,4,2,7,0,0,0,1,0,,,,,,,,,,,,,,
1432,Aimar Oroz,es ESP,"MF,FW",Osasuna,es La Liga,24.0,2001,3,2,150,1.7,0,0,0,0,0,0,0,0,0.00,2,0,0.0,1.20,0.00,0.00,,0,0,3,0,0,6,0,0,0,2,0,,,,,,,,,,,,,,
1433,Riccardo Orsolini,it ITA,MF,Bologna,it Serie A,29.0,1997,2,1,79,0.9,0,0,0,0,0,0,0,0,0.00,0,0,,0.00,0.00,,,0,0,4,0,0,1,0,0,0,0,0,,,,,,,,,,,,,,
1434,Jacobo Ortega,es ESP,FW,Strasbourg,fr Ligue 1,20.0,2006,4,3,242,2.7,1,1,2,1,0,0,0,0,0.74,6,4,66.7,2.23,1.49,0.17,0.25,0,0,3,2,0,1,0,0,0,6,0,,,,,,,,,,,,,,
1435,Ángel Ortíz,es ESP,DF,Real Betis,es La Liga,22.0,2004,1,1,70,0.8,0,0,0,0,0,0,0,0,0.00,1,0,0.0,1.29,0.00,0.00,,0,0,0,2,0,0,0,0,0,1,0,,,,,,,,,,,,,,
1436,Arnau Ortiz,es ESP,MF,Atlético Madrid,es La Liga,24.0,2001,4,1,129,1.4,0,0,0,0,0,0,0,0,0.00,2,0,0.0,1.40,0.00,0.00,,0,0,3,0,0,3,0,0,0,1,0,,,,,,,,,,,,,,
1437,Asier Osambela,es ESP,DF,Osasuna,es La Liga,22.0,2004,3,1,128,1.4,0,0,0,0,0,0,0,0,0.00,1,0,0.0,0.70,0.00,0.00,,0,0,5,1,2,1,0,0,0,5,0,,,,,,,,,,,,,,
1438,Milutin Osmajić,me MNE,FW,Genoa,it Serie A,27.0,1999,3,2,208,2.3,1,0,1,1,0,0,0,0,0.43,4,1,25.0,1.73,0.43,0.25,1.00,0,0,0,0,0,6,0,0,0,2,0,,,,,,,,,,,,,,
1439,Ibrahim Osman,gh GHA,"FW,MF",Brighton,eng Premier League,21.0,2004,3,0,43,0.5,0,0,0,0,0,0,0,0,0.00,2,0,0.0,4.19,0.00,0.00,,0,0,3,1,0,2,0,0,0,1,0,,,,,,,,,,,,,,
1440,Abiel Osorio,ar ARG,FW,Elche,es La Liga,24.0,2002,2,0,58,0.6,0,0,0,0,0,0,1,0,0.00,3,1,33.3,4.66,1.55,0.00,0.00,0,0,0,0,1,2,1,0,0,3,0,,,,,,,,,,,,,,
1441,Darío Osorio,cl CHI,"FW,MF",Crystal Palace,eng Premier League,22.0,2004,1,0,2,0.0,0,0,0,0,0,0,0,0,0.00,0,0,,0.00,0.00,,,0,0,0,0,0,0,0,0,0,0,0,,,,,,,,,,,,,,
1442,William Osula,dk DEN,FW,Newcastle,eng Premier League,23.0,2003,1,1,55,0.6,0,1,1,0,0,0,0,0,1.64,2,0,0.0,3.27,0.00,0.00,,0,0,0,1,0,0,0,0,0,0,0,,,,,,,,,,,,,,
1443,Otávio,br BRA,DF,Frankfurt,de Bundesliga,20.0,2005,1,0,6,0.1,0,0,0,0,0,0,1,0,0.00,0,0,,0.00,0.00,,,0,0,0,0,0,0,1,0,0,2,0,,,,,,,,,,,,,,
1444,Sebastian Otoa,dk DEN,DF,Genoa,it Serie A,22.0,2004,1,0,25,0.3,0,0,0,0,0,0,0,0,0.00,0,0,,0.00,0.00,,,0,0,0,1,0,0,0,0,0,0,0,,,,,,,,,,,,,,
1445,David Otorbi,es ESP,MF,Valencia,es La Liga,18.0,2007,4,2,199,2.2,0,0,0,0,0,0,0,0,0.00,1,0,0.0,0.45,0.00,0.00,,0,0,8,1,1,2,0,0,0,0,0,,,,,,,,,,,,,,
1446,Zakaria El Ouahdi,ma MAR,MF,Hamburger SV,de Bundesliga,24.0,2001,2,2,178,2.0,0,0,0,0,0,0,1,0,0.00,2,1,50.0,1.01,0.51,0.00,0.00,0,0,2,0,0,3,1,0,0,3,0,,,,,,,,,,,,,,
1447,Abdoul Ouattara,fr FRA,MF,Ipswich Town,eng Premier League,20.0,2005,4,0,45,0.5,0,0,0,0,0,0,0,0,0.00,0,0,,0.00,0.00,,,0,0,0,1,0,0,0,0,0,0,0,,,,,,,,,,,,,,
1448,Dango Ouattara,bf BFA,MF,Brentford,eng Premier League,24.0,2002,4,2,172,1.9,0,0,0,0,0,0,0,0,0.00,4,0,0.0,2.09,0.00,0.00,,0,0,4,1,3,3,0,0,0,5,0,,,,,,,,,,,,,,
1449,Amine El Ouazzani,ma MAR,FW,Angers,fr Ligue 1,25.0,2001,4,4,304,3.4,1,1,2,1,0,0,0,0,0.59,9,2,22.2,2.66,0.59,0.11,0.50,0,0,0,3,1,7,0,0,0,3,0,,,,,,,,,,,,,,
1450,Assan Ouédraogo,de GER,MF,RB Leipzig,de Bundesliga,20.0,2006,1,1,34,0.4,0,0,0,0,0,0,0,0,0.00,1,0,0.0,2.65,0.00,0.00,,0,0,1,0,1,1,0,0,0,0,0,,,,,,,,,,,,,,
1451,Mohamed Ouédraogo,bf BFA,DF,Lyon,fr Ligue 1,23.0,2003,1,1,90,1.0,0,0,0,0,0,0,0,0,0.00,0,0,,0.00,0.00,,,0,0,1,0,4,1,0,0,0,2,0,,,,,,,,,,,,,,
1452,Anis Ouzenadji,fr FRA,DF,Troyes,fr Ligue 1,19.0,2006,4,4,360,4.0,0,1,1,0,0,0,0,0,0.25,1,0,0.0,0.25,0.00,0.00,,0,0,18,6,4,10,0,0,0,4,0,,,,,,,,,,,,,,
1453,Djibril Ouziad,fr FRA,"MF,DF",Le Havre,fr Ligue 1,17.0,2009,3,2,155,1.7,0,0,0,0,0,0,0,0,0.00,3,0,0.0,1.74,0.00,0.00,,0,0,9,1,2,4,0,0,0,3,0,,,,,,,,,,,,,,
1454,Mikel Oyarzabal,es ESP,"FW,MF",Real Sociedad,es La Liga,29.0,1997,6,5,415,4.6,0,2,2,0,0,0,1,0,0.43,8,4,50.0,1.73,0.87,0.00,0.00,0,0,2,3,2,8,1,0,0,4,0,,,,,,,,,,,,,,
1455,Anthony Oyono,ga GAB,DF,Frosinone,it Serie A,25.0,2001,4,3,294,3.3,0,1,1,0,0,0,1,0,0.31,6,1,16.7,1.84,0.31,0.00,0.00,0,0,5,7,7,7,1,0,0,6,0,,,,,,,,,,,,,,
1456,Berke Özer,tr TUR,GK,Lille,fr Ligue 1,26.0,2000,4,4,360,4.0,0,0,0,0,0,0,0,0,0.00,0,0,,0.00,0.00,,,0,0,0,0,0,2,0,0,0,0,0,2,0.50,16,14,87.5,3,1,0,3,75.0,0,0,0,0
1457,Jon Pacheco,es ESP,DF,Real Sociedad,es La Liga,25.0,2001,1,0,21,0.2,0,0,0,0,0,0,0,0,0.00,0,0,,0.00,0.00,,,0,0,0,1,0,0,0,0,0,0,0,,,,,,,,,,,,,,
1458,Willian Pacho,ec ECU,DF,Paris SG,fr Ligue 1,24.0,2001,4,4,360,4.0,0,0,0,0,0,0,0,0,0.00,1,0,0.0,0.25,0.00,0.00,,0,0,0,5,5,1,0,0,0,1,0,,,,,,,,,,,,,,
1459,Álvaro Padilla,es ESP,FW,Elche,es La Liga,20.0,2006,1,0,10,0.1,0,0,0,0,0,0,0,0,0.00,0,0,,0.00,0.00,,,0,0,0,0,0,0,0,0,0,0,0,,,,,,,,,,,,,,
1460,Pablo Pagis,fr FRA,MF,Paris FC,fr Ligue 1,23.0,2002,4,4,292,3.2,0,1,1,0,0,0,0,0,0.31,6,0,0.0,1.85,0.00,0.00,,0,0,10,3,3,4,0,0,0,5,0,,,,,,,,,,,,,,
1461,Igor Paixão,br BRA,MF,Marseille,fr Ligue 1,26.0,2000,3,3,248,2.8,0,0,0,0,0,0,1,0,0.00,4,2,50.0,1.45,0.73,0.00,0.00,0,0,8,1,0,6,1,0,0,6,0,,,,,,,,,,,,,,
1462,César Palacios,es ESP,MF,Fulham,eng Premier League,21.0,2004,3,3,207,2.3,1,0,1,1,0,0,1,0,0.43,8,2,25.0,3.48,0.87,0.13,0.50,0,0,1,1,1,0,1,0,0,5,0,,,,,,,,,,,,,,
1463,Exequiel Palacios,ar ARG,MF,Ipswich Town,eng Premier League,27.0,1998,3,2,196,2.2,0,0,0,0,0,0,0,0,0.00,0,0,,0.00,0.00,,,0,0,0,4,5,5,0,0,0,4,0,,,,,,,,,,,,,,
1464,Isaac Palazón Camacho,es ESP,MF,Rayo Vallecano,es La Liga,31.0,1994,2,2,79,0.9,0,0,0,0,0,0,0,0,0.00,1,0,0.0,1.14,0.00,0.00,,0,0,3,1,0,1,0,0,0,1,0,,,,,,,,,,,,,,
1465,Matteo Palma,de GER,DF,Udinese,it Serie A,18.0,2008,1,1,45,0.5,0,0,0,0,0,0,0,0,0.00,0,0,,0.00,0.00,,,0,0,0,1,0,1,0,0,0,0,0,,,,,,,,,,,,,,
1466,Cole Palmer,eng ENG,MF,Chelsea,eng Premier League,24.0,2002,4,4,352,3.9,2,2,4,2,0,0,1,0,1.02,15,5,33.3,3.84,1.28,0.13,0.40,0,0,4,1,1,5,1,0,0,3,0,,,,,,,,,,,,,,
1467,Emerson Palmieri,it ITA,DF,Marseille,fr Ligue 1,32.0,1994,4,4,359,4.0,0,0,0,0,0,0,0,0,0.00,3,1,33.3,0.75,0.25,0.00,0.00,0,0,16,3,4,6,0,0,0,3,0,,,,,,,,,,,,,,
1468,Lorenzo Palmisani,it ITA,GK,Frosinone,it Serie A,22.0,2004,4,4,360,4.0,0,0,0,0,0,0,0,0,0.00,0,0,,0.00,0.00,,,0,0,0,0,0,1,0,0,0,0,0,4,1.00,18,14,77.8,2,1,1,1,25.0,1,0,0,1
1469,Aitor Paredes,es ESP,DF,Athletic Club,es La Liga,26.0,2000,3,2,208,2.3,1,0,1,1,0,0,0,0,0.43,1,1,100.0,0.43,0.43,1.00,1.00,0,0,2,2,1,1,0,0,0,3,0,,,,,,,,,,,,,,
1470,Troy Parrott,ie IRL,FW,Real Betis,es La Liga,24.0,2002,3,1,99,1.1,1,0,1,1,0,0,0,0,0.91,4,1,25.0,3.64,0.91,0.25,1.00,0,0,0,3,0,1,0,0,0,1,0,,,,,,,,,,,,,,
1471,Mario Pašalić,hr CRO,MF,Atalanta,it Serie A,31.0,1995,4,2,179,2.0,0,0,0,0,0,0,0,0,0.00,0,0,,0.00,0.00,,,0,0,0,0,1,0,0,0,0,1,0,,,,,,,,,,,,,,
1472,Nathan Patterson,sct SCO,DF,Torino,it Serie A,24.0,2001,1,0,35,0.4,0,0,0,0,0,0,0,0,0.00,0,0,,0.00,0.00,,,0,0,1,0,0,0,0,0,0,0,0,,,,,,,,,,,,,,
1473,Benjamin Pavard,fr FRA,DF,Inter,it Serie A,30.0,1996,1,1,90,1.0,0,0,0,0,0,0,0,0,0.00,1,0,0.0,1.00,0.00,0.00,,0,0,1,1,1,0,0,0,0,0,0,,,,,,,,,,,,,,
1474,Aleksandar Pavlovic,de GER,MF,Bayern Munich,de Bundesliga,22.0,2004,3,3,246,2.7,1,1,2,1,0,0,1,0,0.73,6,2,33.3,2.20,0.73,0.17,0.50,0,0,2,3,3,2,1,0,0,7,0,,,,,,,,,,,,,,
1475,Strahinja Pavlović,rs SRB,DF,Milan,it Serie A,25.0,2001,4,4,360,4.0,0,0,0,0,0,0,2,0,0.00,3,1,33.3,0.75,0.25,0.00,0.00,0,0,0,10,1,5,2,0,0,2,0,,,,,,,,,,,,,,
1476,Nicolás Paz,ar ARG,MF,Como,it Serie A,22.0,2004,3,3,247,2.7,1,0,1,1,0,0,0,0,0.36,12,3,25.0,4.37,1.09,0.08,0.33,0,0,3,5,1,5,0,0,0,7,0,,,,,,,,,,,,,,
1477,Marcus Pedersen,no NOR,MF,Torino,it Serie A,26.0,2000,1,1,69,0.8,0,0,0,0,0,0,0,0,0.00,0,0,,0.00,0.00,,,0,0,1,1,0,1,0,0,0,1,0,,,,,,,,,,,,,,
1478,Alfonso Pedraza,es ESP,DF,Lazio,it Serie A,30.0,1996,3,1,106,1.2,0,0,0,0,0,0,0,0,0.00,1,0,0.0,0.85,0.00,0.00,,0,0,6,0,0,1,0,0,0,3,0,,,,,,,,,,,,,,
1479,Pedri,es ESP,MF,Barcelona,es La Liga,23.0,2002,5,4,351,3.9,1,1,2,1,0,0,0,0,0.51,4,1,25.0,1.03,0.26,0.25,1.00,0,0,4,5,1,5,0,0,0,1,0,,,,,,,,,,,,,,
1480,Zé Pedro Figueiredo,pt POR,DF,Cagliari,it Serie A,29.0,1997,4,4,312,3.5,0,0,0,0,0,0,1,0,0.00,1,0,0.0,0.29,0.00,0.00,,0,0,8,4,3,0,1,0,0,2,0,,,,,,,,,,,,,,
1481,Adrià Pedrosa,es ESP,DF,Rayo Vallecano,es La Liga,28.0,1998,3,2,217,2.4,0,0,0,0,0,0,1,0,0.00,2,1,50.0,0.83,0.41,0.00,0.00,0,0,8,3,2,1,1,0,0,7,0,,,,,,,,,,,,,,
1482,Dženan Pejčinović,de GER,"FW,MF",Stuttgart,de Bundesliga,21.0,2005,3,3,242,2.7,0,0,0,0,0,0,0,0,0.00,8,2,25.0,2.98,0.74,0.00,0.00,0,0,1,2,0,0,0,0,0,0,0,,,,,,,,,,,,,,
1483,Mateo Pellegrino,ar ARG,FW,Fiorentina,it Serie A,25.0,2001,4,3,286,3.2,2,0,2,2,0,0,1,0,0.63,5,2,40.0,1.57,0.63,0.40,1.00,0,0,0,1,0,9,1,0,0,2,0,,,,,,,,,,,,,,
1484,Timothee Pembele,fr FRA,"MF,DF",Le Havre,fr Ligue 1,24.0,2002,3,3,205,2.3,0,0,0,0,0,0,0,0,0.00,2,0,0.0,0.88,0.00,0.00,,0,0,5,3,3,1,0,0,0,6,0,,,,,,,,,,,,,,
1485,Faris Pemi Moumbagna,cm CMR,FW,Marseille,fr Ligue 1,26.0,2000,3,0,10,0.1,0,0,0,0,0,0,0,0,0.00,1,0,0.0,9.00,0.00,0.00,,0,0,0,0,0,0,0,0,0,0,0,,,,,,,,,,,,,,
1486,Nicolas Pépé,ci CIV,MF,Villarreal,es La Liga,31.0,1995,4,4,334,3.7,2,0,2,2,0,0,1,0,0.54,12,6,50.0,3.23,1.62,0.17,0.33,0,0,14,2,1,5,1,0,0,0,0,,,,,,,,,,,,,,
1487,Peque,es ESP,MF,Sevilla,es La Liga,23.0,2002,3,2,157,1.7,1,0,1,0,1,1,1,0,0.00,6,3,50.0,3.44,1.72,0.17,0.33,1,1,2,0,2,7,1,0,0,6,0,,,,,,,,,,,,,,
1488,Everton Pereira,fr FRA,MF,Nice,fr Ligue 1,19.0,2007,1,1,90,1.0,0,0,0,0,0,0,0,0,0.00,0,0,,0.00,0.00,,,0,0,0,1,1,1,0,0,0,2,0,,,,,,,,,,,,,,
1489,Ángel Pérez,es ESP,"MF,DF",Alavés,es La Liga,24.0,2002,5,5,388,4.3,0,3,3,0,0,0,0,0,0.70,7,3,42.9,1.62,0.70,0.00,0.00,0,0,21,3,4,3,0,0,0,4,0,,,,,,,,,,,,,,
1490,Ayoze Pérez,es ESP,FW,Villarreal,es La Liga,33.0,1993,4,3,205,2.3,0,1,1,0,0,0,0,0,0.44,7,3,42.9,3.07,1.32,0.00,0.00,0,0,0,0,1,7,0,0,0,3,0,,,,,,,,,,,,,,
1491,Francisco Perez,es ESP,MF,Rayo Vallecano,es La Liga,24.0,2002,4,1,129,1.4,0,0,0,0,0,0,1,1,0.00,1,0,0.0,0.70,0.00,0.00,,0,0,4,0,2,2,1,1,0,5,0,,,,,,,,,,,,,,
1492,Joselu Pérez,es ESP,DF,Getafe,es La Liga,22.0,2004,1,0,7,0.1,0,0,0,0,0,0,0,0,0.00,0,0,,0.00,0.00,,,0,0,0,0,0,0,0,0,0,1,0,,,,,,,,,,,,,,
1493,Kike Pérez,es ESP,MF,Venezia,it Serie A,29.0,1997,4,4,328,3.6,0,0,0,0,0,0,1,0,0.00,1,0,0.0,0.27,0.00,0.00,,0,0,10,6,2,7,1,0,0,4,0,,,,,,,,,,,,,,
1494,Nacho Pérez,es ESP,DF,Levante,es La Liga,18.0,2008,5,4,293,3.3,0,0,0,0,0,0,0,0,0.00,1,1,100.0,0.31,0.31,0.00,0.00,0,0,9,6,5,3,0,0,0,2,0,,,,,,,,,,,,,,
1495,Mattia Perin,it ITA,GK,Juventus,it Serie A,33.0,1992,1,0,1,0.0,0,0,0,0,0,0,0,0,0.00,0,0,,0.00,0.00,,,0,0,0,0,0,0,0,0,0,0,0,0,0.00,0,0,,,,,1,,0,0,0,0
1496,Romain Perraud,fr FRA,DF,Lille,fr Ligue 1,28.0,1997,4,3,300,3.3,0,0,0,0,0,0,2,0,0.00,2,0,0.0,0.60,0.00,0.00,,0,0,6,2,3,2,2,0,0,3,0,,,,,,,,,,,,,,
1497,Lucas Perri,br BRA,GK,Torino,it Serie A,28.0,1997,1,1,90,1.0,0,0,0,0,0,0,0,0,0.00,0,0,,0.00,0.00,,,0,0,0,0,0,0,0,0,0,0,0,1,1.00,5,4,80.0,1,0,0,0,0.0,0,0,0,0
1498,Gaëtan Perrin,fr FRA,"FW,MF",Lille,fr Ligue 1,30.0,1996,3,0,77,0.9,0,0,0,0,0,0,0,0,0.00,1,0,0.0,1.17,0.00,0.00,,0,0,0,2,0,0,0,0,0,1,0,,,,,,,,,,,,,,
1499,Máximo Perrone,ar ARG,MF,Como,it Serie A,23.0,2003,3,2,160,1.8,0,0,0,0,0,0,0,0,0.00,2,0,0.0,1.13,0.00,0.00,,0,0,0,1,0,0,0,0,0,1,0,,,,,,,,,,,,,,
1500,Massimo Pessina,it ITA,GK,Bologna,it Serie A,18.0,2007,1,1,90,1.0,0,0,0,0,0,0,0,0,0.00,0,0,,0.00,0.00,,,0,0,0,0,0,0,0,0,0,0,0,1,1.00,4,3,75.0,0,0,1,0,0.0,0,0,0,0
1501,Prosper Peter,ng NGA,FW,Angers,fr Ligue 1,19.0,2007,4,0,93,1.0,0,0,0,0,0,0,1,0,0.00,4,2,50.0,3.87,1.94,0.00,0.00,0,0,0,0,0,5,1,0,0,2,0,,,,,,,,,,,,,,
1502,Lukas Petkov,bg BUL,MF,Elversberg,de Bundesliga,25.0,2000,3,3,262,2.9,1,1,2,1,0,0,0,0,0.69,4,3,75.0,1.37,1.03,0.25,0.33,0,0,7,8,2,5,0,0,0,5,0,,,,,,,,,,,,,,
1503,Đorđe Petrović,rs SRB,GK,Bournemouth,eng Premier League,26.0,1999,4,4,360,4.0,0,0,0,0,0,0,0,0,0.00,0,0,,0.00,0.00,,,0,0,0,0,0,0,0,0,0,0,0,7,1.75,16,9,56.3,0,3,1,0,0.0,0,0,0,0
1504,Rayan Philippe,fr FRA,FW,Hamburger SV,de Bundesliga,25.0,2000,1,0,2,0.0,0,0,0,0,0,0,0,0,0.00,1,0,0.0,45.00,0.00,0.00,,0,0,1,0,0,0,0,0,0,0,0,,,,,,,,,,,,,,
1505,Rayan Philippe,fr FRA,FW,Paderborn 07,de Bundesliga,25.0,2000,2,1,54,0.6,0,0,0,0,0,0,0,0,0.00,1,1,100.0,1.67,1.67,0.00,0.00,0,0,1,0,1,0,0,0,0,1,0,,,,,,,,,,,,,,
1506,Jaden Philogene Bidace,eng ENG,"FW,MF",Ipswich Town,eng Premier League,24.0,2002,1,0,29,0.3,0,0,0,0,0,0,0,0,0.00,1,1,100.0,3.10,3.10,0.00,0.00,0,0,3,0,0,0,0,0,0,0,0,,,,,,,,,,,,,,
1507,Alexandre Phliponeau,fr FRA,MF,Troyes,fr Ligue 1,26.0,2000,2,0,21,0.2,0,0,0,0,0,0,0,0,0.00,0,0,,0.00,0.00,,,0,0,0,0,1,1,0,0,0,1,0,,,,,,,,,,,,,,
1508,Hugo Picard,fr FRA,MF,Troyes,fr Ligue 1,23.0,2003,4,4,290,3.2,0,0,0,0,0,0,0,0,0.00,3,0,0.0,0.93,0.00,0.00,,0,0,21,3,3,2,0,0,0,2,0,,,,,,,,,,,,,,
1509,Roberto Piccoli,it ITA,FW,Bologna,it Serie A,25.0,2001,4,4,265,2.9,1,0,1,1,0,0,1,0,0.34,7,2,28.6,2.38,0.68,0.14,0.50,0,0,0,1,1,6,1,0,0,3,0,,,,,,,,,,,,,,
1510,Jordan Pickford,eng ENG,GK,Everton,eng Premier League,32.0,1994,4,4,360,4.0,0,0,0,0,0,0,0,0,0.00,0,0,,0.00,0.00,,,0,0,0,0,0,3,0,0,0,0,0,3,0.75,14,11,78.6,1,3,0,2,50.0,0,0,0,0
1511,Arthur Piedfort,be BEL,MF,Auxerre,fr Ligue 1,21.0,2005,4,4,336,3.7,0,0,0,0,0,0,1,0,0.00,0,0,,0.00,0.00,,,0,0,7,1,7,3,1,0,0,3,0,,,,,,,,,,,,,,
1512,Amos Pieper,de GER,DF,Werder Bremen,de Bundesliga,28.0,1998,3,3,270,3.0,0,0,0,0,0,0,0,0,0.00,4,1,25.0,1.33,0.33,0.00,0.00,0,0,0,5,5,2,0,0,0,0,0,,,,,,,,,,,,,,
1513,Marvin Pieringer,de GER,FW,Paderborn 07,de Bundesliga,26.0,1999,3,3,260,2.9,0,0,0,0,0,0,0,0,0.00,4,1,25.0,1.38,0.35,0.00,0.00,0,0,2,0,0,2,0,0,0,8,0,,,,,,,,,,,,,,
1514,Santiago Pierotti,ar ARG,"FW,MF",Lecce,it Serie A,25.0,2001,4,3,286,3.2,0,0,0,0,0,0,0,0,0.00,3,2,66.7,0.94,0.63,0.00,0.00,0,0,3,6,2,0,0,0,0,7,0,,,,,,,,,,,,,,
1515,Malik Pimpong,dk DEN,FW,Frankfurt,de Bundesliga,17.0,2008,2,0,29,0.3,0,0,0,0,0,0,0,0,0.00,0,0,,0.00,0.00,,,0,0,0,0,0,0,0,0,0,1,0,,,,,,,,,,,,,,
1516,Andrea Pinamonti,it ITA,FW,Lazio,it Serie A,27.0,1999,3,1,96,1.1,0,0,0,0,0,0,0,0,0.00,1,0,0.0,0.94,0.00,0.00,,0,0,0,0,0,1,0,0,0,4,0,,,,,,,,,,,,,,
1517,Lukas Pinckert,de GER,DF,Elversberg,de Bundesliga,26.0,2000,3,3,270,3.0,0,1,1,0,0,0,0,0,0.33,0,0,,0.00,0.00,,,0,0,1,2,4,2,0,0,0,2,0,,,,,,,,,,,,,,
1518,Ethan Pinnock,jm JAM,DF,Coventry City,eng Premier League,33.0,1993,3,2,193,2.1,0,0,0,0,0,0,1,0,0.00,2,0,0.0,0.93,0.00,0.00,,0,0,1,2,2,0,1,0,0,1,0,,,,,,,,,,,,,,
1519,Yéremy Pino,es ESP,MF,Crystal Palace,eng Premier League,23.0,2002,4,3,227,2.5,0,0,0,0,0,0,0,0,0.00,4,0,0.0,1.59,0.00,0.00,,0,0,14,2,1,5,0,0,0,4,0,,,,,,,,,,,,,,
1520,Jakub Piotrowski,pl POL,MF,Udinese,it Serie A,28.0,1997,3,3,143,1.6,1,0,1,1,0,0,2,0,0.63,4,1,25.0,2.52,0.63,0.25,1.00,0,0,0,2,0,3,2,0,0,4,0,,,,,,,,,,,,,,
1521,Niccolò Pisilli,it ITA,MF,Roma,it Serie A,21.0,2004,2,0,36,0.4,1,0,1,1,0,0,0,0,2.50,1,1,100.0,2.50,2.50,1.00,1.00,0,0,0,0,1,0,0,0,0,0,0,,,,,,,,,,,,,,
1522,Semuel Pizzignacco,it ITA,GK,Monza,it Serie A,25.0,2001,1,1,90,1.0,0,0,0,0,0,0,0,0,0.00,0,0,,0.00,0.00,,,0,0,0,0,0,0,0,0,0,0,0,4,4.00,5,1,20.0,0,0,1,0,0.0,0,0,0,0
1523,Tommaso Pobega,it ITA,MF,Bologna,it Serie A,27.0,1999,3,3,173,1.9,0,0,0,0,0,0,0,0,0.00,4,1,25.0,2.08,0.52,0.00,0.00,0,0,0,1,3,1,0,0,0,3,0,,,,,,,,,,,,,,
1524,Matteo Politano,it ITA,"FW,MF",Napoli,it Serie A,33.0,1993,4,4,262,2.9,1,0,1,1,0,0,1,0,0.34,3,2,66.7,1.03,0.69,0.33,0.50,0,0,16,1,2,2,1,0,0,2,0,,,,,,,,,,,,,,
1525,Ezequiel Ponce,ar ARG,FW,Elche,es La Liga,29.0,1997,3,1,121,1.3,0,0,0,0,0,0,0,0,0.00,3,1,33.3,2.23,0.74,0.00,0.00,0,0,0,1,1,3,0,0,0,2,0,,,,,,,,,,,,,,
1526,Marin Pongračić,hr CRO,DF,Fiorentina,it Serie A,29.0,1997,2,1,62,0.7,0,0,0,0,0,0,0,0,0.00,0,0,,0.00,0.00,,,0,0,0,0,0,0,0,0,0,3,0,,,,,,,,,,,,,,
1527,Łukasz Poręba,pl POL,MF,Elversberg,de Bundesliga,26.0,2000,3,3,270,3.0,0,0,0,0,0,0,0,0,0.00,0,0,,0.00,0.00,,,0,0,0,1,4,2,0,0,0,4,0,,,,,,,,,,,,,,
1528,Pedro Porro,es ESP,"MF,DF",Tottenham,eng Premier League,27.0,1999,2,2,180,2.0,0,0,0,0,0,0,0,0,0.00,6,1,16.7,3.00,0.50,0.00,0.00,0,0,9,1,1,3,0,0,0,1,0,,,,,,,,,,,,,,
1529,Stefan Posch,at AUT,DF,Mainz 05,de Bundesliga,29.0,1997,2,2,177,2.0,0,0,0,0,0,0,0,0,0.00,1,0,0.0,0.51,0.00,0.00,,0,0,3,2,2,2,0,0,0,3,0,,,,,,,,,,,,,,
1530,Kacper Potulski,pl POL,DF,Mainz 05,de Bundesliga,18.0,2007,3,2,191,2.1,0,0,0,0,0,0,0,0,0.00,1,0,0.0,0.47,0.00,0.00,,0,0,1,0,3,1,0,0,0,3,0,,,,,,,,,,,,,,
1531,Yussuf Poulsen,dk DEN,FW,Hamburger SV,de Bundesliga,32.0,1994,2,1,54,0.6,0,0,0,0,0,0,0,0,0.00,1,0,0.0,1.67,0.00,0.00,,0,0,0,0,0,1,0,0,0,2,0,,,,,,,,,,,,,,
1532,Kauã Prates,br BRA,DF,Dortmund,de Bundesliga,18.0,2008,1,0,7,0.1,0,0,0,0,0,0,0,0,0.00,1,0,0.0,12.86,0.00,0.00,,0,0,0,1,0,0,0,0,0,0,0,,,,,,,,,,,,,,
1533,Matteo Prati,it ITA,MF,Racing Sant,es La Liga,22.0,2003,3,2,169,1.9,0,0,0,0,0,0,0,0,0.00,0,0,,0.00,0.00,,,0,0,1,3,1,3,0,0,0,2,0,,,,,,,,,,,,,,
1534,Grischa Prömel,de GER,MF,Stuttgart,de Bundesliga,31.0,1995,3,3,270,3.0,1,0,1,1,0,0,1,0,0.33,8,3,37.5,2.67,1.00,0.13,0.33,0,0,0,0,2,3,1,0,0,3,0,,,,,,,,,,,,,,
1535,Marc Pubill,es ESP,DF,Atlético Madrid,es La Liga,23.0,2003,4,4,335,3.7,1,0,1,1,0,0,1,0,0.27,2,1,50.0,0.54,0.27,0.50,1.00,0,0,3,3,1,5,1,0,0,5,0,,,,,,,,,,,,,,
1536,Gustavo Puerta,co COL,MF,Racing Sant,es La Liga,23.0,2003,3,3,267,3.0,0,0,0,0,0,0,1,0,0.00,2,0,0.0,0.67,0.00,0.00,,0,0,1,3,2,9,1,0,0,10,0,,,,,,,,,,,,,,
1537,Puga,es ESP,DF,Málaga,es La Liga,25.0,2000,5,3,268,3.0,0,0,0,0,0,0,2,0,0.00,1,0,0.0,0.34,0.00,0.00,,0,0,3,8,6,4,2,0,0,9,0,,,,,,,,,,,,,,
1538,Christian Pulisic,us USA,"FW,MF",Milan,it Serie A,27.0,1998,1,0,45,0.5,0,1,1,0,0,0,1,0,2.00,1,1,100.0,2.00,2.00,0.00,0.00,0,0,3,0,0,0,1,0,0,2,0,,,,,,,,,,,,,,
1539,Giacomo Quagliata,it ITA,DF,Dep. A Coruña,es La Liga,26.0,2000,5,5,450,5.0,0,0,0,0,0,0,1,0,0.00,4,1,25.0,0.80,0.20,0.00,0.00,0,0,14,1,8,8,1,0,0,5,0,,,,,,,,,,,,,,
1540,Jarell Quansah,eng ENG,DF,Leverkusen,de Bundesliga,23.0,2003,3,2,188,2.1,0,1,1,0,0,0,0,0,0.48,2,0,0.0,0.96,0.00,0.00,,0,0,8,1,0,1,0,0,0,2,0,,,,,,,,,,,,,,
1541,Geovany Quenda,pt POR,MF,Chelsea,eng Premier League,19.0,2007,1,0,9,0.1,0,0,0,0,0,0,0,0,0.00,0,0,,0.00,0.00,,,0,0,0,0,0,0,0,0,0,0,0,,,,,,,,,,,,,,
1542,Leopold Querfeld,at AUT,DF,Union Berlin,de Bundesliga,22.0,2003,2,2,180,2.0,1,1,2,1,0,0,0,0,1.00,3,1,33.3,1.50,0.50,0.33,1.00,0,0,0,1,3,1,0,0,0,2,0,,,,,,,,,,,,,,
1543,Matheo Raab,de GER,GK,Union Berlin,de Bundesliga,27.0,1998,1,1,90,1.0,0,0,0,0,0,0,0,0,0.00,0,0,,0.00,0.00,,,0,0,0,0,0,0,0,0,0,0,0,3,3.00,3,0,0.0,0,1,0,0,0.0,0,0,0,0
1544,Dani Raba,es ESP,"FW,MF",Valencia,es La Liga,30.0,1995,1,0,9,0.1,0,0,0,0,0,0,0,0,0.00,1,0,0.0,10.00,0.00,0.00,,0,0,1,0,0,0,0,0,0,0,0,,,,,,,,,,,,,,
1545,Antoine Rabillard,fr FRA,MF,Le Mans,fr Ligue 1,30.0,1995,3,1,143,1.6,0,0,0,0,0,0,0,0,0.00,1,0,0.0,0.63,0.00,0.00,,0,0,3,0,2,3,0,0,0,1,0,,,,,,,,,,,,,,
1546,Adrien Rabiot,fr FRA,MF,Milan,it Serie A,31.0,1995,4,2,217,2.4,1,2,3,1,0,0,0,0,1.24,3,1,33.3,1.24,0.41,0.33,1.00,0,0,3,2,0,4,0,0,0,5,0,,,,,,,,,,,,,,
1547,Ionuț Radu,ro ROU,GK,Celta Vigo,es La Liga,29.0,1997,6,6,540,6.0,0,0,0,0,0,0,1,0,0.00,0,0,,0.00,0.00,,,0,0,0,0,0,2,1,0,0,0,0,6,1.00,22,16,72.7,0,4,2,2,33.3,1,1,0,0
1548,Antonio Raimondo,it ITA,FW,Frosinone,it Serie A,22.0,2004,4,4,326,3.6,4,0,4,4,0,0,1,0,1.10,8,4,50.0,2.21,1.10,0.50,1.00,0,0,2,1,0,5,1,0,0,6,0,,,,,,,,,,,,,,
1549,Jacobo Ramón,es ESP,DF,Como,it Serie A,21.0,2005,3,3,270,3.0,0,0,0,0,0,0,0,0,0.00,3,1,33.3,1.00,0.33,0.00,0.00,0,0,1,4,2,1,0,0,0,1,0,,,,,,,,,,,,,,
1550,Pablo Ramon,es ESP,DF,Racing Sant,es La Liga,25.0,2001,4,3,292,3.2,0,0,0,0,0,0,1,0,0.00,0,0,,0.00,0.00,,,0,0,0,7,6,6,1,0,0,1,0,,,,,,,,,,,,,,
1551,Gonçalo Ramos,pt POR,FW,Milan,it Serie A,25.0,2001,4,4,354,3.9,1,0,1,1,0,0,0,0,0.25,14,4,28.6,3.56,1.02,0.07,0.25,0,0,0,2,1,5,0,0,0,7,0,,,,,,,,,,,,,,
1552,Jacob Ramsey,eng ENG,MF,Newcastle,eng Premier League,25.0,2001,3,0,72,0.8,1,0,1,1,0,0,1,0,1.25,2,1,50.0,2.50,1.25,0.50,1.00,0,0,0,1,1,0,1,0,0,3,0,,,,,,,,,,,,,,
1553,Luca Ranieri,it ITA,DF,Fiorentina,it Serie A,27.0,1999,2,2,178,2.0,0,0,0,0,0,0,0,0,0.00,1,0,0.0,0.51,0.00,0.00,,0,0,0,1,2,0,0,0,0,2,0,,,,,,,,,,,,,,
1554,Lilian Raolisoa,fr FRA,DF,Angers,fr Ligue 1,26.0,2000,3,1,105,1.2,0,0,0,0,0,0,0,0,0.00,1,0,0.0,0.86,0.00,0.00,,0,0,10,2,7,2,0,0,0,0,0,,,,,,,,,,,,,,
1555,Raphinha,br BRA,FW,Barcelona,es La Liga,29.0,1996,5,5,406,4.5,6,3,9,5,1,1,0,0,1.77,15,9,60.0,3.33,2.00,0.40,0.67,1,1,12,1,0,3,0,0,0,3,0,,,,,,,,,,,,,,
1556,Marcus Rashford,eng ENG,MF,Manchester Utd,eng Premier League,28.0,1997,4,3,275,3.1,0,0,0,0,0,0,0,0,0.00,7,2,28.6,2.29,0.65,0.00,0.00,0,0,15,1,1,6,0,0,0,2,0,,,,,,,,,,,,,,
1557,Giacomo Raspadori,it ITA,FW,Atalanta,it Serie A,26.0,2000,3,2,151,1.7,1,0,1,1,0,0,0,0,0.60,8,1,12.5,4.77,0.60,0.13,1.00,0,0,2,3,2,3,0,0,0,2,0,,,,,,,,,,,,,,
1558,Andrei Ratiu,ro ROU,DF,Rayo Vallecano,es La Liga,28.0,1998,4,4,360,4.0,1,0,1,1,0,0,0,0,0.25,5,2,40.0,1.25,0.50,0.20,0.50,0,0,19,3,7,5,0,0,0,3,0,,,,,,,,,,,,,,
1559,Petar Ratkov,rs SRB,FW,Levante,es La Liga,23.0,2003,1,1,58,0.6,0,0,0,0,0,0,0,0,0.00,1,0,0.0,1.55,0.00,0.00,,0,0,0,0,1,1,0,0,0,0,0,,,,,,,,,,,,,,
1560,Raúl,es ESP,"FW,MF",Osasuna,es La Liga,25.0,2000,5,3,280,3.1,0,1,1,0,0,0,1,0,0.32,8,2,25.0,2.57,0.64,0.00,0.00,0,0,2,0,0,7,1,0,0,2,0,,,,,,,,,,,,,,
1561,David Raum,de GER,DF,RB Leipzig,de Bundesliga,28.0,1998,3,3,270,3.0,0,0,0,0,0,0,0,0,0.00,3,1,33.3,1.00,0.33,0.00,0.00,0,0,31,1,3,0,0,0,0,4,0,,,,,,,,,,,,,,
1562,David Raya,es ESP,GK,Arsenal,eng Premier League,30.0,1995,4,4,360,4.0,0,0,0,0,0,0,0,0,0.00,0,0,,0.00,0.00,,,0,0,0,0,0,2,0,0,0,0,0,1,0.25,7,6,85.7,4,0,0,3,75.0,1,0,1,0
1563,Rayan,br BRA,MF,Bournemouth,eng Premier League,20.0,2006,4,4,347,3.9,0,0,0,0,0,0,0,0,0.00,12,4,33.3,3.11,1.04,0.00,0.00,0,0,6,1,1,3,0,0,0,1,0,,,,,,,,,,,,,,
1564,Abde Rebbach,dz ALG,"MF,DF",Alavés,es La Liga,28.0,1998,5,5,409,4.5,0,0,0,0,0,0,3,0,0.00,4,3,75.0,0.88,0.66,0.00,0.00,0,0,20,8,8,4,3,0,0,9,0,,,,,,,,,,,,,,
1565,Ángel Recio,,DF,Málaga,es La Liga,,,5,5,450,5.0,0,0,0,0,0,0,0,0,0.00,3,1,33.3,0.60,0.20,0.00,0.00,0,0,0,3,5,1,0,0,0,4,0,,,,,,,,,,,,,,
1566,Federico Redondo,ar ARG,DF,Elche,es La Liga,23.0,2003,3,3,229,2.5,0,0,0,0,0,0,1,0,0.00,1,0,0.0,0.39,0.00,0.00,,0,0,0,5,7,3,1,0,0,2,0,,,,,,,,,,,,,,
1567,Youri Regeer,nl NED,MF,Werder Bremen,de Bundesliga,23.0,2003,2,2,164,1.8,0,0,0,0,0,0,0,0,0.00,1,1,100.0,0.55,0.55,0.00,0.00,0,0,2,2,5,1,0,0,0,2,0,,,,,,,,,,,,,,
1568,Luca Reggiani,it ITA,DF,Dortmund,de Bundesliga,18.0,2008,1,0,28,0.3,0,0,0,0,0,0,1,0,0.00,0,0,,0.00,0.00,,,0,0,0,1,0,0,1,0,0,1,0,,,,,,,,,,,,,,
1569,Ludovit Reis,nl NED,MF,Werder Bremen,de Bundesliga,26.0,2000,3,3,243,2.7,0,0,0,0,0,0,1,0,0.00,1,0,0.0,0.37,0.00,0.00,,0,0,1,7,2,3,1,0,0,1,0,,,,,,,,,,,,,,
1570,Vitor Reis,br BRA,DF,Manchester City,eng Premier League,20.0,2006,1,0,2,0.0,0,0,0,0,0,0,0,0,0.00,0,0,,0.00,0.00,,,0,0,0,0,0,0,0,0,0,0,0,,,,,,,,,,,,,,
1571,Rocco Reitz,de GER,MF,RB Leipzig,de Bundesliga,24.0,2002,1,1,82,0.9,1,0,1,1,0,0,0,0,1.10,2,1,50.0,2.20,1.10,0.50,1.00,0,0,1,0,0,2,0,0,0,1,0,,,,,,,,,,,,,,
1572,Nicolai Remberg,de GER,MF,Hamburger SV,de Bundesliga,26.0,2000,3,3,270,3.0,0,0,0,0,0,0,0,0,0.00,1,1,100.0,0.33,0.33,0.00,0.00,0,0,0,3,4,3,0,0,0,4,0,,,,,,,,,,,,,,
1573,Álex Remiro,es ESP,GK,Real Sociedad,es La Liga,31.0,1995,5,5,450,5.0,0,0,0,0,0,0,0,0,0.00,0,0,,0.00,0.00,,,0,0,0,0,0,0,0,0,0,0,0,9,1.80,28,19,67.9,1,1,3,1,20.0,1,1,0,0
1574,Daniel Requena,es ESP,FW,Levante,es La Liga,22.0,2004,2,1,95,1.1,0,0,0,0,0,0,0,0,0.00,1,0,0.0,0.95,0.00,0.00,,0,0,0,3,0,2,0,0,0,5,0,,,,,,,,,,,,,,
1575,Guillaume Restes,fr FRA,GK,Toulouse,fr Ligue 1,21.0,2005,3,3,250,2.8,0,0,0,0,0,0,0,0,0.00,0,0,,0.00,0.00,,,0,0,0,0,0,1,0,0,0,0,0,4,1.44,13,9,69.2,0,1,2,0,0.0,0,0,0,0
1576,Roy Revivo,il ISR,DF,Elche,es La Liga,23.0,2003,2,1,100,1.1,0,0,0,0,0,0,0,0,0.00,1,0,0.0,0.90,0.00,0.00,,0,0,2,2,2,2,0,0,0,0,0,,,,,,,,,,,,,,
1577,Oriol Rey,es ESP,MF,Levante,es La Liga,28.0,1998,5,4,390,4.3,0,0,0,0,0,0,0,0,0.00,1,0,0.0,0.23,0.00,0.00,,0,0,2,3,3,1,0,0,0,6,0,,,,,,,,,,,,,,
1578,Gio Reyna,us USA,MF,Strasbourg,fr Ligue 1,23.0,2002,4,3,239,2.7,1,0,1,1,0,0,0,0,0.38,6,3,50.0,2.26,1.13,0.17,0.33,0,0,1,2,1,4,0,0,0,2,0,,,,,,,,,,,,,,
1579,Bryan Reynolds,us USA,DF,Rennes,fr Ligue 1,25.0,2001,2,0,26,0.3,0,0,0,0,0,0,0,0,0.00,0,0,,0.00,0.00,,,0,0,1,1,0,0,0,0,0,1,0,,,,,,,,,,,,,,
1580,Chadi Riad,ma MAR,DF,Crystal Palace,eng Premier League,23.0,2003,1,1,71,0.8,0,0,0,0,0,0,0,0,0.00,0,0,,0.00,0.00,,,0,0,0,1,1,0,0,0,0,2,0,,,,,,,,,,,,,,
1581,Alexsandro Ribeiro,br BRA,DF,Lille,fr Ligue 1,27.0,1999,4,4,360,4.0,0,0,0,0,0,0,0,0,0.00,0,0,,0.00,0.00,,,0,0,0,4,3,5,0,0,0,3,0,,,,,,,,,,,,,,
1582,Rodrigo Ribeiro,pt POR,FW,Augsburg,de Bundesliga,21.0,2005,3,0,33,0.4,1,0,1,1,0,0,0,0,2.73,2,1,50.0,5.45,2.73,0.50,1.00,0,0,0,0,0,0,0,0,0,1,0,,,,,,,,,,,,,,
1583,Samuele Ricci,it ITA,MF,Como,it Serie A,25.0,2001,1,0,11,0.1,0,0,0,0,0,0,0,0,0.00,1,1,100.0,8.18,8.18,0.00,0.00,0,0,0,1,0,0,0,0,0,0,0,,,,,,,,,,,,,,
1584,Declan Rice,eng ENG,MF,Arsenal,eng Premier League,27.0,1999,4,4,321,3.6,0,2,2,0,0,0,0,0,0.56,3,0,0.0,0.84,0.00,0.00,,0,0,12,2,3,0,0,0,0,3,0,,,,,,,,,,,,,,
1585,Chris Richards,us USA,DF,Crystal Palace,eng Premier League,26.0,2000,4,4,360,4.0,0,0,0,0,0,0,1,0,0.00,2,2,100.0,0.50,0.50,0.00,0.00,0,0,1,5,7,0,1,0,0,2,0,,,,,,,,,,,,,,
1586,Amir Richardson,ma MAR,MF,Le Havre,fr Ligue 1,24.0,2002,4,4,360,4.0,0,0,0,0,0,0,1,0,0.00,7,3,42.9,1.75,0.75,0.00,0.00,0,0,2,6,5,6,1,0,0,7,0,,,,,,,,,,,,,,
1587,Richarlison,br BRA,FW,Tottenham,eng Premier League,29.0,1997,1,1,67,0.7,0,0,0,0,0,0,0,0,0.00,0,0,,0.00,0.00,,,0,0,0,0,0,1,0,0,0,2,0,,,,,,,,,,,,,,
1588,Diego Rico,es ESP,DF,Osasuna,es La Liga,33.0,1993,1,1,45,0.5,0,0,0,0,0,0,0,0,0.00,0,0,,0.00,0.00,,,0,0,0,0,0,3,0,0,0,0,0,,,,,,,,,,,,,,
1589,Clemens Riedel,de GER,DF,Espanyol,es La Liga,23.0,2003,4,3,250,2.8,0,0,0,0,0,0,2,0,0.00,1,1,100.0,0.36,0.36,0.00,0.00,0,0,1,3,2,0,2,0,0,9,0,,,,,,,,,,,,,,
1590,Fabian Rieder,ch SUI,MF,Augsburg,de Bundesliga,24.0,2002,3,3,262,2.9,1,2,3,1,0,0,1,0,1.03,5,4,80.0,1.72,1.37,0.20,0.25,0,0,4,7,5,5,1,0,0,3,0,,,,,,,,,,,,,,
1591,Chris Rigg,eng ENG,MF,Sunderland,eng Premier League,19.0,2007,2,0,19,0.2,0,0,0,0,0,0,0,0,0.00,0,0,,0.00,0.00,,,0,0,0,0,0,0,0,0,0,0,0,,,,,,,,,,,,,,
1592,Hugo Rincón,es ESP,DF,Athletic Club,es La Liga,23.0,2003,2,1,107,1.2,0,0,0,0,0,0,0,0,0.00,0,0,,0.00,0.00,,,0,0,2,0,1,4,0,0,0,1,0,,,,,,,,,,,,,,
1593,Luis Rioja,es ESP,DF,Valencia,es La Liga,32.0,1993,2,1,95,1.1,0,0,0,0,0,0,0,0,0.00,2,0,0.0,1.89,0.00,0.00,,0,0,7,0,0,1,0,0,0,0,0,,,,,,,,,,,,,,
1594,Renaud Ripart,fr FRA,FW,Troyes,fr Ligue 1,33.0,1993,4,3,250,2.8,1,0,1,0,1,1,0,0,0.00,8,3,37.5,2.88,1.08,0.13,0.33,1,1,2,3,1,7,0,0,0,2,0,,,,,,,,,,,,,,
1595,Rodrigo Riquelme,es ESP,MF,Real Betis,es La Liga,26.0,2000,4,3,210,2.3,2,0,2,2,0,0,0,0,0.86,4,3,75.0,1.71,1.29,0.50,0.67,0,0,9,1,5,6,0,0,0,2,0,,,,,,,,,,,,,,
1596,Alberto Risco,es ESP,MF,Getafe,es La Liga,21.0,2005,3,0,52,0.6,0,0,0,0,0,0,0,0,0.00,1,0,0.0,1.73,0.00,0.00,,0,0,1,1,0,1,0,0,0,1,0,,,,,,,,,,,,,,
1597,Robin Risser,fr FRA,GK,Lens,fr Ligue 1,21.0,2004,4,4,360,4.0,0,0,0,0,0,0,0,0,0.00,0,0,,0.00,0.00,,,0,0,0,0,0,1,0,0,0,0,0,7,1.75,19,12,63.2,1,1,2,0,0.0,1,1,0,0
1598,Andy Robertson,sct SCO,DF,Tottenham,eng Premier League,32.0,1994,4,3,277,3.1,0,0,0,0,0,0,0,0,0.00,2,1,50.0,0.65,0.32,0.00,0.00,0,0,17,2,3,2,0,0,0,0,0,,,,,,,,,,,,,,
1599,Milan Robin,fr FRA,MF,Le Mans,fr Ligue 1,26.0,1999,1,0,10,0.1,0,0,0,0,0,0,0,0,0.00,0,0,,0.00,0.00,,,0,0,0,0,0,0,0,0,0,0,0,,,,,,,,,,,,,,
1600,Antonee Robinson,us USA,DF,Fulham,eng Premier League,29.0,1997,4,4,339,3.8,0,0,0,0,0,0,0,0,0.00,4,0,0.0,1.06,0.00,0.00,,0,0,15,8,2,2,0,0,0,3,0,,,,,,,,,,,,,,
1601,Jay Robinson,eng ENG,MF,Monza,it Serie A,19.0,2007,3,2,151,1.7,1,0,1,1,0,0,0,0,0.60,4,3,75.0,2.38,1.79,0.25,0.33,0,0,6,1,0,9,0,0,0,1,0,,,,,,,,,,,,,,
1602,Marc Roca,es ESP,MF,Real Betis,es La Liga,29.0,1996,3,3,246,2.7,0,1,1,0,0,0,1,0,0.37,3,0,0.0,1.10,0.00,0.00,,0,0,0,4,3,5,1,0,0,4,0,,,,,,,,,,,,,,
1603,Joe Rodon,wls WAL,DF,Leeds United,eng Premier League,28.0,1997,2,2,123,1.4,0,0,0,0,0,0,0,0,0.00,1,0,0.0,0.73,0.00,0.00,,0,0,1,0,2,2,0,0,0,3,0,,,,,,,,,,,,,,
1604,Rodri,es ESP,MF,Barcelona,es La Liga,30.0,1996,4,2,206,2.3,0,0,0,0,0,0,1,0,0.00,1,0,0.0,0.44,0.00,0.00,,0,0,1,3,3,2,1,0,0,1,0,,,,,,,,,,,,,,
1605,Álvaro Rodríguez,uy URU,FW,Bournemouth,eng Premier League,22.0,2004,2,0,11,0.1,0,0,0,0,0,0,0,0,0.00,0,0,,0.00,0.00,,,0,0,0,0,0,1,0,0,0,1,0,,,,,,,,,,,,,,
1606,Guido Rodríguez,ar ARG,MF,Valencia,es La Liga,32.0,1994,2,2,177,2.0,0,0,0,0,0,0,0,0,0.00,1,1,100.0,0.51,0.51,0.00,0.00,0,0,0,3,5,4,0,0,0,4,0,,,,,,,,,,,,,,
1607,Javi Rodríguez,es ESP,DF,Celta Vigo,es La Liga,23.0,2003,4,3,232,2.6,0,0,0,0,0,0,0,0,0.00,1,1,100.0,0.39,0.39,0.00,0.00,0,0,0,1,3,1,0,0,0,1,0,,,,,,,,,,,,,,
1608,Jesus Rodríguez,es ESP,MF,Como,it Serie A,20.0,2005,1,1,70,0.8,0,0,0,0,0,0,0,0,0.00,2,0,0.0,2.57,0.00,0.00,,0,0,2,0,0,0,0,0,0,1,0,,,,,,,,,,,,,,
1609,Juan Rodríguez,uy URU,DF,Cagliari,it Serie A,21.0,2005,4,4,335,3.7,0,0,0,0,0,0,0,0,0.00,1,0,0.0,0.27,0.00,0.00,,0,0,0,4,8,1,0,0,0,2,0,,,,,,,,,,,,,,
1610,Miguel Rodríguez,es ESP,MF,Alavés,es La Liga,23.0,2003,2,0,7,0.1,0,0,0,0,0,0,0,0,0.00,0,0,,0.00,0.00,,,0,0,0,0,0,0,0,0,0,0,0,,,,,,,,,,,,,,
1611,Mikel Rodriguez,es ESP,MF,Alavés,es La Liga,24.0,2002,3,2,148,1.6,1,0,1,1,0,0,0,0,0.61,2,1,50.0,1.22,0.61,0.50,1.00,0,0,3,4,2,5,0,0,0,1,0,,,,,,,,,,,,,,
1612,Rafa Rodríguez,es ESP,MF,Málaga,es La Liga,23.0,2003,3,1,87,1.0,0,0,0,0,0,0,0,0,0.00,6,0,0.0,6.21,0.00,0.00,,0,0,0,1,0,3,0,0,0,2,0,,,,,,,,,,,,,,
1613,Riki Rodríguez,es ESP,MF,Dep. A Coruña,es La Liga,28.0,1997,2,2,116,1.3,0,0,0,0,0,0,0,0,0.00,0,0,,0.00,0.00,,,0,0,1,0,1,1,0,0,0,2,0,,,,,,,,,,,,,,
1614,Robin Roefs,nl NED,GK,Sunderland,eng Premier League,23.0,2003,4,4,360,4.0,0,0,0,0,0,0,0,0,0.00,0,0,,0.00,0.00,,,0,0,0,0,0,2,0,0,0,0,0,5,1.25,10,5,50.0,1,1,2,1,25.0,1,1,0,0
1615,Morgan Rogers,eng ENG,MF,Chelsea,eng Premier League,24.0,2002,4,4,347,3.9,3,1,4,3,0,0,1,0,1.04,11,4,36.4,2.85,1.04,0.27,0.75,0,0,3,2,0,6,1,0,0,5,0,,,,,,,,,,,,,,
1616,Merlin Röhl,de GER,DF,Everton,eng Premier League,24.0,2002,3,3,249,2.8,0,0,0,0,0,0,1,0,0.00,0,0,,0.00,0.00,,,0,0,7,4,1,4,1,0,0,3,0,,,,,,,,,,,,,,
1617,Maximilian Rohr,de GER,DF,Elversberg,de Bundesliga,31.0,1995,3,3,261,2.9,0,0,0,0,0,0,1,0,0.00,1,0,0.0,0.34,0.00,0.00,,0,0,0,1,5,3,1,0,0,3,0,,,,,,,,,,,,,,
1618,Leo Román,es ESP,GK,Dep. A Coruña,es La Liga,26.0,2000,5,5,450,5.0,0,0,0,0,0,0,0,0,0.00,0,0,,0.00,0.00,,,0,0,0,0,0,0,0,0,0,0,0,6,1.20,22,16,72.7,2,3,0,0,0.0,1,1,0,0
1619,Miguel Román,es ESP,MF,Celta Vigo,es La Liga,23.0,2002,6,5,495,5.5,0,1,1,0,0,0,0,0,0.18,5,0,0.0,0.91,0.00,0.00,,0,0,14,4,2,4,0,0,0,3,0,,,,,,,,,,,,,,
1620,Alessandro Romano,ch SUI,MF,Cagliari,it Serie A,20.0,2006,4,4,360,4.0,1,0,1,1,0,0,0,0,0.25,6,4,66.7,1.50,1.00,0.17,0.25,0,0,11,7,2,4,0,0,0,4,0,,,,,,,,,,,,,,
1621,Carlos Romero,es ESP,DF,Villarreal,es La Liga,24.0,2001,3,3,270,3.0,0,0,0,0,0,0,1,0,0.00,2,0,0.0,0.67,0.00,0.00,,0,0,6,5,1,7,1,0,0,2,0,,,,,,,,,,,,,,
1622,Cristian Romero,ar ARG,DF,Atlético Madrid,es La Liga,28.0,1998,2,1,122,1.4,0,0,0,0,0,0,0,0,0.00,1,0,0.0,0.74,0.00,0.00,,0,0,0,0,0,3,0,0,0,0,0,,,,,,,,,,,,,,
1623,Isaac Romero,es ESP,"MF,FW",Sevilla,es La Liga,26.0,2000,4,2,175,1.9,1,1,2,1,0,0,2,0,1.03,4,1,25.0,2.06,0.51,0.25,1.00,0,0,2,3,1,3,2,0,0,6,0,,,,,,,,,,,,,,
1624,Iván Romero,es ESP,FW,Levante,es La Liga,25.0,2001,5,4,314,3.5,1,0,1,1,0,0,1,0,0.29,15,6,40.0,4.30,1.72,0.07,0.17,0,0,2,2,0,7,1,0,0,3,0,,,,,,,,,,,,,,
1625,José Romero,ar ARG,FW,Parma,it Serie A,23.0,2003,2,1,83,0.9,0,0,0,0,0,0,0,0,0.00,3,3,100.0,3.25,3.25,0.00,0.00,0,0,0,1,0,2,0,0,0,1,0,,,,,,,,,,,,,,
1626,Zaid Romero,ar ARG,DF,Getafe,es La Liga,26.0,1999,4,4,336,3.7,0,0,0,0,0,0,2,1,0.00,1,0,0.0,0.27,0.00,0.00,,0,0,4,3,7,3,2,1,1,3,0,,,,,,,,,,,,,,
1627,Rômulo,br BRA,FW,RB Leipzig,de Bundesliga,24.0,2002,1,0,17,0.2,1,0,1,1,0,0,0,0,5.29,1,1,100.0,5.29,5.29,1.00,1.00,0,0,0,1,0,0,0,0,0,1,0,,,,,,,,,,,,,,
1628,Imad Rondić,ba BIH,FW,Köln,de Bundesliga,27.0,1999,1,0,1,0.0,0,0,0,0,0,0,0,0,0.00,0,0,,0.00,0.00,,,0,0,0,0,0,0,0,0,0,0,0,,,,,,,,,,,,,,
1629,Valentin Rongier,fr FRA,MF,Rennes,fr Ligue 1,31.0,1994,4,4,343,3.8,1,0,1,1,0,0,0,0,0.26,3,3,100.0,0.79,0.79,0.33,0.33,0,0,1,6,4,3,0,0,0,5,0,,,,,,,,,,,,,,
1630,Marten de Roon,nl NED,"DF,MF",Roma,it Serie A,35.0,1991,1,0,7,0.1,0,0,0,0,0,0,0,0,0.00,0,0,,0.00,0.00,,,0,0,0,1,0,0,0,0,0,0,0,,,,,,,,,,,,,,
1631,Max Rosenfelder,de GER,DF,Freiburg,de Bundesliga,23.0,2003,1,0,22,0.2,0,0,0,0,0,0,0,0,0.00,0,0,,0.00,0.00,,,0,0,0,0,2,0,0,0,0,0,0,,,,,,,,,,,,,,
1632,Tom Rothe,de GER,DF,Union Berlin,de Bundesliga,21.0,2004,3,3,270,3.0,0,1,1,0,0,0,0,0,0.33,4,2,50.0,1.33,0.67,0.00,0.00,0,0,7,7,3,2,0,0,0,3,0,,,,,,,,,,,,,,
1633,Mats Rots,nl NED,DF,Hoffenheim,de Bundesliga,20.0,2006,3,2,162,1.8,0,0,0,0,0,0,0,0,0.00,3,0,0.0,1.67,0.00,0.00,,0,0,10,2,2,0,0,0,0,3,0,,,,,,,,,,,,,,
1634,Anthony Rouault,fr FRA,DF,Rennes,fr Ligue 1,25.0,2001,2,2,180,2.0,0,0,0,0,0,0,0,0,0.00,1,0,0.0,0.50,0.00,0.00,,0,0,0,2,1,0,0,0,0,0,0,,,,,,,,,,,,,,
1635,Nicolò Rovella,it ITA,MF,Lazio,it Serie A,24.0,2001,2,2,126,1.4,0,0,0,0,0,0,0,0,0.00,1,0,0.0,0.71,0.00,0.00,,0,0,0,2,2,2,0,0,0,1,0,,,,,,,,,,,,,,
1636,Jonathan Rowe,eng ENG,"FW,MF",Bologna,it Serie A,23.0,2003,1,0,31,0.3,0,0,0,0,0,0,0,0,0.00,1,1,100.0,2.90,2.90,0.00,0.00,0,0,1,0,0,2,0,0,0,1,0,,,,,,,,,,,,,,
1637,Jonathan Rowe,eng ENG,FW,Atalanta,it Serie A,23.0,2003,1,1,90,1.0,0,0,0,0,0,0,0,0,0.00,3,0,0.0,3.00,0.00,0.00,,0,0,8,3,0,3,0,0,0,0,0,,,,,,,,,,,,,,
1638,Albion Rrahmani,xk KVX,FW,Venezia,it Serie A,26.0,2000,3,1,62,0.7,0,0,0,0,0,0,0,0,0.00,4,1,25.0,5.81,1.45,0.00,0.00,0,0,0,1,1,0,0,0,0,1,0,,,,,,,,,,,,,,
1639,Amir Rrahmani,xk KVX,DF,Napoli,it Serie A,32.0,1994,4,4,360,4.0,0,1,1,0,0,0,0,0,0.25,4,0,0.0,1.00,0.00,0.00,,0,0,0,6,4,3,0,0,0,7,0,,,,,,,,,,,,,,
1640,Rubén,es ESP,DF,Elche,es La Liga,25.0,2001,1,0,15,0.2,0,0,0,0,0,0,1,0,0.00,1,0,0.0,6.00,0.00,0.00,,0,0,0,0,0,0,1,0,0,1,0,,,,,,,,,,,,,,
1641,Antonio Rüdiger,de GER,DF,Real Madrid,es La Liga,33.0,1993,2,2,180,2.0,0,0,0,0,0,0,0,0,0.00,2,1,50.0,1.00,0.50,0.00,0.00,0,0,0,0,0,1,0,0,0,1,0,,,,,,,,,,,,,,
1642,Jack Rudoni,eng ENG,MF,Coventry City,eng Premier League,26.0,2000,4,3,225,2.5,0,0,0,0,0,0,0,0,0.00,5,3,60.0,2.00,1.20,0.00,0.00,0,0,9,1,2,3,0,0,0,5,0,,,,,,,,,,,,,,
1643,Javi Rueda,es ESP,MF,Celta Vigo,es La Liga,24.0,2002,6,3,330,3.7,0,0,0,0,0,0,1,0,0.00,2,0,0.0,0.55,0.00,0.00,,0,0,10,5,5,5,1,0,0,4,0,,,,,,,,,,,,,,
1644,Matteo Ruggeri,it ITA,"DF,MF",Aston Villa,eng Premier League,24.0,2002,2,0,25,0.3,0,0,0,0,0,0,0,0,0.00,0,0,,0.00,0.00,,,0,0,2,0,1,0,0,0,0,0,0,,,,,,,,,,,,,,
1645,Fabián Ruiz Peña,es ESP,MF,Paris SG,fr Ligue 1,30.0,1996,4,2,229,2.5,0,2,2,0,0,0,1,0,0.79,2,2,100.0,0.79,0.79,0.00,0.00,0,0,5,4,3,2,1,0,0,2,0,,,,,,,,,,,,,,
1646,Otto Ruoppi,fi FIN,"FW,MF",Mainz 05,de Bundesliga,20.0,2006,3,0,32,0.4,0,1,1,0,0,0,0,0,2.81,0,0,,0.00,0.00,,,0,0,1,0,0,0,0,0,0,0,0,,,,,,,,,,,,,,
1647,Carl Rushworth,eng ENG,GK,Coventry City,eng Premier League,25.0,2001,4,4,360,4.0,0,0,0,0,0,0,0,0,0.00,0,0,,0.00,0.00,,,0,0,0,0,0,1,0,0,0,0,0,10,2.50,17,7,41.2,0,0,4,0,0.0,1,1,0,0
1648,Jacen Russell-Rowe,ca CAN,FW,Toulouse,fr Ligue 1,24.0,2002,4,3,251,2.8,1,0,1,1,0,0,0,0,0.36,8,4,50.0,2.87,1.43,0.13,0.25,0,0,2,0,1,0,0,0,0,4,0,,,,,,,,,,,,,,
1649,Georginio Rutter,fr FRA,FW,Brighton,eng Premier League,24.0,2002,1,1,90,1.0,0,1,1,0,0,0,0,0,1.00,2,0,0.0,2.00,0.00,0.00,,0,0,0,2,0,0,0,0,0,0,0,,,,,,,,,,,,,,
1650,Mathew Ryan,au AUS,GK,Levante,es La Liga,34.0,1992,5,5,450,5.0,0,0,0,0,0,0,0,0,0.00,0,0,,0.00,0.00,,,0,0,0,0,0,1,0,0,0,0,0,9,1.80,27,18,66.7,1,2,2,2,40.0,2,1,1,0
1651,Julian Ryerson,no NOR,MF,Dortmund,de Bundesliga,28.0,1997,3,3,239,2.7,0,0,0,0,0,0,1,0,0.00,0,0,,0.00,0.00,,,0,0,25,2,5,5,1,0,0,2,0,,,,,,,,,,,,,,
1652,Frederik Rønnow,dk DEN,GK,Union Berlin,de Bundesliga,34.0,1992,2,2,180,2.0,0,0,0,0,0,0,0,0,0.00,0,0,,0.00,0.00,,,0,0,0,0,0,0,0,0,0,0,0,7,3.50,19,12,63.2,0,0,2,0,0.0,0,0,0,0
1653,Stefano Sabelli,it ITA,MF,Genoa,it Serie A,33.0,1993,1,1,45,0.5,0,0,0,0,0,0,1,0,0.00,0,0,,0.00,0.00,,,0,0,1,0,2,1,1,0,0,2,0,,,,,,,,,,,,,,
1654,Marcel Sabitzer,at AUT,"FW,MF",Dortmund,de Bundesliga,32.0,1994,3,0,67,0.7,0,1,1,0,0,0,0,0,1.34,1,0,0.0,1.34,0.00,0.00,,0,0,4,0,1,1,0,0,0,0,0,,,,,,,,,,,,,,
1655,Mujaid Sadick,es ESP,DF,Rayo Vallecano,es La Liga,26.0,2000,1,0,16,0.2,0,0,0,0,0,0,0,0,0.00,0,0,,0.00,0.00,,,0,0,0,0,0,0,0,0,0,0,0,,,,,,,,,,,,,,
1656,Noah Sadiki,cd COD,MF,Sunderland,eng Premier League,21.0,2004,4,4,343,3.8,0,0,0,0,0,0,1,0,0.00,6,3,50.0,1.57,0.79,0.00,0.00,0,0,2,5,2,6,1,0,0,2,0,,,,,,,,,,,,,,
1657,Umar Sadiq,ng NGA,FW,Valencia,es La Liga,29.0,1997,3,1,160,1.8,1,0,1,1,0,0,0,0,0.56,3,3,100.0,1.69,1.69,0.33,0.33,0,0,1,0,0,1,0,0,0,1,0,,,,,,,,,,,,,,
1658,Alexis Saelemaekers,be BEL,MF,Milan,it Serie A,27.0,1999,3,1,117,1.3,0,1,1,0,0,0,0,0,0.77,1,0,0.0,0.77,0.00,0.00,,0,0,2,4,2,1,0,0,0,1,0,,,,,,,,,,,,,,
1659,Matvei Safonov,ru RUS,GK,Paris SG,fr Ligue 1,27.0,1999,4,4,360,4.0,0,0,0,0,0,0,0,0,0.00,0,0,,0.00,0.00,,,0,0,0,0,0,1,0,0,0,0,0,6,1.50,14,7,57.1,1,2,1,1,25.0,0,0,0,0
1660,Souleymane Sagnan,fr FRA,DF,Lens,fr Ligue 1,21.0,2005,3,2,246,2.7,0,0,0,0,0,0,2,1,0.00,1,1,100.0,0.37,0.37,0.00,0.00,0,0,2,8,5,1,2,1,1,2,0,,,,,,,,,,,,,,
1661,Richie Sagrado,be BEL,MF,Venezia,it Serie A,22.0,2004,3,1,149,1.7,1,0,1,1,0,0,0,0,0.60,4,1,25.0,2.42,0.60,0.25,1.00,0,0,2,0,1,2,0,0,0,1,0,,,,,,,,,,,,,,
1662,Osame Sahraoui,ma MAR,MF,Lille,fr Ligue 1,25.0,2001,2,1,73,0.8,0,0,0,0,0,0,0,0,0.00,2,1,50.0,2.47,1.23,0.00,0.00,0,0,0,0,1,2,0,0,0,0,0,,,,,,,,,,,,,,
1663,Ismael Saibari,ma MAR,"MF,FW",Bayern Munich,de Bundesliga,25.0,2001,3,2,150,1.7,0,2,2,0,0,0,0,0,1.20,4,0,0.0,2.40,0.00,0.00,,0,0,4,0,1,2,0,0,0,2,0,,,,,,,,,,,,,,
1664,Bukayo Saka,eng ENG,MF,Arsenal,eng Premier League,25.0,2001,4,4,336,3.7,3,0,3,2,1,1,0,0,0.54,13,8,61.5,3.48,2.14,0.23,0.38,1,1,13,5,3,14,0,0,0,2,0,,,,,,,,,,,,,,
1665,Mathis Saka,fr FRA,FW,Toulouse,fr Ligue 1,19.0,2006,1,0,5,0.1,0,0,0,0,0,0,0,0,0.00,0,0,,0.00,0.00,,,0,0,0,0,0,0,0,0,0,1,0,,,,,,,,,,,,,,
1666,Tatsuhiro Sakamoto,jp JPN,"FW,MF",Coventry City,eng Premier League,29.0,1996,1,0,32,0.4,0,0,0,0,0,0,0,0,0.00,1,0,0.0,2.81,0.00,0.00,,0,0,3,2,0,0,0,0,0,0,0,,,,,,,,,,,,,,
1667,Kike Salas,es ESP,DF,Sevilla,es La Liga,24.0,2002,4,4,357,4.0,0,0,0,0,0,0,0,1,0.00,5,1,20.0,1.26,0.25,0.00,0.00,0,0,1,4,3,5,0,1,0,7,0,,,,,,,,,,,,,,
1668,Nathan Saliba,ca CAN,MF,Villarreal,es La Liga,22.0,2004,1,1,90,1.0,0,0,0,0,0,0,0,0,0.00,1,0,0.0,1.00,0.00,0.00,,0,0,0,3,3,1,0,0,0,0,0,,,,,,,,,,,,,,
1669,Jorge Salinas,es ESP,DF,Racing Sant,es La Liga,19.0,2007,5,5,450,5.0,0,1,1,0,0,0,2,0,0.20,1,1,100.0,0.20,0.20,0.00,0.00,0,0,6,9,8,8,2,0,0,4,0,,,,,,,,,,,,,,
1670,José Salinas,es ESP,DF,Málaga,es La Liga,25.0,2000,4,2,226,2.5,0,0,0,0,0,0,0,0,0.00,0,0,,0.00,0.00,,,0,0,0,1,5,2,0,0,0,2,0,,,,,,,,,,,,,,
1671,Lazar Samardzic,rs SRB,MF,Atalanta,it Serie A,24.0,2002,4,2,194,2.2,1,0,1,1,0,0,0,0,0.46,7,1,14.3,3.25,0.46,0.14,1.00,0,0,5,3,2,1,0,0,0,1,0,,,,,,,,,,,,,,
1672,Mbwana Samatta,tz TAN,"FW,MF",Le Havre,fr Ligue 1,33.0,1992,4,4,337,3.7,1,0,1,1,0,0,0,0,0.27,17,7,41.2,4.54,1.87,0.06,0.14,0,0,2,3,2,3,0,0,0,1,0,,,,,,,,,,,,,,
1673,Mama Samba Baldé,gw GNB,MF,Brest,fr Ligue 1,30.0,1995,3,1,110,1.2,0,1,1,0,0,0,0,0,0.82,7,1,14.3,5.73,0.82,0.00,0.00,0,0,4,0,0,4,0,0,0,2,0,,,,,,,,,,,,,,
1674,Brice Samba,fr FRA,GK,Rennes,fr Ligue 1,32.0,1994,3,3,270,3.0,0,0,0,0,0,0,0,0,0.00,0,0,,0.00,0.00,,,0,0,0,0,0,0,0,0,0,0,0,3,1.00,13,10,76.9,2,1,0,1,33.3,0,0,0,0
1675,Albert Sambi Lokonga,be BEL,MF,Hamburger SV,de Bundesliga,26.0,1999,2,2,167,1.9,0,0,0,0,0,0,1,0,0.00,1,0,0.0,0.54,0.00,0.00,,0,0,1,2,0,4,1,0,0,3,0,,,,,,,,,,,,,,
1676,Chuky san jose,es ESP,MF,Werder Bremen,de Bundesliga,22.0,2004,3,3,262,2.9,0,1,1,0,0,0,1,0,0.34,4,1,25.0,1.37,0.34,0.00,0.00,0,0,13,2,1,3,1,0,0,4,0,,,,,,,,,,,,,,
1677,Oihan Sancet,es ESP,MF,Athletic Club,es La Liga,26.0,2000,5,5,424,4.7,1,0,1,1,0,0,0,0,0.21,15,4,26.7,3.18,0.85,0.07,0.25,0,0,2,1,2,8,0,0,0,2,0,,,,,,,,,,,,,,
1678,Kevin Sánchez,es ESP,FW,Dep. A Coruña,es La Liga,21.0,2005,1,0,6,0.1,0,0,0,0,0,0,0,0,0.00,0,0,,0.00,0.00,,,0,0,0,0,0,0,0,0,0,0,0,,,,,,,,,,,,,,
1679,Manu Sánchez,es ESP,DF,Levante,es La Liga,26.0,2000,5,5,430,4.8,0,0,0,0,0,0,0,0,0.00,1,0,0.0,0.21,0.00,0.00,,0,0,5,15,5,6,0,0,0,4,0,,,,,,,,,,,,,,
1680,Robert Sánchez,es ESP,GK,Chelsea,eng Premier League,28.0,1997,1,1,90,1.0,0,0,0,0,0,0,0,0,0.00,0,0,,0.00,0.00,,,0,0,0,0,0,0,0,0,0,0,0,2,2.00,6,4,66.7,1,0,0,0,0.0,0,0,0,0
1681,Philipp Sander,de GER,MF,Gladbach,de Bundesliga,28.0,1998,3,3,270,3.0,0,0,0,0,0,0,0,0,0.00,4,0,0.0,1.33,0.00,0.00,,0,0,6,6,4,0,0,0,0,10,0,,,,,,,,,,,,,,
1682,Sadibou Sané,sn SEN,DF,Monaco,fr Ligue 1,22.0,2004,4,4,360,4.0,0,0,0,0,0,0,0,0,0.00,0,0,,0.00,0.00,,,0,0,1,4,2,2,0,0,0,4,1,,,,,,,,,,,,,,
1683,Arouna Sangante,sn SEN,DF,Sevilla,es La Liga,24.0,2002,3,3,212,2.4,0,0,0,0,0,0,0,1,0.00,0,0,,0.00,0.00,,,0,0,1,1,4,1,0,1,0,4,0,,,,,,,,,,,,,,
1684,Buba Sangaré,es ESP,DF,Elche,es La Liga,19.0,2007,5,5,433,4.8,1,0,1,1,0,0,0,0,0.21,1,1,100.0,0.21,0.21,1.00,1.00,0,0,3,9,2,2,0,0,0,5,0,,,,,,,,,,,,,,
1685,Ibrahim Sangaré,ci CIV,MF,Nottingham,eng Premier League,28.0,1997,2,1,99,1.1,0,0,0,0,0,0,0,0,0.00,2,0,0.0,1.82,0.00,0.00,,0,0,0,0,0,1,0,0,0,2,0,,,,,,,,,,,,,,
1686,Mamadou Sangare,ml MLI,MF,Brentford,eng Premier League,24.0,2002,4,4,300,3.3,0,1,1,0,0,0,1,0,0.30,6,1,16.7,1.80,0.30,0.00,0.00,0,0,2,7,7,4,1,0,0,8,0,,,,,,,,,,,,,,
1687,Maroan Sannadi,ma MAR,FW,Athletic Club,es La Liga,25.0,2001,2,0,43,0.5,0,0,0,0,0,0,0,0,0.00,2,1,50.0,4.19,2.09,0.00,0.00,0,0,0,0,0,1,0,0,0,0,0,,,,,,,,,,,,,,
1688,Kaishū Sano,jp JPN,MF,Mainz 05,de Bundesliga,25.0,2000,3,3,267,3.0,0,1,1,0,0,0,0,0,0.34,3,0,0.0,1.01,0.00,0.00,,0,0,1,3,11,6,0,0,0,3,0,,,,,,,,,,,,,,
1689,Alisson Santos,br BRA,FW,Napoli,it Serie A,23.0,2002,3,2,179,2.0,0,0,0,0,0,0,0,0,0.00,8,1,12.5,4.02,0.50,0.00,0.00,0,0,12,2,0,1,0,0,0,0,0,,,,,,,,,,,,,,
1690,Andrey Santos,br BRA,MF,Manchester Utd,eng Premier League,22.0,2004,3,1,84,0.9,0,0,0,0,0,0,0,0,0.00,0,0,,0.00,0.00,,,0,0,0,1,0,2,0,0,0,2,0,,,,,,,,,,,,,,
1691,Marc Santos,es ESP,DF,Levante,es La Liga,15.0,2010,1,0,27,0.3,0,0,0,0,0,0,0,0,0.00,0,0,,0.00,0.00,,,0,0,0,0,1,2,0,0,0,0,0,,,,,,,,,,,,,,
1692,Tiago Santos,pt POR,DF,Lille,fr Ligue 1,24.0,2002,4,4,360,4.0,2,0,2,2,0,0,0,0,0.50,6,4,66.7,1.50,1.00,0.33,0.50,0,0,11,2,5,9,0,0,0,1,0,,,,,,,,,,,,,,
1693,Mamadou Sarr,sn SEN,DF,Real Sociedad,es La Liga,21.0,2005,2,2,147,1.6,0,0,0,0,0,0,0,0,0.00,0,0,,0.00,0.00,,,0,0,0,4,1,2,0,0,0,1,0,,,,,,,,,,,,,,
1694,Vincent Sasso,fr FRA,DF,Le Havre,fr Ligue 1,35.0,1991,2,1,91,1.0,0,0,0,0,0,0,1,0,0.00,0,0,,0.00,0.00,,,0,0,0,1,1,0,1,0,0,2,0,,,,,,,,,,,,,,
1695,Ryūnosuke Satō,jp JPN,MF,Valencia,es La Liga,19.0,2006,5,4,295,3.3,0,0,0,0,0,0,2,0,0.00,5,1,20.0,1.53,0.31,0.00,0.00,0,0,10,4,1,1,2,0,0,4,0,,,,,,,,,,,,,,
1696,Martin Satriano,uy URU,"FW,MF",Getafe,es La Liga,25.0,2001,5,5,406,4.5,1,0,1,1,0,0,0,0,0.22,12,3,25.0,2.66,0.67,0.08,0.33,0,0,2,0,1,9,0,0,0,6,0,,,,,,,,,,,,,,
1697,Leo Sauer,sk SVK,"FW,MF",Stuttgart,de Bundesliga,20.0,2005,2,0,23,0.3,0,0,0,0,0,0,0,0,0.00,1,0,0.0,3.91,0.00,0.00,,0,0,1,0,0,1,0,0,0,0,0,,,,,,,,,,,,,,
1698,Sávio,br BRA,MF,Tottenham,eng Premier League,22.0,2004,2,2,150,1.7,0,0,0,0,0,0,0,0,0.00,3,0,0.0,1.80,0.00,0.00,,0,0,9,0,0,3,0,0,0,2,0,,,,,,,,,,,,,,
1699,Saba Sazonov,ge GEO,DF,Getafe,es La Liga,24.0,2002,3,1,107,1.2,0,0,0,0,0,0,1,0,0.00,1,0,0.0,0.84,0.00,0.00,,0,0,0,2,1,2,1,0,0,3,0,,,,,,,,,,,,,,
1700,Amine Sbai,ma MAR,MF,Angers,fr Ligue 1,25.0,2000,4,4,339,3.8,0,0,0,0,0,0,0,0,0.00,10,1,10.0,2.65,0.27,0.00,0.00,0,0,19,1,0,7,0,0,0,2,0,,,,,,,,,,,,,,
1701,Joe Scally,us USA,DF,Gladbach,de Bundesliga,23.0,2002,3,2,181,2.0,1,0,1,1,0,0,1,0,0.50,2,1,50.0,0.99,0.50,0.50,1.00,0,0,7,4,1,5,1,0,0,0,0,,,,,,,,,,,,,,
1702,Giorgio Scalvini,it ITA,DF,Atalanta,it Serie A,22.0,2003,4,4,360,4.0,0,0,0,0,0,0,0,0,0.00,1,0,0.0,0.25,0.00,0.00,,0,0,0,5,2,2,0,0,0,5,0,,,,,,,,,,,,,,
1703,Gianluca Scamacca,it ITA,FW,Atalanta,it Serie A,27.0,1999,4,4,238,2.6,1,0,1,1,0,0,0,0,0.38,6,4,66.7,2.27,1.51,0.17,0.25,0,0,0,2,0,6,0,0,0,4,0,,,,,,,,,,,,,,
1704,Kevin Schade,de GER,MF,Brentford,eng Premier League,24.0,2001,4,4,357,4.0,3,0,3,3,0,0,0,0,0.76,10,5,50.0,2.52,1.26,0.30,0.60,0,0,1,5,1,7,0,0,0,1,0,,,,,,,,,,,,,,
1705,András Schäfer,hu HUN,MF,Union Berlin,de Bundesliga,27.0,1999,3,1,117,1.3,0,0,0,0,0,0,0,0,0.00,1,1,100.0,0.77,0.77,0.00,0.00,0,0,1,3,4,1,0,0,0,3,0,,,,,,,,,,,,,,
1706,Ron Schallenberg,de GER,MF,Schalke 04,de Bundesliga,27.0,1998,1,1,61,0.7,0,0,0,0,0,0,0,1,0.00,1,1,100.0,1.48,1.48,0.00,0.00,0,0,0,1,0,1,0,1,0,2,0,,,,,,,,,,,,,,
1707,Fabian Schär,ch SUI,DF,Newcastle,eng Premier League,34.0,1991,1,0,1,0.0,0,0,0,0,0,0,0,0,0.00,0,0,,0.00,0.00,,,0,0,0,0,0,0,0,0,0,0,0,,,,,,,,,,,,,,
1708,Tjark Scheller,de GER,DF,Paderborn 07,de Bundesliga,24.0,2002,3,3,270,3.0,0,0,0,0,0,0,1,0,0.00,1,0,0.0,0.33,0.00,0.00,,0,0,1,4,2,2,1,0,0,2,0,,,,,,,,,,,,,,
1709,Derry Scherhant,de GER,MF,Freiburg,de Bundesliga,23.0,2002,3,3,229,2.5,0,1,1,0,0,0,0,0,0.39,7,1,14.3,2.75,0.39,0.00,0.00,0,0,14,2,1,1,0,0,0,6,0,,,,,,,,,,,,,,
1710,Kjell Scherpen,nl NED,GK,Ipswich Town,eng Premier League,26.0,2000,4,4,360,4.0,0,0,0,0,0,0,0,0,0.00,0,0,,0.00,0.00,,,0,0,0,0,0,1,0,0,0,0,0,10,2.50,25,15,60.0,2,0,2,0,0.0,1,1,0,0
1711,Patrik Schick,cz CZE,FW,Leverkusen,de Bundesliga,30.0,1996,3,2,184,2.0,3,1,4,3,0,0,0,0,1.96,13,4,30.8,6.36,1.96,0.23,0.75,0,0,0,0,0,3,0,0,0,1,0,,,,,,,,,,,,,,
1712,Joël Schingtienne,be BEL,DF,Venezia,it Serie A,24.0,2002,4,4,360,4.0,0,0,0,0,0,0,2,0,0.00,0,0,,0.00,0.00,,,0,0,0,5,2,0,2,0,0,2,0,,,,,,,,,,,,,,
1713,Xaver Schlager,at AUT,MF,Nottingham,eng Premier League,28.0,1997,4,3,287,3.2,0,0,0,0,0,0,1,0,0.00,4,1,25.0,1.25,0.31,0.00,0.00,0,0,1,9,4,2,1,0,0,3,0,,,,,,,,,,,,,,
1714,Nico Schlotterbeck,de GER,DF,Dortmund,de Bundesliga,26.0,1999,1,1,76,0.8,0,0,0,0,0,0,0,0,0.00,0,0,,0.00,0.00,,,0,0,0,6,0,0,0,0,0,1,0,,,,,,,,,,,,,,
1715,Mick Schmetgens,de GER,DF,Werder Bremen,de Bundesliga,19.0,2007,3,1,124,1.4,0,0,0,0,0,0,0,0,0.00,0,0,,0.00,0.00,,,0,0,3,1,0,4,0,0,0,3,0,,,,,,,,,,,,,,
1716,Romano Schmid,at AUT,MF,Frosinone,it Serie A,26.0,2000,4,4,274,3.0,0,1,1,0,0,0,2,0,0.33,0,0,,0.00,0.00,,,0,0,1,1,0,3,2,0,0,7,0,,,,,,,,,,,,,,
1717,Niklas Schmidt,de GER,MF,Toulouse,fr Ligue 1,28.0,1998,4,2,218,2.4,0,0,0,0,0,0,2,0,0.00,2,0,0.0,0.83,0.00,0.00,,0,0,9,1,2,0,2,0,0,4,0,,,,,,,,,,,,,,
1718,Joël Schmied,ch SUI,DF,Köln,de Bundesliga,27.0,1998,1,0,1,0.0,0,0,0,0,0,0,0,0,0.00,0,0,,0.00,0.00,,,0,0,0,0,0,0,0,0,0,0,0,,,,,,,,,,,,,,
1719,Luca Schnellbacher,de GER,"FW,MF",Elversberg,de Bundesliga,32.0,1994,2,0,24,0.3,0,0,0,0,0,0,0,0,0.00,0,0,,0.00,0.00,,,0,0,0,0,1,0,0,0,0,2,0,,,,,,,,,,,,,,
1720,Jannik Schuster,at AUT,DF,Brentford,eng Premier League,20.0,2006,2,1,164,1.8,0,0,0,0,0,0,0,0,0.00,1,0,0.0,0.55,0.00,0.00,,0,0,0,1,0,1,0,0,0,3,0,,,,,,,,,,,,,,
1721,Marvin Schwäbe,de GER,GK,Köln,de Bundesliga,31.0,1995,3,3,270,3.0,0,0,0,0,0,0,0,0,0.00,0,0,,0.00,0.00,,,0,0,0,0,0,0,0,0,0,0,0,7,2.33,16,9,56.3,1,1,1,0,0.0,1,0,1,0
1722,Alexander Schwolow,de GER,GK,Mainz 05,de Bundesliga,34.0,1992,1,1,90,1.0,0,0,0,0,0,0,0,0,0.00,0,0,,0.00,0.00,,,0,0,0,0,0,0,0,0,0,0,0,0,0.00,1,1,100.0,1,0,0,1,100.0,0,0,0,0
1723,Alex Scott,eng ENG,MF,Bournemouth,eng Premier League,23.0,2003,4,4,355,3.9,1,0,1,1,0,0,1,0,0.25,5,1,20.0,1.27,0.25,0.20,1.00,0,0,11,5,8,12,1,0,0,3,0,,,,,,,,,,,,,,
1724,Sebastian Sebulonsen,no NOR,"DF,MF",Köln,de Bundesliga,26.0,2000,1,0,26,0.3,0,0,0,0,0,0,0,0,0.00,0,0,,0.00,0.00,,,0,0,1,1,0,0,0,0,0,1,0,,,,,,,,,,,,,,
1725,Nicolas Seiwald,at AUT,MF,RB Leipzig,de Bundesliga,25.0,2001,2,2,180,2.0,0,0,0,0,0,0,0,0,0.00,0,0,,0.00,0.00,,,0,0,0,2,4,0,0,0,0,1,0,,,,,,,,,,,,,,
1726,Ayumu Seko,jp JPN,DF,Le Havre,fr Ligue 1,26.0,2000,4,4,360,4.0,0,0,0,0,0,0,1,0,0.00,3,0,0.0,0.75,0.00,0.00,,0,0,1,2,5,1,1,0,0,5,0,,,,,,,,,,,,,,
1727,Matz Sels,be BEL,GK,Nottingham,eng Premier League,34.0,1992,4,4,360,4.0,0,0,0,0,0,0,0,0,0.00,0,0,,0.00,0.00,,,0,0,0,0,0,0,0,0,0,0,0,4,1.00,13,9,69.2,1,2,1,1,25.0,0,0,0,0
1728,Egil Selvik,no NOR,GK,Brest,fr Ligue 1,29.0,1997,4,4,360,4.0,0,0,0,0,0,0,0,0,0.00,0,0,,0.00,0.00,,,0,0,0,0,0,0,0,0,0,0,0,6,1.50,18,12,66.7,1,2,1,0,0.0,1,1,0,0
1729,Antoine Semenyo,gh GHA,MF,Manchester City,eng Premier League,26.0,2000,4,4,360,4.0,0,2,2,0,0,0,0,0,0.50,5,2,40.0,1.25,0.50,0.00,0.00,0,0,9,3,0,5,0,0,0,7,0,,,,,,,,,,,,,,
1730,Marcos Senesi,ar ARG,DF,Tottenham,eng Premier League,29.0,1997,1,1,90,1.0,0,0,0,0,0,0,0,0,0.00,0,0,,0.00,0.00,,,0,0,0,4,2,3,0,0,0,2,0,,,,,,,,,,,,,,
1731,Francho Serrano,es ESP,MF,Getafe,es La Liga,24.0,2001,3,2,180,2.0,0,0,0,0,0,0,0,0,0.00,1,1,100.0,0.50,0.50,0.00,0.00,0,0,6,1,3,1,0,0,0,2,0,,,,,,,,,,,,,,
1732,Benjamin Šeško,si SVN,FW,Manchester Utd,eng Premier League,23.0,2003,4,0,80,0.9,1,0,1,1,0,0,0,0,1.13,4,1,25.0,4.50,1.13,0.25,1.00,0,0,1,0,0,0,0,0,0,1,0,,,,,,,,,,,,,,
1733,Ryan Sessegnon,eng ENG,"DF,FW",Fulham,eng Premier League,26.0,2000,3,0,53,0.6,0,0,0,0,0,0,0,0,0.00,3,1,33.3,5.09,1.70,0.00,0.00,0,0,8,0,2,0,0,0,0,0,0,,,,,,,,,,,,,,
1734,Stephan El Shaarawy,it ITA,"FW,MF",Genoa,it Serie A,33.0,1992,1,0,31,0.3,0,0,0,0,0,0,0,0,0.00,0,0,,0.00,0.00,,,0,0,1,0,0,0,0,0,0,0,0,,,,,,,,,,,,,,
1735,Luke Shaw,eng ENG,DF,Manchester Utd,eng Premier League,31.0,1995,3,3,251,2.8,0,1,1,0,0,0,1,0,0.36,1,0,0.0,0.36,0.00,0.00,,0,0,10,4,4,1,1,0,0,2,0,,,,,,,,,,,,,,
1736,Djibril Sidibé,fr FRA,"DF,MF",Le Mans,fr Ligue 1,34.0,1992,2,0,45,0.5,0,0,0,0,0,0,0,1,0.00,1,0,0.0,2.00,0.00,0.00,,0,0,0,1,0,1,0,1,0,2,0,,,,,,,,,,,,,,
1737,Jamil Siebert,de GER,DF,Lecce,it Serie A,24.0,2002,4,3,295,3.3,0,0,0,0,0,0,1,0,0.00,1,0,0.0,0.31,0.00,0.00,,0,0,1,4,7,2,1,0,0,1,0,,,,,,,,,,,,,,
1738,Vincent Sierro,ch SUI,MF,Parma,it Serie A,30.0,1995,1,0,45,0.5,0,0,0,0,0,0,0,0,0.00,0,0,,0.00,0.00,,,0,0,2,1,1,1,0,0,0,3,0,,,,,,,,,,,,,,
1739,Niko Sigur,ca CAN,"DF,MF",Toulouse,fr Ligue 1,23.0,2003,1,0,45,0.5,0,0,0,0,0,0,0,0,0.00,0,0,,0.00,0.00,,,0,0,0,0,2,0,0,0,0,1,0,,,,,,,,,,,,,,
1740,António Silva,pt POR,DF,Bournemouth,eng Premier League,22.0,2003,4,4,360,4.0,0,0,0,0,0,0,1,0,0.00,4,1,25.0,1.00,0.25,0.00,0.00,0,0,0,3,6,1,1,0,0,2,0,,,,,,,,,,,,,,
1741,Bernardo Silva,pt POR,MF,Real Madrid,es La Liga,32.0,1994,5,3,273,3.0,0,0,0,0,0,0,0,0,0.00,1,0,0.0,0.33,0.00,0.00,,0,0,4,3,5,3,0,0,0,5,0,,,,,,,,,,,,,,
1742,Éderson Silva,br BRA,MF,Atalanta,it Serie A,27.0,1999,4,4,325,3.6,1,0,1,1,0,0,0,0,0.28,4,3,75.0,1.11,0.83,0.25,0.33,0,0,1,1,2,9,0,0,0,3,0,,,,,,,,,,,,,,
1743,Fábio Silva,pt POR,MF,Dortmund,de Bundesliga,24.0,2002,2,1,93,1.0,2,0,2,2,0,0,0,0,1.94,3,2,66.7,2.90,1.94,0.67,1.00,0,0,1,0,0,1,0,0,0,1,0,,,,,,,,,,,,,,
1744,Abdallah Sima,sn SEN,"FW,MF",Lens,fr Ligue 1,25.0,2001,4,4,323,3.6,1,1,2,1,0,0,0,0,0.56,7,2,28.6,1.95,0.56,0.14,0.50,0,0,3,3,4,5,0,0,0,6,0,,,,,,,,,,,,,,
1745,Usman Simbakoli,fr FRA,FW,Angers,fr Ligue 1,25.0,2001,4,0,48,0.5,0,0,0,0,0,0,1,0,0.00,7,1,14.3,13.12,1.87,0.00,0.00,0,0,1,0,0,0,1,0,0,4,0,,,,,,,,,,,,,,
1746,Giovanni Simeone,ar ARG,FW,Torino,it Serie A,31.0,1995,3,2,162,1.8,0,0,0,0,0,0,0,0,0.00,3,0,0.0,1.67,0.00,0.00,,0,0,1,1,0,3,0,0,0,0,0,,,,,,,,,,,,,,
1747,Giuliano Simeone,ar ARG,MF,Atlético Madrid,es La Liga,23.0,2002,5,4,362,4.0,2,1,3,2,0,0,0,0,0.75,8,2,25.0,1.99,0.50,0.25,1.00,0,0,4,7,5,4,0,0,0,2,0,,,,,,,,,,,,,,
1748,Ellis Simms,eng ENG,FW,Coventry City,eng Premier League,25.0,2001,2,1,89,1.0,0,0,0,0,0,0,0,0,0.00,1,1,100.0,1.01,1.01,0.00,0.00,0,0,0,0,0,1,0,0,0,2,0,,,,,,,,,,,,,,
1749,Moses Simon,ng NGA,MF,Paris FC,fr Ligue 1,31.0,1995,4,1,133,1.5,0,0,0,0,0,0,0,0,0.00,3,1,33.3,2.03,0.68,0.00,0.00,0,0,6,0,2,1,0,0,0,1,0,,,,,,,,,,,,,,
1750,Unai Simón,es ESP,GK,Athletic Club,es La Liga,29.0,1997,5,5,450,5.0,0,0,0,0,0,0,0,0,0.00,0,0,,0.00,0.00,,,0,0,0,0,0,0,0,0,0,0,0,6,1.20,23,17,73.9,2,1,2,2,40.0,1,1,0,0
1751,Jahmai Simpson-Pusey,eng ENG,DF,Köln,de Bundesliga,20.0,2005,3,3,270,3.0,0,0,0,0,0,0,1,0,0.00,0,0,,0.00,0.00,,,0,0,0,3,4,4,1,0,0,2,0,,,,,,,,,,,,,,
1752,Lassine Sinayoko,ml MLI,FW,Paris FC,fr Ligue 1,26.0,1999,4,4,347,3.9,4,0,4,2,2,2,1,0,0.52,12,7,58.3,3.11,1.82,0.33,0.57,2,2,0,5,5,7,1,0,0,5,0,,,,,,,,,,,,,,
1753,Luca Sirch,de GER,DF,Elversberg,de Bundesliga,27.0,1999,2,0,19,0.2,0,0,0,0,0,0,0,0,0.00,0,0,,0.00,0.00,,,0,0,3,0,0,1,0,0,0,0,0,,,,,,,,,,,,,,
1754,Omar Sissoko,fr FRA,MF,Paris FC,fr Ligue 1,20.0,2006,2,0,13,0.1,0,0,0,0,0,0,0,0,0.00,0,0,,0.00,0.00,,,0,0,0,0,0,1,0,0,0,1,0,,,,,,,,,,,,,,
1755,Antonio Sivera,es ESP,GK,Alavés,es La Liga,30.0,1996,5,5,450,5.0,0,1,1,0,0,0,1,0,0.20,0,0,,0.00,0.00,,,0,0,0,0,0,0,1,0,0,0,0,5,1.00,20,15,75.0,3,1,1,2,40.0,1,1,0,0
1756,Tim Skarke,de GER,"FW,MF",Union Berlin,de Bundesliga,30.0,1996,3,0,73,0.8,2,0,2,2,0,0,0,0,2.47,6,5,83.3,7.40,6.16,0.33,0.40,0,0,3,1,1,2,0,0,0,1,0,,,,,,,,,,,,,,
1757,Ellyes Skhiri,tn TUN,MF,Köln,de Bundesliga,31.0,1995,3,1,161,1.8,0,1,1,0,0,0,0,0,0.56,3,1,33.3,1.68,0.56,0.00,0.00,0,0,1,2,3,1,0,0,0,3,0,,,,,,,,,,,,,,
1758,Michał Skóraś,pl POL,MF,Lens,fr Ligue 1,26.0,2000,4,3,252,2.8,0,1,1,0,0,0,1,0,0.36,1,0,0.0,0.36,0.00,0.00,,0,0,12,2,4,8,1,0,0,4,0,,,,,,,,,,,,,,
1759,Łukasz Skorupski,pl POL,GK,Bologna,it Serie A,35.0,1991,3,3,270,3.0,0,0,0,0,0,0,0,0,0.00,0,0,,0.00,0.00,,,0,0,0,0,0,0,0,0,0,0,0,4,1.33,11,7,63.6,0,1,2,0,0.0,0,0,0,0
1760,Robert Skov,dk DEN,"FW,MF",Union Berlin,de Bundesliga,30.0,1996,1,0,1,0.0,0,0,0,0,0,0,0,0,0.00,0,0,,0.00,0.00,,,0,0,0,0,0,0,0,0,0,0,0,,,,,,,,,,,,,,
1761,Regan Slater,eng ENG,MF,Hull City,eng Premier League,27.0,1999,4,4,360,4.0,0,1,1,0,0,0,1,0,0.25,3,2,66.7,0.75,0.50,0.00,0.00,0,0,6,5,3,2,1,0,0,4,0,,,,,,,,,,,,,,
1762,Adam Smith,eng ENG,DF,Bournemouth,eng Premier League,35.0,1991,4,4,360,4.0,0,0,0,0,0,0,3,0,0.00,1,0,0.0,0.25,0.00,0.00,,0,0,4,2,4,6,3,0,0,6,0,,,,,,,,,,,,,,
1763,Emile Smith Rowe,eng ENG,MF,Fulham,eng Premier League,26.0,2000,3,0,41,0.5,0,0,0,0,0,0,0,0,0.00,1,0,0.0,2.20,0.00,0.00,,0,0,0,0,1,0,0,0,0,0,0,,,,,,,,,,,,,,
1764,Ivan Smolčić,hr CRO,DF,Como,it Serie A,26.0,2000,2,0,35,0.4,0,0,0,0,0,0,0,0,0.00,0,0,,0.00,0.00,,,0,0,0,1,2,1,0,0,0,1,0,,,,,,,,,,,,,,
1765,Mezian Soares,pt POR,MF,Lens,fr Ligue 1,16.0,2009,2,0,47,0.5,0,0,0,0,0,0,0,0,0.00,2,1,50.0,3.83,1.91,0.00,0.00,0,0,0,0,0,1,0,0,0,0,0,,,,,,,,,,,,,,
1766,Simon Sohm,ch SUI,MF,Venezia,it Serie A,25.0,2001,3,2,150,1.7,0,0,0,0,0,0,2,0,0.00,0,0,,0.00,0.00,,,0,0,0,0,0,0,2,0,0,2,0,,,,,,,,,,,,,,
1767,Dominic Solanke,eng ENG,FW,Tottenham,eng Premier League,29.0,1997,4,1,108,1.2,0,0,0,0,0,0,0,0,0.00,3,1,33.3,2.50,0.83,0.00,0.00,0,0,0,0,0,2,0,0,0,2,0,,,,,,,,,,,,,,
1768,Carlos Soler,es ESP,MF,Real Sociedad,es La Liga,29.0,1997,6,4,375,4.2,0,1,1,0,0,0,0,0,0.24,2,1,50.0,0.48,0.24,0.00,0.00,0,0,15,3,3,3,0,0,0,2,0,,,,,,,,,,,,,,
1769,Oumar Solet,fr FRA,DF,Udinese,it Serie A,26.0,2000,3,3,217,2.4,0,0,0,0,0,0,0,0,0.00,0,0,,0.00,0.00,,,0,0,1,3,5,3,0,0,0,2,0,,,,,,,,,,,,,,
1770,David Soria,es ESP,GK,Getafe,es La Liga,33.0,1993,5,5,450,5.0,0,0,0,0,0,0,0,0,0.00,0,0,,0.00,0.00,,,0,0,0,0,0,2,0,0,0,0,0,6,1.20,18,12,66.7,1,2,2,1,20.0,2,1,1,0
1771,Mario Soriano,es ESP,MF,Dep. A Coruña,es La Liga,24.0,2002,5,5,381,4.2,0,1,1,0,0,0,1,0,0.24,4,1,25.0,0.94,0.24,0.00,0.00,0,0,7,3,1,5,1,0,0,5,0,,,,,,,,,,,,,,
1772,Hugo Sotelo,es ESP,MF,Levante,es La Liga,22.0,2003,4,1,100,1.1,0,0,0,0,0,0,1,0,0.00,1,0,0.0,0.90,0.00,0.00,,0,0,1,2,2,1,1,0,0,2,0,,,,,,,,,,,,,,
1773,Florian Sotoca,fr FRA,"FW,MF",Lens,fr Ligue 1,35.0,1990,2,0,23,0.3,0,0,0,0,0,0,0,0,0.00,2,1,50.0,7.83,3.91,0.00,0.00,0,0,1,0,0,0,0,0,0,0,0,,,,,,,,,,,,,,
1774,Anis Soubeir,fr FRA,MF,Monaco,fr Ligue 1,19.0,2007,4,1,83,0.9,0,0,0,0,0,0,0,0,0.00,2,1,50.0,2.17,1.08,0.00,0.00,0,0,0,2,2,1,0,0,0,2,0,,,,,,,,,,,,,,
1775,Matìas Soulé,ar ARG,MF,Roma,it Serie A,23.0,2003,3,1,133,1.5,2,1,3,2,0,0,0,0,2.03,13,7,53.8,8.80,4.74,0.15,0.29,0,0,4,2,3,1,0,0,0,0,0,,,,,,,,,,,,,,
1776,Issa Soumaré,sn SEN,"MF,FW",Rennes,fr Ligue 1,25.0,2000,4,3,214,2.4,0,1,1,0,0,0,1,0,0.42,5,1,20.0,2.10,0.42,0.00,0.00,0,0,3,1,2,5,1,0,0,4,0,,,,,,,,,,,,,,
1777,Djibril Sow,ch SUI,MF,Genoa,it Serie A,29.0,1997,4,3,225,2.5,0,1,1,0,0,0,1,0,0.40,1,0,0.0,0.40,0.00,0.00,,0,0,15,3,1,3,1,0,0,2,0,,,,,,,,,,,,,,
1778,Yanik Spalt,at AUT,MF,Stuttgart,de Bundesliga,19.0,2007,2,0,57,0.6,0,0,0,0,0,0,0,0,0.00,0,0,,0.00,0.00,,,0,0,0,2,1,3,0,0,0,3,0,,,,,,,,,,,,,,
1779,Leonardo Spinazzola,it ITA,DF,Napoli,it Serie A,33.0,1993,4,3,305,3.4,0,0,0,0,0,0,0,0,0.00,3,1,33.3,0.89,0.30,0.00,0.00,0,0,5,2,1,0,0,0,0,2,0,,,,,,,,,,,,,,
1780,Anton Stach,de GER,MF,Leeds United,eng Premier League,27.0,1998,3,3,270,3.0,1,0,1,1,0,0,0,0,0.33,5,2,40.0,1.67,0.67,0.20,0.50,0,0,15,3,6,7,0,0,0,5,0,,,,,,,,,,,,,,
1781,Dariusz Stalmach,pl POL,MF,Werder Bremen,de Bundesliga,20.0,2005,3,0,74,0.8,1,0,1,1,0,0,0,0,1.22,1,1,100.0,1.22,1.22,1.00,1.00,0,0,1,3,1,1,0,0,0,3,0,,,,,,,,,,,,,,
1782,Otto Stange,de GER,DF,Hamburger SV,de Bundesliga,19.0,2007,3,0,64,0.7,0,0,0,0,0,0,0,0,0.00,2,0,0.0,2.81,0.00,0.00,,0,0,0,0,0,1,0,0,0,3,0,,,,,,,,,,,,,,
1783,Josip Stanišić,hr CRO,DF,Bayern Munich,de Bundesliga,26.0,2000,2,1,107,1.2,0,0,0,0,0,0,0,0,0.00,1,0,0.0,0.84,0.00,0.00,,0,0,4,0,0,0,0,0,0,0,0,,,,,,,,,,,,,,
1784,Aleksandar Stanković,rs SRB,MF,Inter,it Serie A,21.0,2005,1,0,8,0.1,0,0,0,0,0,0,0,0,0.00,0,0,,0.00,0.00,,,0,0,0,0,0,0,0,0,0,0,0,,,,,,,,,,,,,,
1785,Filip Stankovic,rs SRB,GK,Venezia,it Serie A,24.0,2002,4,4,360,4.0,0,0,0,0,0,0,0,0,0.00,0,0,,0.00,0.00,,,0,0,0,0,0,0,0,0,0,0,0,11,2.75,28,17,60.7,0,0,4,0,0.0,0,0,0,0
1786,Carl Starfelt,se SWE,DF,Celta Vigo,es La Liga,31.0,1995,3,2,219,2.4,1,0,1,1,0,0,1,0,0.41,4,1,25.0,1.64,0.41,0.25,1.00,0,0,0,4,4,2,1,0,0,2,0,,,,,,,,,,,,,,
1787,Lucas Stassin,be BEL,FW,Sevilla,es La Liga,21.0,2004,2,1,119,1.3,1,0,1,1,0,0,0,0,0.76,3,2,66.7,2.27,1.51,0.33,0.50,0,0,1,0,0,1,0,0,0,0,0,,,,,,,,,,,,,,
1788,Orri Steinn Óskarsson,is ISL,FW,Real Sociedad,es La Liga,22.0,2004,5,3,283,3.1,1,0,1,1,0,0,0,0,0.32,8,4,50.0,2.54,1.27,0.13,0.25,0,0,2,0,0,4,0,0,0,6,0,,,,,,,,,,,,,,
1789,Leonidas Stergiou,ch SUI,DF,Stuttgart,de Bundesliga,24.0,2002,1,0,17,0.2,0,0,0,0,0,0,0,0,0.00,0,0,,0.00,0.00,,,0,0,0,0,0,0,0,0,0,0,0,,,,,,,,,,,,,,
1790,Sean Steur,nl NED,MF,Newcastle,eng Premier League,18.0,2008,3,1,89,1.0,0,0,0,0,0,0,0,0,0.00,0,0,,0.00,0.00,,,0,0,0,0,0,0,0,0,0,0,0,,,,,,,,,,,,,,
1791,Jonah Sticker,de GER,DF,Paderborn 07,de Bundesliga,22.0,2004,2,0,25,0.3,0,0,0,0,0,0,0,0,0.00,0,0,,0.00,0.00,,,0,0,0,0,1,0,0,0,0,0,0,,,,,,,,,,,,,,
1792,Angelo Stiller,de GER,MF,Stuttgart,de Bundesliga,25.0,2001,3,3,210,2.3,0,0,0,0,0,0,0,0,0.00,1,0,0.0,0.43,0.00,0.00,,0,0,1,1,2,2,0,0,0,5,0,,,,,,,,,,,,,,
1793,Kevin Stöger,at AUT,MF,Gladbach,de Bundesliga,33.0,1993,2,2,145,1.6,0,0,0,0,0,0,0,0,0.00,0,0,,0.00,0.00,,,0,0,5,1,1,1,0,0,0,2,0,,,,,,,,,,,,,,
1794,John Stones,eng ENG,DF,Inter,it Serie A,32.0,1994,2,0,39,0.4,0,0,0,0,0,0,0,0,0.00,1,0,0.0,2.31,0.00,0.00,,0,0,0,1,0,1,0,0,0,1,0,,,,,,,,,,,,,,
1795,Jørgen Strand Larsen,no NOR,FW,Crystal Palace,eng Premier League,26.0,2000,4,2,218,2.4,1,0,1,1,0,0,0,0,0.41,5,3,60.0,2.06,1.24,0.20,0.33,0,0,0,2,0,2,0,0,0,4,0,,,,,,,,,,,,,,
1796,Elliot Stroud,se SWE,MF,Hull City,eng Premier League,24.0,2002,4,4,249,2.8,0,0,0,0,0,0,1,0,0.00,3,0,0.0,1.08,0.00,0.00,,0,0,4,3,2,0,1,0,0,6,0,,,,,,,,,,,,,,
1797,Pascal Struijk,nl NED,DF,Brighton,eng Premier League,27.0,1999,2,0,14,0.2,0,0,0,0,0,0,0,0,0.00,0,0,,0.00,0.00,,,0,0,0,0,0,0,0,0,0,0,0,,,,,,,,,,,,,,
1798,Nikola Štulić,rs SRB,FW,Lecce,it Serie A,25.0,2001,4,2,217,2.4,0,0,0,0,0,0,0,0,0.00,5,2,40.0,2.07,0.83,0.00,0.00,0,0,0,0,0,2,0,0,0,4,0,,,,,,,,,,,,,,
1799,Denis Suárez,es ESP,MF,Alavés,es La Liga,32.0,1994,5,2,215,2.4,0,0,0,0,0,0,1,0,0.00,2,1,50.0,0.84,0.42,0.00,0.00,0,0,23,3,0,5,1,0,0,3,0,,,,,,,,,,,,,,
1800,Gabriel Suazo,cl CHI,DF,Sevilla,es La Liga,29.0,1997,5,5,450,5.0,0,0,0,0,0,0,2,0,0.00,1,0,0.0,0.20,0.00,0.00,,0,0,17,10,4,5,2,0,0,9,0,,,,,,,,,,,,,,
1801,Luka Sučić,hr CRO,"MF,FW",Real Sociedad,es La Liga,24.0,2002,6,5,463,5.1,2,0,2,2,0,0,1,0,0.39,13,5,38.5,2.53,0.97,0.15,0.40,0,0,7,4,1,2,1,0,0,3,0,,,,,,,,,,,,,,
1802,Petar Sučić,hr CRO,MF,Inter,it Serie A,22.0,2003,3,2,146,1.6,0,0,0,0,0,0,0,0,0.00,0,0,,0.00,0.00,,,0,0,3,2,0,2,0,0,0,0,0,,,,,,,,,,,,,,
1803,Alessandro Sugamele,it ITA,FW,Cagliari,it Serie A,19.0,2007,1,0,17,0.2,0,0,0,0,0,0,0,0,0.00,1,1,100.0,5.29,5.29,0.00,0.00,0,0,0,0,0,0,0,0,0,0,0,,,,,,,,,,,,,,
1804,Yukinari Sugawara,jp JPN,"DF,FW",Cagliari,it Serie A,26.0,2000,1,0,23,0.3,0,0,0,0,0,0,0,0,0.00,0,0,,0.00,0.00,,,0,0,1,0,0,0,0,0,0,1,0,,,,,,,,,,,,,,
1805,Pavel Šulc,cz CZE,MF,Lyon,fr Ligue 1,25.0,2000,4,2,195,2.2,0,2,2,0,0,0,0,0,0.92,3,1,33.3,1.38,0.46,0.00,0.00,0,0,1,3,0,1,0,0,0,2,0,,,,,,,,,,,,,,
1806,Ibrahim Sulemana,gh GHA,MF,Sassuolo,it Serie A,23.0,2003,1,0,31,0.3,0,0,0,0,0,0,0,0,0.00,0,0,,0.00,0.00,,,0,0,0,0,0,1,0,0,0,0,0,,,,,,,,,,,,,,
1807,Josip Šutalo,hr CRO,DF,Lazio,it Serie A,26.0,2000,1,1,83,0.9,0,0,0,0,0,0,0,0,0.00,0,0,,0.00,0.00,,,0,0,0,0,1,0,0,0,0,0,0,,,,,,,,,,,,,,
1808,Yuito Suzuki,jp JPN,MF,Freiburg,de Bundesliga,24.0,2001,3,3,237,2.6,3,0,3,3,0,0,1,0,1.14,6,4,66.7,2.28,1.52,0.50,0.75,0,0,2,0,1,2,1,0,0,4,0,,,,,,,,,,,,,,
1809,Zion Suzuki,jp JPN,GK,Aston Villa,eng Premier League,24.0,2002,3,3,270,3.0,0,0,0,0,0,0,0,0,0.00,0,0,,0.00,0.00,,,0,0,0,0,0,2,0,0,0,0,0,3,1.00,13,10,76.9,0,1,2,1,33.3,0,0,0,0
1810,Daniel Svensson,se SWE,"MF,DF",Dortmund,de Bundesliga,24.0,2002,3,3,270,3.0,0,0,0,0,0,0,1,0,0.00,1,0,0.0,0.33,0.00,0.00,,0,0,6,8,8,7,1,0,0,2,0,,,,,,,,,,,,,,
1811,Mile Svilar,rs SRB,GK,Roma,it Serie A,27.0,1999,3,3,270,3.0,0,0,0,0,0,0,0,0,0.00,0,0,,0.00,0.00,,,0,0,0,0,0,0,0,0,0,0,0,1,0.33,8,7,87.5,3,0,0,2,66.7,0,0,0,0
1812,Williot Swedberg,se SWE,FW,Celta Vigo,es La Liga,22.0,2004,5,3,245,2.7,0,0,0,0,0,0,0,0,0.00,4,3,75.0,1.47,1.10,0.00,0.00,0,0,3,3,1,11,0,0,0,4,0,,,,,,,,,,,,,,
1813,Lamine Sy,mr MTN,"DF,MF",Auxerre,fr Ligue 1,24.0,2002,4,4,359,4.0,1,0,1,1,0,0,0,0,0.25,2,1,50.0,0.50,0.25,0.50,1.00,0,0,14,0,6,1,0,0,0,7,0,,,,,,,,,,,,,,
1814,Dembo Sylla,gn GUI,DF,Lorient,fr Ligue 1,23.0,2002,4,4,341,3.8,0,0,0,0,0,0,0,0,0.00,0,0,,0.00,0.00,,,0,0,8,3,13,6,0,0,0,3,0,,,,,,,,,,,,,,
1815,Moussa Sylla,ml MLI,FW,Schalke 04,de Bundesliga,26.0,1999,2,2,180,2.0,0,0,0,0,0,0,0,0,0.00,5,2,40.0,2.50,1.00,0.00,0.00,0,0,0,0,0,3,0,0,0,0,0,,,,,,,,,,,,,,
1816,Dominik Szoboszlai,hu HUN,MF,Liverpool,eng Premier League,25.0,2000,4,4,360,4.0,1,0,1,0,1,1,0,0,0.00,11,5,45.5,2.75,1.25,0.09,0.20,1,1,33,3,4,3,0,0,0,8,0,,,,,,,,,,,,,,
1817,Sebastian Szymański,pl POL,MF,Rennes,fr Ligue 1,27.0,1999,4,3,225,2.5,1,1,2,1,0,0,0,0,0.80,3,1,33.3,1.20,0.40,0.33,1.00,0,0,13,5,2,2,0,0,0,1,0,,,,,,,,,,,,,,
1818,Musa Al-Taamari,jo JOR,"MF,FW",Rennes,fr Ligue 1,29.0,1997,4,3,251,2.8,0,0,0,0,0,0,1,0,0.00,8,3,37.5,2.87,1.08,0.00,0.00,0,0,8,4,1,2,1,0,0,3,0,,,,,,,,,,,,,,
1819,Nicolás Tagliafico,ar ARG,DF,Lyon,fr Ligue 1,34.0,1992,1,1,79,0.9,0,0,0,0,0,0,0,0,0.00,0,0,,0.00,0.00,,,0,0,1,1,2,1,0,0,0,1,0,,,,,,,,,,,,,,
1820,Jonathan Tah,de GER,DF,Bayern Munich,de Bundesliga,30.0,1996,2,1,97,1.1,0,0,0,0,0,0,0,0,0.00,1,0,0.0,0.93,0.00,0.00,,0,0,0,3,0,1,0,0,0,1,0,,,,,,,,,,,,,,
1821,Chemsdine Talbi,ma MAR,MF,Sunderland,eng Premier League,21.0,2005,1,0,32,0.4,0,0,0,0,0,0,0,0,0.00,0,0,,0.00,0.00,,,0,0,3,0,0,0,0,0,0,1,0,,,,,,,,,,,,,,
1822,Montassar Talbi,tn TUN,DF,Lorient,fr Ligue 1,28.0,1998,4,4,360,4.0,0,0,0,0,0,0,0,0,0.00,3,2,66.7,0.75,0.50,0.00,0.00,0,0,0,4,2,2,0,0,0,1,0,,,,,,,,,,,,,,
1823,Ao Tanaka,jp JPN,MF,Leeds United,eng Premier League,28.0,1998,2,1,117,1.3,0,1,1,0,0,0,0,0,0.77,2,0,0.0,1.54,0.00,0.00,,0,0,0,1,0,1,0,0,0,1,0,,,,,,,,,,,,,,
1824,Satoshi Tanaka,jp JPN,MF,Schalke 04,de Bundesliga,24.0,2002,2,2,180,2.0,0,0,0,0,0,0,0,0,0.00,0,0,,0.00,0.00,,,0,0,0,2,7,5,0,0,0,1,0,,,,,,,,,,,,,,
1825,Christ Tapé,ci CIV,DF,Toulouse,fr Ligue 1,20.0,2006,4,4,353,3.9,1,0,1,1,0,0,0,0,0.25,5,2,40.0,1.27,0.51,0.20,0.50,0,0,8,1,5,3,0,0,0,4,0,,,,,,,,,,,,,,
1826,Edmond Tapsoba,bf BFA,DF,Leverkusen,de Bundesliga,27.0,1999,3,3,270,3.0,0,1,1,0,0,0,0,0,0.33,1,0,0.0,0.33,0.00,0.00,,0,0,0,3,2,2,0,0,0,0,0,,,,,,,,,,,,,,
1827,Matt Targett,eng ENG,"DF,MF",Hull City,eng Premier League,30.0,1995,1,0,6,0.1,0,0,0,0,0,0,0,0,0.00,0,0,,0.00,0.00,,,0,0,0,0,0,0,0,0,0,0,0,,,,,,,,,,,,,,
1828,James Tarkowski,eng ENG,DF,Everton,eng Premier League,33.0,1992,4,4,360,4.0,1,0,1,1,0,0,0,0,0.25,3,1,33.3,0.75,0.25,0.33,1.00,0,0,1,8,10,5,0,0,0,1,0,,,,,,,,,,,,,,
1829,César Tárrega,es ESP,DF,Valencia,es La Liga,24.0,2002,5,4,330,3.7,0,0,0,0,0,0,0,0,0.00,3,0,0.0,0.82,0.00,0.00,,0,0,0,6,5,3,0,0,0,6,1,,,,,,,,,,,,,,
1830,Nuno Tavares,pt POR,DF,Lazio,it Serie A,26.0,2000,4,3,255,2.8,0,1,1,0,0,0,0,0,0.35,7,2,28.6,2.47,0.71,0.00,0.00,0,0,19,2,1,6,0,0,0,2,0,,,,,,,,,,,,,,
1831,Marcus Tavernier,eng ENG,MF,Bournemouth,eng Premier League,27.0,1999,4,4,350,3.9,3,0,3,3,0,0,2,0,0.77,13,8,61.5,3.34,2.06,0.23,0.38,0,0,17,4,0,8,2,0,0,3,0,,,,,,,,,,,,,,
1832,Kenneth Taylor,nl NED,MF,Lazio,it Serie A,24.0,2002,4,4,343,3.8,0,0,0,0,0,0,0,0,0.00,2,0,0.0,0.52,0.00,0.00,,0,0,2,5,4,4,0,0,0,5,0,,,,,,,,,,,,,,
1833,Loum Tchaouna,fr FRA,MF,Coventry City,eng Premier League,23.0,2003,3,2,167,1.9,0,0,0,0,0,0,0,0,0.00,5,1,20.0,2.69,0.54,0.00,0.00,0,0,12,1,0,2,0,0,0,1,0,,,,,,,,,,,,,,
1834,Aurélien Tchouaméni,fr FRA,"DF,MF",Real Madrid,es La Liga,26.0,2000,1,0,22,0.2,0,0,0,0,0,0,0,0,0.00,1,0,0.0,4.09,0.00,0.00,,0,0,0,0,0,0,0,0,0,0,0,,,,,,,,,,,,,,
1835,Mathys Tel,fr FRA,MF,Tottenham,eng Premier League,21.0,2005,4,3,258,2.9,0,0,0,0,0,0,0,0,0.00,6,1,16.7,2.09,0.35,0.00,0.00,0,0,12,1,0,1,0,0,0,4,0,,,,,,,,,,,,,,
1836,Nahuel Tenaglia,ar ARG,DF,Alavés,es La Liga,30.0,1996,5,5,405,4.5,1,0,1,1,0,0,2,0,0.22,6,2,33.3,1.33,0.44,0.17,0.50,0,0,4,5,6,5,2,0,0,5,0,,,,,,,,,,,,,,
1837,Casper Tengstedt,dk DEN,FW,Toulouse,fr Ligue 1,26.0,2000,2,0,71,0.8,1,0,1,1,0,0,0,0,1.27,5,1,20.0,6.34,1.27,0.20,1.00,0,0,1,0,0,0,0,0,0,1,0,,,,,,,,,,,,,,
1838,Jano ter Horst,de GER,DF,Paderborn 07,de Bundesliga,24.0,2002,3,3,261,2.9,0,0,0,0,0,0,1,0,0.00,1,0,0.0,0.34,0.00,0.00,,0,0,1,1,8,2,1,0,0,3,0,,,,,,,,,,,,,,
1839,Filippo Terracciano,it ITA,DF,Milan,it Serie A,23.0,2003,1,0,3,0.0,0,0,0,0,0,0,0,0,0.00,0,0,,0.00,0.00,,,0,0,0,0,0,1,0,0,0,0,0,,,,,,,,,,,,,,
1840,Ramón Terrats,es ESP,MF,Getafe,es La Liga,25.0,2000,5,5,441,4.9,1,0,1,1,0,0,1,0,0.20,15,4,26.7,3.06,0.82,0.07,0.25,0,0,14,2,2,13,1,0,0,8,0,,,,,,,,,,,,,,
1841,Martin Terrier,fr FRA,"FW,MF",Leverkusen,de Bundesliga,29.0,1997,1,0,15,0.2,0,0,0,0,0,0,0,0,0.00,1,1,100.0,6.00,6.00,0.00,0.00,0,0,1,0,0,0,0,0,0,0,0,,,,,,,,,,,,,,
1842,Aleksa Terzić,rs SRB,DF,Frosinone,it Serie A,27.0,1999,2,0,32,0.4,0,0,0,0,0,0,0,0,0.00,1,0,0.0,2.81,0.00,0.00,,0,0,2,0,0,1,0,0,0,1,0,,,,,,,,,,,,,,
1843,Tanner Tessmann,us USA,MF,Lyon,fr Ligue 1,24.0,2001,3,0,30,0.3,0,0,0,0,0,0,1,0,0.00,1,0,0.0,3.00,0.00,0.00,,0,0,0,1,0,1,1,0,0,2,0,,,,,,,,,,,,,,
1844,Kenny Tete,nl NED,DF,Fulham,eng Premier League,30.0,1995,1,0,28,0.3,0,0,0,0,0,0,1,0,0.00,0,0,,0.00,0.00,,,0,0,0,0,0,0,1,0,0,2,0,,,,,,,,,,,,,,
1845,Jordan Teze,nl NED,"DF,MF",Monaco,fr Ligue 1,26.0,1999,1,0,39,0.4,0,1,1,0,0,0,1,0,2.31,0,0,,0.00,0.00,,,0,0,0,2,1,0,1,0,0,0,0,,,,,,,,,,,,,,
1846,Florian Thauvin,fr FRA,MF,Lens,fr Ligue 1,33.0,1993,4,4,360,4.0,3,1,4,0,3,3,1,0,0.25,14,9,64.3,3.50,2.25,0.21,0.33,3,3,40,1,2,6,1,0,0,2,0,,,,,,,,,,,,,,
1847,Arthur Theate,be BEL,DF,Bologna,it Serie A,26.0,2000,2,2,180,2.0,0,0,0,0,0,0,0,0,0.00,2,0,0.0,1.00,0.00,0.00,,0,0,1,1,3,1,0,0,0,1,0,,,,,,,,,,,,,,
1848,Igor Thiago,br BRA,FW,Brentford,eng Premier League,25.0,2001,4,4,352,3.9,0,0,0,0,0,1,1,0,0.00,10,3,30.0,2.56,0.77,0.00,0.00,0,1,2,1,0,2,1,0,0,3,0,,,,,,,,,,,,,,
1849,Demba Thiam,sn SEN,GK,Monza,it Serie A,28.0,1998,3,3,270,3.0,0,0,0,0,0,0,0,0,0.00,0,0,,0.00,0.00,,,0,0,0,0,0,1,0,0,0,0,0,7,2.33,11,4,36.4,0,1,2,0,0.0,0,0,0,0
1850,Malick Thiaw,de GER,DF,Newcastle,eng Premier League,25.0,2001,3,3,270,3.0,0,0,0,0,0,0,0,0,0.00,0,0,,0.00,0.00,,,0,0,0,0,0,3,0,0,0,3,1,,,,,,,,,,,,,,
1851,Jan Thielmann,de GER,FW,Köln,de Bundesliga,24.0,2002,2,2,135,1.5,0,0,0,0,0,0,0,0,0.00,2,0,0.0,1.33,0.00,0.00,,0,0,1,2,1,1,0,0,0,0,0,,,,,,,,,,,,,,
1852,Bobby Thomas,eng ENG,DF,Coventry City,eng Premier League,25.0,2001,4,4,347,3.9,0,0,0,0,0,0,0,0,0.00,9,0,0.0,2.33,0.00,0.00,,0,0,1,2,5,7,0,0,0,4,0,,,,,,,,,,,,,,
1853,Sorba Thomas,wls WAL,"FW,MF",Hull City,eng Premier League,27.0,1999,2,0,59,0.7,0,0,0,0,0,0,0,0,0.00,1,0,0.0,1.53,0.00,0.00,,0,0,3,0,0,0,0,0,0,0,0,,,,,,,,,,,,,,
1854,Brandon Thomas-Asante,gh GHA,MF,Coventry City,eng Premier League,27.0,1998,4,1,139,1.5,0,0,0,0,0,0,0,0,0.00,2,2,100.0,1.29,1.29,0.00,0.00,0,0,2,0,5,5,0,0,0,0,0,,,,,,,,,,,,,,
1855,Adrien Thomasson,fr FRA,MF,Rennes,fr Ligue 1,32.0,1993,4,3,284,3.2,1,2,3,1,0,0,1,0,0.95,4,1,25.0,1.27,0.32,0.25,1.00,0,0,14,1,4,5,1,0,0,6,0,,,,,,,,,,,,,,
1856,Kristian Thorstvedt,no NOR,MF,Sassuolo,it Serie A,27.0,1999,4,1,159,1.8,0,0,0,0,0,0,0,0,0.00,4,2,50.0,2.26,1.13,0.00,0.00,0,0,1,1,1,6,0,0,0,0,0,,,,,,,,,,,,,,
1857,Marcus Thuram,fr FRA,"FW,MF",Inter,it Serie A,29.0,1997,2,0,71,0.8,1,0,1,1,0,0,0,0,1.27,8,1,12.5,10.14,1.27,0.13,1.00,0,0,1,0,0,0,0,0,0,0,0,,,,,,,,,,,,,,
1858,Youri Tielemans,be BEL,MF,Manchester Utd,eng Premier League,29.0,1997,4,4,312,3.5,0,0,0,0,0,0,0,0,0.00,6,3,50.0,1.73,0.87,0.00,0.00,0,0,2,2,5,7,0,0,0,1,0,,,,,,,,,,,,,,
1859,Phillip Tietz,de GER,FW,Mainz 05,de Bundesliga,29.0,1997,3,3,270,3.0,3,0,3,3,0,0,0,0,1.00,13,5,38.5,4.33,1.67,0.23,0.60,0,0,1,0,1,1,0,0,0,5,0,,,,,,,,,,,,,,
1860,Steffen Tigges,de GER,FW,Paderborn 07,de Bundesliga,28.0,1998,3,0,93,1.0,0,0,0,0,0,0,0,0,0.00,5,0,0.0,4.84,0.00,0.00,,0,0,0,1,1,1,0,0,0,2,0,,,,,,,,,,,,,,
1861,Malik Tillman,us USA,MF,Leverkusen,de Bundesliga,24.0,2002,3,2,146,1.6,0,1,1,0,0,0,0,0,0.62,3,0,0.0,1.85,0.00,0.00,,0,0,2,0,4,3,0,0,0,3,0,,,,,,,,,,,,,,
1862,Jurriën Timber,nl NED,DF,Arsenal,eng Premier League,25.0,2001,1,0,45,0.5,0,0,0,0,0,0,0,0,0.00,0,0,,0.00,0.00,,,0,0,0,0,0,0,0,0,0,0,0,,,,,,,,,,,,,,
1863,Quinten Timber,nl NED,MF,Crystal Palace,eng Premier League,25.0,2001,2,2,163,1.8,0,0,0,0,0,0,0,0,0.00,3,1,33.3,1.66,0.55,0.00,0.00,0,0,1,5,1,4,0,0,0,2,0,,,,,,,,,,,,,,
1864,Quinten Timber,nl NED,MF,Marseille,fr Ligue 1,25.0,2001,1,1,45,0.5,0,0,0,0,0,0,0,0,0.00,0,0,,0.00,0.00,,,0,0,3,0,0,1,0,0,0,2,0,,,,,,,,,,,,,,
1865,Yvann Titi,fr FRA,DF,Troyes,fr Ligue 1,20.0,2006,1,1,54,0.6,0,0,0,0,0,0,0,0,0.00,1,0,0.0,1.67,0.00,0.00,,0,0,4,0,1,1,0,0,0,0,0,,,,,,,,,,,,,,
1866,Yassine Titraoui,dz ALG,MF,Lens,fr Ligue 1,23.0,2003,3,3,239,2.7,0,0,0,0,0,0,1,0,0.00,1,0,0.0,0.38,0.00,0.00,,0,0,0,5,6,5,1,0,0,2,0,,,,,,,,,,,,,,
1867,Jean-Clair Todibo,fr FRA,DF,Lens,fr Ligue 1,26.0,1999,1,0,36,0.4,0,0,0,0,0,0,0,0,0.00,1,0,0.0,2.50,0.00,0.00,,0,0,0,0,0,0,0,0,0,2,0,,,,,,,,,,,,,,
1868,Corentin Tolisso,fr FRA,MF,Lyon,fr Ligue 1,32.0,1994,4,3,292,3.2,0,1,1,0,0,0,0,0,0.31,6,3,50.0,1.85,0.92,0.00,0.00,0,0,7,2,5,6,0,0,0,2,0,,,,,,,,,,,,,,
1869,Jeremy Toljan,de GER,DF,Levante,es La Liga,32.0,1994,5,1,177,2.0,0,0,0,0,0,0,1,0,0.00,0,0,,0.00,0.00,,,0,0,7,0,1,0,1,0,0,1,0,,,,,,,,,,,,,,
1870,Tiago Tomás,pt POR,FW,Stuttgart,de Bundesliga,24.0,2002,1,1,61,0.7,0,0,0,0,0,0,0,0,0.00,2,1,50.0,2.95,1.48,0.00,0.00,0,0,0,2,0,2,0,0,0,1,0,,,,,,,,,,,,,,
1871,Takehiro Tomiyasu,jp JPN,DF,Crystal Palace,eng Premier League,27.0,1998,3,1,147,1.6,0,0,0,0,0,0,0,0,0.00,0,0,,0.00,0.00,,,0,0,4,1,5,2,0,0,0,1,0,,,,,,,,,,,,,,
1872,Sandro Tonali,it ITA,MF,Tottenham,eng Premier League,26.0,2000,4,4,344,3.8,0,0,0,0,0,0,0,0,0.00,5,1,20.0,1.31,0.26,0.00,0.00,0,0,4,1,3,4,0,0,0,2,0,,,,,,,,,,,,,,
1873,Victor Torp,dk DEN,MF,Coventry City,eng Premier League,27.0,1999,3,0,56,0.6,0,0,0,0,0,0,0,0,0.00,0,0,,0.00,0.00,,,0,0,5,0,1,0,0,0,0,1,0,,,,,,,,,,,,,,
1874,Raúl Torrente,es ESP,DF,Le Mans,fr Ligue 1,25.0,2001,2,1,74,0.8,0,0,0,0,0,0,0,0,0.00,0,0,,0.00,0.00,,,0,0,0,3,0,0,0,0,0,2,0,,,,,,,,,,,,,,
1875,Ferran Torres,es ESP,FW,Paris SG,fr Ligue 1,26.0,2000,4,2,220,2.4,3,0,3,3,0,0,0,0,1.23,6,3,50.0,2.45,1.23,0.50,1.00,0,0,3,0,2,3,0,0,0,0,0,,,,,,,,,,,,,,
1876,Pau Torres,es ESP,DF,Aston Villa,eng Premier League,29.0,1997,3,3,187,2.1,0,0,0,0,0,0,0,0,0.00,0,0,,0.00,0.00,,,0,0,1,0,1,1,0,0,0,2,0,,,,,,,,,,,,,,
1877,Lucas Torró,es ESP,MF,Osasuna,es La Liga,32.0,1994,3,1,120,1.3,0,0,0,0,0,0,0,0,0.00,1,0,0.0,0.75,0.00,0.00,,0,0,0,2,0,0,0,0,0,1,0,,,,,,,,,,,,,,
1878,Jordan Torunarigha,de GER,DF,Hamburger SV,de Bundesliga,29.0,1997,3,3,216,2.4,0,0,0,0,0,0,0,0,0.00,0,0,,0.00,0.00,,,0,0,0,0,4,0,0,0,0,5,0,,,,,,,,,,,,,,
1879,Alex Tóth,hu HUN,MF,Bournemouth,eng Premier League,20.0,2005,1,0,16,0.2,0,0,0,0,0,0,0,0,0.00,0,0,,0.00,0.00,,,0,0,0,1,0,0,0,0,0,0,0,,,,,,,,,,,,,,
1880,Ahmed Touba,dz ALG,DF,Le Havre,fr Ligue 1,28.0,1998,3,3,270,3.0,0,0,0,0,0,0,1,0,0.00,1,0,0.0,0.33,0.00,0.00,,0,0,0,5,9,0,1,0,0,3,0,,,,,,,,,,,,,,
1881,Bazoumana Touré,ci CIV,MF,Newcastle,eng Premier League,20.0,2006,1,0,1,0.0,0,0,0,0,0,0,0,0,0.00,0,0,,0.00,0.00,,,0,0,0,0,0,0,0,0,0,0,0,,,,,,,,,,,,,,
1882,Ilane Touré,fr FRA,MF,Monaco,fr Ligue 1,20.0,2006,1,0,11,0.1,0,0,0,0,0,0,0,0,0.00,0,0,,0.00,0.00,,,0,0,0,0,1,0,0,0,0,0,0,,,,,,,,,,,,,,
1883,Lucas Tousart,fr FRA,DF,Brest,fr Ligue 1,29.0,1997,4,1,127,1.4,0,0,0,0,0,0,0,0,0.00,4,3,75.0,2.83,2.13,0.00,0.00,0,0,0,2,2,2,0,0,0,2,0,,,,,,,,,,,,,,
1884,James Trafford,eng ENG,GK,Leeds United,eng Premier League,23.0,2002,3,3,270,3.0,0,0,0,0,0,0,0,0,0.00,0,0,,0.00,0.00,,,0,0,0,0,0,0,0,0,0,0,0,2,0.67,13,10,84.6,1,2,0,1,33.3,0,0,0,0
1885,Adama Traoré,es ESP,"FW,MF",Dep. A Coruña,es La Liga,30.0,1996,2,0,54,0.6,0,0,0,0,0,0,0,0,0.00,0,0,,0.00,0.00,,,0,0,7,0,0,2,0,0,0,0,1,,,,,,,,,,,,,,
1886,Daouda Traoré,fr FRA,MF,Le Mans,fr Ligue 1,20.0,2006,1,0,26,0.3,0,0,0,0,0,0,0,0,0.00,1,0,0.0,3.46,0.00,0.00,,0,0,0,0,0,0,0,0,0,2,0,,,,,,,,,,,,,,
1887,Hamari Traoré,ml MLI,DF,Paris FC,fr Ligue 1,34.0,1992,3,2,188,2.1,0,0,0,0,0,0,1,0,0.00,0,0,,0.00,0.00,,,0,0,0,1,1,2,1,0,0,2,0,,,,,,,,,,,,,,
1888,Kevin Trapp,de GER,GK,Paris FC,fr Ligue 1,36.0,1990,4,4,360,4.0,0,0,0,0,0,0,0,0,0.00,0,0,,0.00,0.00,,,0,0,0,0,0,0,0,0,0,0,0,2,0.50,11,9,81.8,2,2,0,3,75.0,0,0,0,0
1889,Philipp Treu,de GER,DF,Freiburg,de Bundesliga,25.0,2000,3,2,193,2.1,0,0,0,0,0,0,0,0,0.00,1,1,100.0,0.47,0.47,0.00,0.00,0,0,4,5,2,2,0,0,0,1,0,,,,,,,,,,,,,,
1890,Christopher Trimmel,at AUT,"DF,FW",Union Berlin,de Bundesliga,39.0,1987,1,0,17,0.2,0,0,0,0,0,0,0,0,0.00,0,0,,0.00,0.00,,,0,0,1,0,0,0,0,0,0,0,0,,,,,,,,,,,,,,
1891,Mariano Troilo,ar ARG,DF,Parma,it Serie A,23.0,2003,3,3,264,2.9,0,0,0,0,0,0,1,0,0.00,0,0,,0.00,0.00,,,0,0,0,3,3,3,1,0,0,2,0,,,,,,,,,,,,,,
1892,Adrien Truffert,fr FRA,DF,Bournemouth,eng Premier League,24.0,2001,4,4,360,4.0,0,0,0,0,0,0,1,0,0.00,3,2,66.7,0.75,0.50,0.00,0.00,0,0,14,5,7,3,1,0,0,8,0,,,,,,,,,,,,,,
1893,Kostas Tsimikas,gr GRE,DF,Liverpool,eng Premier League,30.0,1996,2,1,65,0.7,0,0,0,0,0,0,0,0,0.00,1,1,100.0,1.38,1.38,0.00,0.00,0,0,5,0,1,0,0,0,0,4,0,,,,,,,,,,,,,,
1894,Heorhii Tsitaishvili,ge GEO,MF,Rayo Vallecano,es La Liga,25.0,2000,2,1,107,1.2,0,0,0,0,0,0,0,0,0.00,3,2,66.7,2.52,1.68,0.00,0.00,0,0,4,1,0,0,0,0,0,0,0,,,,,,,,,,,,,,
1895,Axel Tuanzebe,cd COD,DF,Auxerre,fr Ligue 1,28.0,1997,1,1,90,1.0,0,0,0,0,0,0,0,0,0.00,2,1,50.0,2.00,1.00,0.00,0.00,0,0,0,0,1,2,0,0,0,0,0,,,,,,,,,,,,,,
1896,Kareem Tunde,es ESP,FW,Levante,es La Liga,21.0,2005,1,0,15,0.2,0,0,0,0,0,0,0,0,0.00,0,0,,0.00,0.00,,,0,0,0,0,0,0,0,0,0,0,0,,,,,,,,,,,,,,
1897,Beñat Turrientes,es ESP,MF,Real Sociedad,es La Liga,24.0,2002,4,3,257,2.9,0,0,0,0,0,0,1,0,0.00,4,3,75.0,1.40,1.05,0.00,0.00,0,0,2,4,0,1,1,0,0,0,0,,,,,,,,,,,,,,
1898,Kostas Tzolakis,gr GRE,GK,Hull City,eng Premier League,23.0,2002,4,4,360,4.0,0,0,0,0,0,0,0,0,0.00,0,0,,0.00,0.00,,,0,0,0,0,1,5,0,0,0,0,0,2,0.50,16,14,87.5,2,2,0,3,75.0,0,0,0,0
1899,Christos Tzolis,gr GRE,MF,Arsenal,eng Premier League,24.0,2002,4,4,290,3.2,0,1,1,0,0,0,2,0,0.31,4,2,50.0,1.24,0.62,0.00,0.00,0,0,9,3,2,8,2,0,0,2,0,,,,,,,,,,,,,,
1900,Destiny Udogie,it ITA,DF,Tottenham,eng Premier League,23.0,2002,3,1,88,1.0,0,0,0,0,0,0,1,0,0.00,0,0,,0.00,0.00,,,0,0,2,1,1,3,1,0,0,3,0,,,,,,,,,,,,,,
1901,Matthieu Udol,fr FRA,"MF,DF",Lens,fr Ligue 1,30.0,1996,4,4,293,3.3,0,0,0,0,0,0,0,0,0.00,4,0,0.0,1.23,0.00,0.00,,0,0,7,3,4,3,0,0,0,3,0,,,,,,,,,,,,,,
1902,Ayase Ueda,jp JPN,FW,Lille,fr Ligue 1,28.0,1998,2,1,104,1.2,1,0,1,1,0,0,0,0,0.87,5,3,60.0,4.33,2.60,0.20,0.33,0,0,0,0,0,0,0,0,0,7,0,,,,,,,,,,,,,,
1903,Filip Ugrinic,ch SUI,MF,Valencia,es La Liga,27.0,1999,5,4,374,4.2,0,0,0,0,0,0,0,0,0.00,6,2,33.3,1.44,0.48,0.00,0.00,0,0,18,4,4,10,0,0,0,3,0,,,,,,,,,,,,,,
1904,Lukas Ullrich,de GER,DF,Gladbach,de Bundesliga,22.0,2004,2,2,143,1.6,0,0,0,0,0,0,0,0,0.00,2,0,0.0,1.26,0.00,0.00,,0,0,4,3,6,3,0,0,0,3,0,,,,,,,,,,,,,,
1905,Lauren Ulrich,de GER,MF,Paderborn 07,de Bundesliga,21.0,2005,3,3,223,2.5,0,0,0,0,0,0,1,0,0.00,5,0,0.0,2.02,0.00,0.00,,0,0,4,5,2,5,1,0,0,2,0,,,,,,,,,,,,,,
1906,Enes Ünal,tr TUR,FW,Getafe,es La Liga,29.0,1997,5,4,405,4.5,1,0,1,1,0,0,2,0,0.22,7,1,14.3,1.56,0.22,0.14,1.00,0,0,4,5,0,4,2,0,0,7,0,,,,,,,,,,,,,,
1907,Deniz Undav,de GER,MF,Stuttgart,de Bundesliga,30.0,1996,3,2,168,1.9,0,0,0,0,0,0,0,0,0.00,1,1,100.0,0.54,0.54,0.00,0.00,0,0,0,1,2,0,0,0,0,4,0,,,,,,,,,,,,,,
1908,Dayot Upamecano,fr FRA,DF,Bayern Munich,de Bundesliga,27.0,1998,3,3,270,3.0,1,0,1,1,0,0,1,0,0.33,3,1,33.3,1.00,0.33,0.33,1.00,0,0,0,6,6,1,1,0,0,3,0,,,,,,,,,,,,,,
1909,Jonas Urbig,de GER,GK,Bayern Munich,de Bundesliga,23.0,2003,1,1,90,1.0,0,0,0,0,0,0,0,0,0.00,0,0,,0.00,0.00,,,0,0,0,0,0,0,0,0,0,0,0,1,1.00,1,0,0.0,1,0,0,0,0.0,0,0,0,0
1910,Robbie Ure,sct SCO,FW,Sevilla,es La Liga,22.0,2004,5,3,306,3.4,0,1,1,0,0,0,1,0,0.29,4,0,0.0,1.18,0.00,0.00,,0,0,2,0,0,9,1,0,0,6,0,,,,,,,,,,,,,,
1911,Can Uzun,tr TUR,MF,Frankfurt,de Bundesliga,20.0,2005,3,3,232,2.6,2,0,2,2,0,0,0,0,0.78,6,3,50.0,2.33,1.16,0.33,0.67,0,0,16,1,0,4,0,0,0,1,0,,,,,,,,,,,,,,
1912,Josha Vagnoman,de GER,MF,Stuttgart,de Bundesliga,25.0,2000,3,3,260,2.9,2,1,3,2,0,0,0,0,1.04,4,2,50.0,1.38,0.69,0.50,1.00,0,0,6,2,2,3,0,0,0,2,1,,,,,,,,,,,,,,
1913,Victor Valdepeñas,es ESP,DF,Fiorentina,it Serie A,19.0,2006,3,2,191,2.1,0,0,0,0,0,0,0,0,0.00,1,0,0.0,0.47,0.00,0.00,,0,0,6,2,1,3,0,0,0,0,0,,,,,,,,,,,,,,
1914,Lautaro Valenti,ar ARG,DF,Parma,it Serie A,27.0,1999,1,0,45,0.5,0,0,0,0,0,0,0,0,0.00,0,0,,0.00,0.00,,,0,0,0,0,1,0,0,0,0,0,0,,,,,,,,,,,,,,
1915,Óscar Valentín,es ESP,MF,Rayo Vallecano,es La Liga,32.0,1994,5,3,283,3.1,0,0,0,0,0,0,1,0,0.00,0,0,,0.00,0.00,,,0,0,2,5,5,4,1,0,0,6,0,,,,,,,,,,,,,,
1916,Nicolás Valentini,ar ARG,DF,Alavés,es La Liga,25.0,2001,2,0,56,0.6,0,0,0,0,0,0,1,0,0.00,1,0,0.0,1.61,0.00,0.00,,0,0,1,0,1,0,1,0,0,1,0,,,,,,,,,,,,,,
1917,Germán Valera,es ESP,"DF,MF",Elche,es La Liga,24.0,2002,5,5,421,4.7,0,0,0,0,0,0,1,0,0.00,1,0,0.0,0.21,0.00,0.00,,0,0,19,2,2,10,1,0,0,3,0,,,,,,,,,,,,,,
1918,Emanuele Valeri,it ITA,"DF,MF",Parma,it Serie A,27.0,1998,3,3,270,3.0,0,0,0,0,0,0,0,0,0.00,2,1,50.0,0.67,0.33,0.00,0.00,0,0,23,2,2,1,0,0,0,1,0,,,,,,,,,,,,,,
1919,Álex Valle,es ESP,DF,Como,it Serie A,22.0,2004,3,3,270,3.0,0,1,1,0,0,0,0,0,0.33,5,1,20.0,1.67,0.33,0.00,0.00,0,0,6,1,6,2,0,0,0,3,0,,,,,,,,,,,,,,
1920,Álvaro Vallés,es ESP,GK,Real Betis,es La Liga,29.0,1997,4,4,360,4.0,0,0,0,0,0,0,0,0,0.00,0,0,,0.00,0.00,,,0,0,0,0,0,0,0,0,0,0,0,5,1.25,20,15,75.0,3,0,1,3,75.0,1,0,1,0
1921,Jean Valou,ci CIV,DF,Getafe,es La Liga,19.0,2006,1,0,18,0.2,0,0,0,0,0,0,0,0,0.00,0,0,,0.00,0.00,,,0,0,1,0,0,0,0,0,0,1,0,,,,,,,,,,,,,,
1922,Federico Valverde,uy URU,MF,Real Madrid,es La Liga,28.0,1998,5,5,382,4.2,0,1,1,0,0,0,0,0,0.24,6,1,16.7,1.41,0.24,0.00,0.00,0,0,1,7,4,0,0,0,0,2,0,,,,,,,,,,,,,,
1923,Zeno Van den Bosch,be BEL,DF,Union Berlin,de Bundesliga,23.0,2003,2,2,180,2.0,0,0,0,0,0,0,2,0,0.00,0,0,,0.00,0.00,,,0,0,0,2,2,1,2,0,0,4,0,,,,,,,,,,,,,,
1924,Virgil van Dijk,nl NED,DF,Liverpool,eng Premier League,35.0,1991,4,4,360,4.0,0,0,0,0,0,0,1,0,0.00,2,1,50.0,0.50,0.25,0.00,0.00,0,0,0,4,6,0,1,0,0,1,0,,,,,,,,,,,,,,
1925,Vanderson,br BRA,DF,Monaco,fr Ligue 1,25.0,2001,4,4,319,3.5,0,0,0,0,0,0,1,0,0.00,2,0,0.0,0.56,0.00,0.00,,0,0,11,5,6,2,1,0,0,6,0,,,,,,,,,,,,,,
1926,Maarten Vandevoordt,be BEL,GK,RB Leipzig,de Bundesliga,24.0,2002,3,3,270,3.0,0,0,0,0,0,0,0,0,0.00,0,0,,0.00,0.00,,,0,0,0,0,0,2,0,0,0,0,0,3,1.00,15,12,80.0,2,0,1,2,66.7,0,0,0,0
1927,Gustavo Varela,pt POR,FW,Monza,it Serie A,21.0,2005,3,3,246,2.7,2,0,2,2,0,0,0,0,0.73,8,3,37.5,2.93,1.10,0.25,0.67,0,0,0,0,0,0,0,0,0,4,0,,,,,,,,,,,,,,
1928,Ruben Vargas,ch SUI,"FW,MF",Sevilla,es La Liga,28.0,1998,1,0,21,0.2,0,0,0,0,0,0,0,0,0.00,1,0,0.0,4.29,0.00,0.00,,0,0,0,0,0,0,0,0,0,0,0,,,,,,,,,,,,,,
1929,Johan Vásquez,mx MEX,DF,Genoa,it Serie A,27.0,1998,4,4,338,3.8,1,0,1,1,0,0,2,1,0.27,3,1,33.3,0.80,0.27,0.33,1.00,0,0,2,2,1,4,2,1,1,3,0,,,,,,,,,,,,,,
1930,José Luis García Vayá,es ESP,"DF,MF",Valencia,es La Liga,28.0,1998,5,5,385,4.3,0,0,0,0,0,0,0,0,0.00,1,0,0.0,0.23,0.00,0.00,,0,0,2,3,5,2,0,0,0,3,0,,,,,,,,,,,,,,
1931,Robinio Vaz,fr FRA,FW,Hull City,eng Premier League,19.0,2007,1,0,9,0.1,0,0,0,0,0,0,0,0,0.00,0,0,,0.00,0.00,,,0,0,0,0,0,1,0,0,0,1,0,,,,,,,,,,,,,,
1932,Jesus Vazquez,es ESP,DF,Valencia,es La Liga,23.0,2003,5,4,331,3.7,0,0,0,0,0,0,0,0,0.00,2,0,0.0,0.54,0.00,0.00,,0,0,5,8,3,9,0,0,0,6,0,,,,,,,,,,,,,,
1933,Lucas Vázquez,es ESP,DF,Leverkusen,de Bundesliga,35.0,1991,3,1,68,0.8,0,0,0,0,0,0,0,0,0.00,0,0,,0.00,0.00,,,0,0,9,1,1,2,0,0,0,2,0,,,,,,,,,,,,,,
1934,Joey Veerman,nl NED,MF,Dortmund,de Bundesliga,27.0,1998,3,1,126,1.4,0,0,0,0,0,0,0,0,0.00,3,1,33.3,2.14,0.71,0.00,0.00,0,0,3,2,1,1,0,0,0,3,0,,,,,,,,,,,,,,
1935,Danilo Veiga,pt POR,"DF,MF",Lecce,it Serie A,23.0,2002,4,4,360,4.0,0,1,1,0,0,0,2,0,0.25,0,0,,0.00,0.00,,,0,0,9,5,4,6,2,0,0,4,0,,,,,,,,,,,,,,
1936,Renato Veiga,pt POR,DF,Villarreal,es La Liga,23.0,2003,4,4,360,4.0,0,0,0,0,0,0,0,0,0.00,2,0,0.0,0.50,0.00,0.00,,0,0,1,0,7,1,0,0,0,6,0,,,,,,,,,,,,,,
1937,Micky van de Ven,nl NED,DF,Tottenham,eng Premier League,25.0,2001,3,3,270,3.0,0,0,0,0,0,0,1,0,0.00,2,0,0.0,0.67,0.00,0.00,,0,0,0,4,2,3,1,0,0,3,0,,,,,,,,,,,,,,
1938,Bart Verbruggen,nl NED,GK,Brighton,eng Premier League,24.0,2002,4,4,360,4.0,0,0,0,0,0,0,0,0,0.00,0,0,,0.00,0.00,,,0,0,0,0,0,1,0,0,0,0,0,5,1.25,15,10,66.7,2,1,1,2,50.0,0,0,0,0
1939,Jean Vercruysse,fr FRA,MF,Le Mans,fr Ligue 1,26.0,2000,3,2,155,1.7,0,1,1,0,0,0,1,0,0.58,3,0,0.0,1.74,0.00,0.00,,0,0,4,1,2,2,1,0,0,5,0,,,,,,,,,,,,,,
1940,Calvin Verdonk,id IDN,DF,Lille,fr Ligue 1,29.0,1997,3,1,71,0.8,0,0,0,0,0,0,0,0,0.00,1,0,0.0,1.27,0.00,0.00,,0,0,0,1,0,0,0,0,0,1,0,,,,,,,,,,,,,,
1941,Antonio Vergara,it ITA,MF,Napoli,it Serie A,23.0,2003,3,2,130,1.4,1,1,2,1,0,0,1,0,1.38,2,1,50.0,1.38,0.69,0.50,1.00,0,0,4,7,2,2,1,0,0,1,0,,,,,,,,,,,,,,
1942,Arthur Vermeeren,be BEL,MF,RB Leipzig,de Bundesliga,21.0,2005,1,0,8,0.1,0,0,0,0,0,0,0,0,0.00,1,0,0.0,11.25,0.00,0.00,,0,0,0,0,0,0,0,0,0,1,0,,,,,,,,,,,,,,
1943,Giovani Versini,fr FRA,MF,Brest,fr Ligue 1,22.0,2004,2,1,81,0.9,0,0,0,0,0,0,0,0,0.00,1,0,0.0,1.11,0.00,0.00,,0,0,6,1,2,0,0,0,0,1,0,,,,,,,,,,,,,,
1944,Jozhua Vertrouwd,nl NED,DF,Rayo Vallecano,es La Liga,22.0,2004,2,2,121,1.3,0,0,0,0,0,0,0,0,0.00,0,0,,0.00,0.00,,,0,0,0,1,0,1,0,0,0,2,0,,,,,,,,,,,,,,
1945,Guglielmo Vicario,it ITA,GK,Juventus,it Serie A,29.0,1996,4,4,359,4.0,0,0,0,0,0,0,0,0,0.00,0,0,,0.00,0.00,,,0,0,0,0,0,0,0,0,0,0,0,4,1.00,12,8,66.7,2,1,1,2,50.0,0,0,0,0
1946,Iñigo Vicente,es ESP,MF,Racing Sant,es La Liga,28.0,1998,5,5,421,4.7,0,2,2,0,0,0,1,0,0.43,1,0,0.0,0.21,0.00,0.00,,0,0,13,6,4,13,1,0,0,9,0,,,,,,,,,,,,,,
1947,Gabriel Vidovic,hr CRO,"MF,FW",Paderborn 07,de Bundesliga,22.0,2003,3,3,246,2.7,0,0,0,0,0,0,0,0,0.00,0,0,,0.00,0.00,,,0,0,2,1,0,3,0,0,0,2,0,,,,,,,,,,,,,,
1948,Fabio Vieira,pt POR,MF,Hamburger SV,de Bundesliga,26.0,2000,2,0,63,0.7,0,0,0,0,0,0,0,0,0.00,1,1,100.0,1.43,1.43,0.00,0.00,0,0,5,2,1,4,0,0,0,0,0,,,,,,,,,,,,,,
1949,Viery,br BRA,DF,Fiorentina,it Serie A,21.0,2005,3,2,210,2.3,0,0,0,0,0,0,0,0,0.00,0,0,,0.00,0.00,,,0,0,0,3,3,0,0,0,0,4,0,,,,,,,,,,,,,,
1950,Julián Vignolo,ar ARG,MF,Toulouse,fr Ligue 1,19.0,2006,3,2,170,1.9,0,0,0,0,0,0,0,0,0.00,4,1,25.0,2.12,0.53,0.00,0.00,0,0,8,2,0,3,0,0,0,5,0,,,,,,,,,,,,,,
1951,Asier Villalibre,es ESP,FW,Racing Sant,es La Liga,28.0,1997,4,2,160,1.8,0,0,0,0,0,0,0,0,0.00,2,1,50.0,1.13,0.56,0.00,0.00,0,0,0,0,0,5,0,0,0,0,0,,,,,,,,,,,,,,
1952,Gonzalo Villar,es ESP,MF,Elche,es La Liga,28.0,1998,5,5,421,4.7,0,1,1,0,0,0,1,0,0.21,4,3,75.0,0.86,0.64,0.00,0.00,0,0,10,5,3,17,1,0,0,11,0,,,,,,,,,,,,,,
1953,Diego Villares,es ESP,MF,Dep. A Coruña,es La Liga,30.0,1996,2,0,60,0.7,0,0,0,0,0,0,0,0,0.00,0,0,,0.00,0.00,,,0,0,0,2,1,0,0,0,0,1,0,,,,,,,,,,,,,,
1954,Vitinha,pt POR,MF,Paris SG,fr Ligue 1,26.0,2000,4,4,338,3.8,1,1,2,1,0,0,1,0,0.53,9,3,33.3,2.40,0.80,0.11,0.33,0,0,6,2,4,1,1,0,0,2,0,,,,,,,,,,,,,,
1955,Vitinha,pt POR,MF,Genoa,it Serie A,26.0,2000,4,2,218,2.4,0,0,0,0,0,0,0,0,0.00,6,3,50.0,2.48,1.24,0.00,0.00,0,0,4,2,1,4,0,0,0,0,0,,,,,,,,,,,,,,
1956,Odysseas Vlachodimos,gr GRE,GK,Sevilla,es La Liga,32.0,1994,5,5,450,5.0,0,0,0,0,0,0,0,0,0.00,0,0,,0.00,0.00,,,0,0,0,0,0,0,0,0,0,0,0,6,1.20,18,12,66.7,3,1,1,1,20.0,0,0,0,0
1957,Nikola Vlašić,hr CRO,"MF,FW",Torino,it Serie A,28.0,1997,3,3,270,3.0,0,0,0,0,0,0,0,0,0.00,4,2,50.0,1.33,0.67,0.00,0.00,0,0,2,1,0,3,0,0,0,4,0,,,,,,,,,,,,,,
1958,Mërgim Vojvoda,xk KVX,MF,Udinese,it Serie A,31.0,1995,3,3,264,2.9,0,0,0,0,0,0,0,0,0.00,2,0,0.0,0.68,0.00,0.00,,0,0,9,3,3,2,0,0,0,0,0,,,,,,,,,,,,,,
1959,Cristian Volpato,au AUS,FW,Sassuolo,it Serie A,22.0,2003,3,3,183,2.0,1,0,1,1,0,0,1,0,0.49,5,4,80.0,2.46,1.97,0.20,0.25,0,0,4,2,0,3,1,0,0,3,0,,,,,,,,,,,,,,
1960,Alexis Vossah,fr FRA,MF,Toulouse,fr Ligue 1,18.0,2008,3,2,137,1.5,0,0,0,0,0,0,0,0,0.00,3,0,0.0,1.97,0.00,0.00,,0,0,0,2,2,2,0,0,0,2,0,,,,,,,,,,,,,,
1961,Harold Voyer,mq MTQ,DF,Le Mans,fr Ligue 1,29.0,1997,3,3,270,3.0,0,0,0,0,0,0,1,0,0.00,1,1,100.0,0.33,0.33,0.00,0.00,0,0,2,2,5,0,1,0,0,3,0,,,,,,,,,,,,,,
1962,Luca Vozar,de GER,MF,Schalke 04,de Bundesliga,19.0,2007,1,0,17,0.2,0,0,0,0,0,0,0,0,0.00,0,0,,0.00,0.00,,,0,0,0,0,0,0,0,0,0,1,0,,,,,,,,,,,,,,
1963,Luka Vušković,hr CRO,DF,Brighton,eng Premier League,19.0,2007,4,4,347,3.9,1,0,1,1,0,0,0,0,0.26,8,1,12.5,2.07,0.26,0.13,1.00,0,0,2,3,2,3,0,0,0,3,0,,,,,,,,,,,,,,
1964,Elye Wahi,ci CIV,FW,Nice,fr Ligue 1,23.0,2003,3,2,203,2.3,1,0,1,1,0,0,1,0,0.44,5,3,60.0,2.22,1.33,0.20,0.33,0,0,1,1,1,5,1,0,0,0,0,,,,,,,,,,,,,,
1965,Aaron Wan-Bissaka,cd COD,DF,Aston Villa,eng Premier League,28.0,1997,3,1,109,1.2,0,0,0,0,0,0,0,0,0.00,0,0,,0.00,0.00,,,0,0,1,3,5,1,0,0,0,1,0,,,,,,,,,,,,,,
1966,Timothy Weah,us USA,DF,Marseille,fr Ligue 1,26.0,2000,4,4,360,4.0,0,0,0,0,0,0,1,0,0.00,4,2,50.0,1.00,0.50,0.00,0.00,0,0,8,4,1,5,1,0,0,6,0,,,,,,,,,,,,,,
1967,Mitchell Weiser,de GER,"DF,MF",Werder Bremen,de Bundesliga,32.0,1994,1,0,8,0.1,0,0,0,0,0,0,0,0,0.00,0,0,,0.00,0.00,,,0,0,0,1,0,1,0,0,0,0,0,,,,,,,,,,,,,,
1968,Danny Welbeck,eng ENG,"FW,MF",Chelsea,eng Premier League,35.0,1990,2,0,17,0.2,0,0,0,0,0,0,0,0,0.00,0,0,,0.00,0.00,,,0,0,0,0,0,0,0,0,0,0,0,,,,,,,,,,,,,,
1969,Wesley,br BRA,MF,Roma,it Serie A,23.0,2003,3,3,239,2.7,0,1,1,0,0,0,0,0,0.38,1,0,0.0,0.38,0.00,0.00,,0,0,15,4,0,3,0,0,0,2,0,,,,,,,,,,,,,,
1970,Adam Wharton,eng ENG,MF,Crystal Palace,eng Premier League,22.0,2004,4,4,346,3.8,0,0,0,0,0,0,0,0,0.00,1,0,0.0,0.26,0.00,0.00,,0,0,6,4,5,8,0,0,0,0,0,,,,,,,,,,,,,,
1971,Ben White,eng ENG,DF,Arsenal,eng Premier League,28.0,1997,4,4,315,3.5,0,1,1,0,0,0,0,0,0.29,1,0,0.0,0.29,0.00,0.00,,0,0,11,4,3,3,0,0,0,2,0,,,,,,,,,,,,,,
1972,Silvan Widmer,ch SUI,"DF,MF",Mainz 05,de Bundesliga,33.0,1993,1,0,18,0.2,0,0,0,0,0,0,0,0,0.00,0,0,,0.00,0.00,,,0,0,1,0,0,0,0,0,0,0,0,,,,,,,,,,,,,,
1973,Mats Wieffer,nl NED,DF,Brighton,eng Premier League,26.0,1999,2,2,156,1.7,0,0,0,0,0,0,0,0,0.00,2,0,0.0,1.15,0.00,0.00,,0,0,5,1,5,3,0,0,0,1,0,,,,,,,,,,,,,,
1974,Iñaki Williams,gh GHA,"FW,MF",Athletic Club,es La Liga,32.0,1994,5,5,325,3.6,1,2,3,1,0,0,0,0,0.83,11,5,45.5,3.05,1.38,0.09,0.20,0,0,2,4,0,5,0,0,0,3,0,,,,,,,,,,,,,,
1975,Neco Williams,wls WAL,MF,Nottingham,eng Premier League,25.0,2001,4,4,360,4.0,0,0,0,0,0,0,0,0,0.00,3,0,0.0,0.75,0.00,0.00,,0,0,16,10,0,7,0,0,0,5,0,,,,,,,,,,,,,,
1976,Nico Williams,es ESP,MF,Athletic Club,es La Liga,24.0,2002,5,3,274,3.0,1,0,1,1,0,0,0,0,0.33,9,2,22.2,2.96,0.66,0.11,0.50,0,0,14,4,2,0,0,0,0,1,0,,,,,,,,,,,,,,
1977,Estêvão Willian,br BRA,MF,Chelsea,eng Premier League,19.0,2007,3,0,23,0.3,0,0,0,0,0,0,0,0,0.00,2,2,100.0,7.83,7.83,0.00,0.00,0,0,1,0,0,1,0,0,0,0,0,,,,,,,,,,,,,,
1978,Joe Willock,eng ENG,MF,Newcastle,eng Premier League,27.0,1999,3,2,167,1.9,1,0,1,1,0,0,0,0,0.54,6,1,16.7,3.23,0.54,0.17,1.00,0,0,2,2,0,2,0,0,0,5,0,,,,,,,,,,,,,,
1979,Callum Wilson,eng ENG,FW,Brentford,eng Premier League,34.0,1992,3,0,16,0.2,0,0,0,0,0,0,0,0,0.00,2,0,0.0,11.25,0.00,0.00,,0,0,0,0,0,0,0,0,0,1,0,,,,,,,,,,,,,,
1980,Harry Wilson,wls WAL,MF,Leeds United,eng Premier League,29.0,1997,3,1,128,1.4,0,0,0,0,0,0,1,0,0.00,1,0,0.0,0.70,0.00,0.00,,0,0,7,1,2,1,1,0,0,3,0,,,,,,,,,,,,,,
1981,Patrick Wimmer,at AUT,MF,Hoffenheim,de Bundesliga,25.0,2001,3,2,178,2.0,0,0,0,0,0,0,0,0,0.00,6,1,16.7,3.03,0.51,0.00,0.00,0,0,1,1,1,4,0,0,0,3,0,,,,,,,,,,,,,,
1982,Harry Winks,eng ENG,MF,Cagliari,it Serie A,30.0,1996,4,4,326,3.6,0,0,0,0,0,0,0,0,0.00,3,1,33.3,0.83,0.28,0.00,0.00,0,0,1,3,9,4,0,0,0,5,0,,,,,,,,,,,,,,
1983,Florian Wirtz,de GER,MF,Liverpool,eng Premier League,23.0,2003,4,4,331,3.7,0,1,1,0,0,0,1,0,0.27,10,3,30.0,2.72,0.82,0.00,0.00,0,0,3,3,0,2,1,0,0,6,0,,,,,,,,,,,,,,
1984,Yoane Wissa,cd COD,"FW,MF",Newcastle,eng Premier League,30.0,1996,3,3,260,2.9,1,1,2,1,0,0,2,0,0.69,6,2,33.3,2.08,0.69,0.17,0.50,0,0,1,0,0,11,2,0,0,5,0,,,,,,,,,,,,,,
1985,Axel Witsel,be BEL,MF,Nice,fr Ligue 1,37.0,1989,3,3,229,2.5,0,0,0,0,0,0,0,0,0.00,4,1,25.0,1.57,0.39,0.00,0.00,0,0,0,1,6,2,0,0,0,1,0,,,,,,,,,,,,,,
1986,Maximilian Wöber,at AUT,DF,Schalke 04,de Bundesliga,28.0,1998,3,0,57,0.6,1,0,1,1,0,0,0,0,1.58,1,1,100.0,1.58,1.58,1.00,1.00,0,0,0,1,1,1,0,0,0,1,0,,,,,,,,,,,,,,
1987,Marius Wolf,de GER,"MF,DF",Augsburg,de Bundesliga,31.0,1995,3,3,236,2.6,0,0,0,0,0,0,0,0,0.00,2,1,50.0,0.76,0.38,0.00,0.00,0,0,8,1,1,2,0,0,0,2,0,,,,,,,,,,,,,,
1988,Nick Woltemade,de GER,"FW,MF",Newcastle,eng Premier League,24.0,2002,1,0,20,0.2,0,1,1,0,0,0,0,0,4.50,1,0,0.0,4.50,0.00,0.00,,0,0,0,0,0,2,0,0,0,0,0,,,,,,,,,,,,,,
1989,Nick Woltemade,de GER,"FW,MF",Juventus,it Serie A,24.0,2002,2,0,46,0.5,0,0,0,0,0,0,0,0,0.00,3,0,0.0,5.87,0.00,0.00,,0,0,0,0,0,3,0,0,0,2,0,,,,,,,,,,,,,,
1990,Jeong Woo-yeong,kr KOR,FW,Union Berlin,de Bundesliga,26.0,1999,3,1,147,1.6,0,0,0,0,0,0,0,0,0.00,6,1,16.7,3.67,0.61,0.00,0.00,0,0,8,0,1,3,0,0,0,2,0,,,,,,,,,,,,,,
1991,Chris Wood,nz NZL,FW,Nottingham,eng Premier League,34.0,1991,3,0,47,0.5,0,0,0,0,0,0,0,0,0.00,1,0,0.0,1.91,0.00,0.00,,0,0,0,0,0,1,0,0,0,0,0,,,,,,,,,,,,,,
1992,Granit Xhaka,ch SUI,MF,Sunderland,eng Premier League,33.0,1992,4,4,360,4.0,0,0,0,0,0,0,2,0,0.00,1,0,0.0,0.25,0.00,0.00,,0,0,24,4,4,9,2,0,0,4,0,,,,,,,,,,,,,,
1993,Malick Yalcouye,ci CIV,MF,Brighton,eng Premier League,20.0,2005,4,3,232,2.6,2,0,2,2,0,0,0,0,0.78,6,4,66.7,2.33,1.55,0.33,0.50,0,0,5,2,0,3,0,0,0,3,0,,,,,,,,,,,,,,
1994,Lamine Yamal,es ESP,"FW,MF",Barcelona,es La Liga,19.0,2007,5,5,399,4.4,6,0,6,5,1,1,0,0,1.13,26,11,42.3,5.86,2.48,0.23,0.55,1,1,13,1,2,6,0,0,0,4,0,,,,,,,,,,,,,,
1995,Yehor Yarmoliuk,ua UKR,MF,Brentford,eng Premier League,22.0,2004,4,1,150,1.7,0,1,1,0,0,0,1,0,0.60,2,0,0.0,1.20,0.00,0.00,,0,0,4,3,2,1,1,0,0,3,0,,,,,,,,,,,,,,
1996,Gessime Yassine,ma MAR,"FW,MF",Strasbourg,fr Ligue 1,20.0,2005,4,4,346,3.8,2,1,3,2,0,0,1,0,0.78,9,5,55.6,2.34,1.30,0.22,0.40,0,0,7,7,3,11,1,0,0,8,0,,,,,,,,,,,,,,
1997,John Yeboah,ec ECU,FW,Venezia,it Serie A,26.0,2000,4,3,293,3.3,1,0,1,1,0,0,0,0,0.31,11,4,36.4,3.38,1.23,0.09,0.25,0,0,2,5,0,4,0,0,0,2,0,,,,,,,,,,,,,,
1998,Rockson Yeboah,gh GHA,DF,Osasuna,es La Liga,22.0,2004,2,1,121,1.3,0,0,0,0,0,0,1,0,0.00,0,0,,0.00,0.00,,,0,0,0,1,1,0,1,0,0,1,0,,,,,,,,,,,,,,
1999,Kenan Yıldız,tr TUR,MF,Juventus,it Serie A,21.0,2005,1,1,68,0.8,0,0,0,0,0,0,0,0,0.00,2,1,50.0,2.65,1.32,0.00,0.00,0,0,0,0,1,2,0,0,0,0,0,,,,,,,,,,,,,,
2000,Berkay Yılmaz,tr TUR,"DF,MF",Freiburg,de Bundesliga,21.0,2005,1,0,9,0.1,0,0,0,0,0,0,0,0,0.00,0,0,,0.00,0.00,,,0,0,1,1,0,1,0,0,0,0,0,,,,,,,,,,,,,,
2001,Caleb Yirenkyi,gh GHA,MF,Coventry City,eng Premier League,20.0,2006,4,2,177,2.0,0,0,0,0,0,0,1,0,0.00,1,0,0.0,0.51,0.00,0.00,,0,0,2,0,2,3,1,0,0,4,0,,,,,,,,,,,,,,
2002,Zadok Yohanna,ng NGA,FW,Brighton,eng Premier League,19.0,2007,1,0,13,0.1,0,0,0,0,0,0,0,0,0.00,0,0,,0.00,0.00,,,0,0,0,0,0,0,0,0,0,1,0,,,,,,,,,,,,,,
2003,Samuel Yohou,fr FRA,DF,Le Mans,fr Ligue 1,35.0,1991,2,1,106,1.2,0,0,0,0,0,0,0,0,0.00,0,0,,0.00,0.00,,,0,0,0,2,1,0,0,0,0,1,0,,,,,,,,,,,,,,
2004,Leny Yoro,fr FRA,DF,Manchester Utd,eng Premier League,20.0,2005,2,0,24,0.3,0,0,0,0,0,0,0,0,0.00,0,0,,0.00,0.00,,,0,0,0,1,2,0,0,0,0,1,0,,,,,,,,,,,,,,
2005,Seol Young-woo,kr KOR,"DF,MF",Augsburg,de Bundesliga,27.0,1998,3,0,34,0.4,0,1,1,0,0,0,0,0,2.65,0,0,,0.00,0.00,,,0,0,0,0,0,0,0,0,0,1,0,,,,,,,,,,,,,,
2006,Eloge Zabi,ci CIV,MF,Paris FC,fr Ligue 1,19.0,2006,3,0,43,0.5,0,1,1,0,0,0,0,0,2.09,2,0,0.0,4.19,0.00,0.00,,0,0,1,0,2,1,0,0,0,2,0,,,,,,,,,,,,,,
2007,Yassir Zabiri,ma MAR,FW,Racing Sant,es La Liga,21.0,2005,5,3,280,3.1,5,0,5,5,0,0,2,0,1.61,11,6,54.5,3.54,1.93,0.45,0.83,0,0,1,3,0,2,2,0,0,10,0,,,,,,,,,,,,,,
2008,Mattia Zaccagni,it ITA,FW,Lazio,it Serie A,31.0,1995,4,4,359,4.0,0,2,2,0,0,0,2,0,0.50,13,6,46.2,3.26,1.50,0.00,0.00,0,0,14,4,8,7,2,0,0,3,0,,,,,,,,,,,,,,
2009,Warren Zaïre-Emery,fr FRA,"MF,DF",Paris SG,fr Ligue 1,20.0,2006,4,4,288,3.2,0,0,0,0,0,0,0,0,0.00,4,1,25.0,1.25,0.31,0.00,0.00,0,0,4,3,1,3,0,0,0,2,0,,,,,,,,,,,,,,
2010,Denis Zakaria,ch SUI,MF,Monaco,fr Ligue 1,29.0,1996,4,4,360,4.0,0,0,0,0,0,0,1,0,0.00,4,2,50.0,1.00,0.50,0.00,0.00,0,0,1,4,3,3,1,0,0,5,0,,,,,,,,,,,,,,
2011,Arsen Zakharyan,ru RUS,"FW,MF",Real Sociedad,es La Liga,23.0,2003,2,0,10,0.1,0,0,0,0,0,0,0,0,0.00,0,0,,0.00,0.00,,,0,0,4,0,0,1,0,0,0,0,0,,,,,,,,,,,,,,
2012,Nicola Zalewski,pl POL,FW,Atalanta,it Serie A,24.0,2002,3,1,120,1.3,0,1,1,0,0,0,0,0,0.75,3,1,33.3,2.25,0.75,0.00,0.00,0,0,2,1,4,2,0,0,0,1,0,,,,,,,,,,,,,,
2013,Nicolò Zaniolo,it ITA,MF,Udinese,it Serie A,27.0,1999,1,1,89,1.0,0,0,0,0,0,0,0,0,0.00,3,0,0.0,3.03,0.00,0.00,,0,0,2,2,1,3,0,0,0,3,0,,,,,,,,,,,,,,
2014,Duván Zapata,co COL,FW,Torino,it Serie A,35.0,1991,1,0,8,0.1,0,0,0,0,0,0,0,0,0.00,0,0,,0.00,0.00,,,0,0,0,0,0,0,0,0,0,0,0,,,,,,,,,,,,,,
2015,Gabriele Zappa,it ITA,"DF,MF",Cagliari,it Serie A,26.0,1999,1,0,25,0.3,0,0,0,0,0,0,0,0,0.00,0,0,,0.00,0.00,,,0,0,2,0,0,0,0,0,0,0,0,,,,,,,,,,,,,,
2016,Davide Zappacosta,it ITA,DF,Atalanta,it Serie A,34.0,1992,3,2,198,2.2,0,0,0,0,0,0,0,0,0.00,2,0,0.0,0.91,0.00,0.00,,0,0,6,2,0,0,0,0,0,1,0,,,,,,,,,,,,,,
2017,Bryan Zaragoza,es ESP,"FW,MF",Espanyol,es La Liga,25.0,2001,2,0,27,0.3,0,0,0,0,0,0,0,0,0.00,0,0,,0.00,0.00,,,0,0,1,0,0,1,0,0,0,0,0,,,,,,,,,,,,,,
2018,Oier Zarraga,es ESP,MF,Udinese,it Serie A,27.0,1999,3,0,47,0.5,0,0,0,0,0,0,0,0,0.00,0,0,,0.00,0.00,,,0,0,0,0,0,2,0,0,0,0,0,,,,,,,,,,,,,,
2019,Exequiel Zeballos,ar ARG,"FW,MF",Monza,it Serie A,24.0,2002,1,0,27,0.3,1,0,1,1,0,0,0,0,3.33,2,1,50.0,6.67,3.33,0.50,1.00,0,0,1,1,0,0,0,0,0,3,0,,,,,,,,,,,,,,
2020,Robin Zentner,de GER,GK,Mainz 05,de Bundesliga,31.0,1994,2,2,180,2.0,0,0,0,0,0,0,0,0,0.00,0,0,,0.00,0.00,,,0,0,0,0,0,2,0,0,0,0,0,3,1.50,5,2,40.0,0,1,1,1,50.0,0,0,0,0
2021,Alessio Zerbin,it ITA,"FW,MF",Frosinone,it Serie A,27.0,1999,3,0,81,0.9,0,0,0,0,0,0,0,0,0.00,2,1,50.0,2.22,1.11,0.00,0.00,0,0,4,2,2,2,0,0,0,1,0,,,,,,,,,,,,,,
2022,Edon Zhegrova,xk KVX,MF,Juventus,it Serie A,27.0,1999,3,0,56,0.6,2,0,2,2,0,0,0,0,3.21,4,2,50.0,6.43,3.21,0.50,1.00,0,0,4,2,0,1,0,0,0,0,0,,,,,,,,,,,,,,
2023,Piotr Zieliński,pl POL,MF,Inter,it Serie A,32.0,1994,3,2,179,2.0,1,0,1,1,0,0,0,0,0.50,6,2,33.3,3.02,1.01,0.17,0.50,0,0,3,1,1,2,0,0,0,0,0,,,,,,,,,,,,,,
2024,Joshua Zirkzee,nl NED,FW,Manchester Utd,eng Premier League,25.0,2001,1,0,8,0.1,0,0,0,0,0,0,0,0,0.00,0,0,,0.00,0.00,,,0,0,1,0,0,0,0,0,0,0,0,,,,,,,,,,,,,,
2025,Luck Zogbé,ci CIV,DF,Brest,fr Ligue 1,21.0,2005,1,0,69,0.8,0,0,0,0,0,0,0,0,0.00,1,0,0.0,1.30,0.00,0.00,,0,0,3,0,4,1,0,0,0,2,0,,,,,,,,,,,,,,
2026,Nadir Zortea,it ITA,DF,Bologna,it Serie A,27.0,1999,2,1,87,1.0,0,0,0,0,0,0,0,0,0.00,1,0,0.0,1.03,0.00,0.00,,0,0,1,3,0,0,0,0,0,0,0,,,,,,,,,,,,,,
2027,Aristide Zossou,ci CIV,FW,Auxerre,fr Ligue 1,21.0,2005,3,1,120,1.3,0,0,0,0,0,0,0,0,0.00,2,0,0.0,1.50,0.00,0.00,,0,0,5,1,1,0,0,0,0,2,0,,,,,,,,,,,,,,
2028,Yanis Zouaoui,dz ALG,MF,Le Havre,fr Ligue 1,28.0,1998,1,1,39,0.4,0,0,0,0,0,0,0,0,0.00,0,0,,0.00,0.00,,,0,0,5,0,1,1,0,0,0,1,0,,,,,,,,,,,,,,
2029,Igor Zubeldia,es ESP,DF,Real Sociedad,es La Liga,29.0,1997,5,4,394,4.4,0,0,0,0,0,0,2,0,0.00,0,0,,0.00,0.00,,,0,0,0,7,6,1,2,0,0,3,0,,,,,,,,,,,,,,
2030,Martín Zubimendi,es ESP,MF,Arsenal,eng Premier League,27.0,1999,4,0,63,0.7,0,0,0,0,0,0,0,0,0.00,1,0,0.0,1.43,0.00,0.00,,0,0,0,2,3,0,0,0,0,3,0,,,,,,,,,,,,,,
2031,Adam Zulevic,sk SVK,FW,Genoa,it Serie A,19.0,2007,1,0,4,0.0,0,0,0,0,0,0,0,0,0.00,0,0,,0.00,0.00,,,0,0,0,0,0,0,0,0,0,1,0,,,,,,,,,,,,,,
2032,Martin Ødegaard,no NOR,MF,Arsenal,eng Premier League,27.0,1998,4,4,306,3.4,2,0,2,2,0,0,0,0,0.59,6,2,33.3,1.76,0.59,0.33,1.00,0,0,6,4,1,6,0,0,0,0,0,,,,,,,,,,,,,,
2033,Leo Østigård,no NOR,DF,Genoa,it Serie A,26.0,1999,4,4,335,3.7,0,0,0,0,0,0,3,0,0.00,2,1,50.0,0.54,0.27,0.00,0.00,0,0,0,5,4,1,3,0,0,6,0,,,,,,,,,,,,,,
2034,Luka Đurić,rs SRB,MF,Paderborn 07,de Bundesliga,23.0,2003,1,0,14,0.2,0,0,0,0,0,0,0,0,0.00,0,0,,0.00,0.00,,,0,0,0,0,0,1,0,0,0,0,0,,,,,,,,,,,,,,
